time,latitude,longitude,depth,mag
2014-01-01T00:01:16,19.087,120.239,10.1,5.1
2014-01-01T16:03:29,-13.863,167.249,187.0,6.5
2014-01-02T03:13:54,27.15,54.448,8.0,5.2
2014-01-02T09:56:17,10.409,126.354,54.1,5.0
2014-01-02T19:02:24,19.155,120.217,15.2,5.0
2014-01-02T19:30:53,19.274,120.176,14.1,5.3
2014-01-03T10:24:33,19.146,120.169,10.0,5.1
2014-01-03T18:34:01,-22.071,-175.602,10.6,5.0
2014-01-03T20:34:03,-7.101,155.983,59.2,5.2
2014-01-04T00:11:48,-20.687,-70.795,26.1,5.7
2014-01-04T02:58:44,-10.902,163.733,3.6,5.3
2014-01-04T05:23:00,36.97,143.382,22.0,5.5
2014-01-04T19:34:25,56.746,129.533,1.0,5.3
2014-01-04T21:43:34,-13.619,-111.396,11.0,5.2
2014-01-05T03:36:40,4.557,-76.644,53.9,5.5
2014-01-05T11:32:11,-5.933,105.354,56.9,5.1
2014-01-05T11:44:11,3.198,128.359,55.2,5.1
2014-01-05T14:41:30,3.178,128.346,55.2,5.1
2014-01-05T21:29:33,-6.994,128.427,39.0,5.3
2014-01-06T01:25:07,-20.552,172.609,15.5,5.4
2014-01-06T03:59:02,-20.774,-70.652,26.6,5.1
2014-01-06T16:02:11,-1.116,-23.596,10.0,5.1
2014-01-06T17:00:58,-37.287,52.208,10.0,5.0
2014-01-06T18:49:40,25.433,122.767,235.3,5.1
2014-01-07T03:43:23,-20.989,-69.729,97.3,5.3
2014-01-07T06:07:56,54.811,-160.084,39.8,5.2
2014-01-07T07:03:27,-59.549,-26.224,104.8,5.0
2014-01-07T12:06:09,-44.422,-79.236,10.0,5.0
2014-01-07T16:52:31,-21.91,-176.619,160.5,5.1
2014-01-07T23:02:53,-4.531,-106.072,10.0,5.7
2014-01-07T23:09:05,-4.474,-105.934,10.0,5.0
2014-01-08T04:22:10,-20.75,-70.633,20.0,5.7
2014-01-08T16:50:31,46.65,153.048,55.4,5.0
2014-01-08T18:15:12,24.607,123.454,77.1,5.3
2014-01-09T04:31:54,42.043,142.689,64.2,5.0
2014-01-09T06:39:33,-11.592,166.524,58.0,5.8
2014-01-09T07:15:57,-3.174,134.453,10.0,5.0
2014-01-09T08:31:29,26.75,53.95,15.0,5.0
2014-01-09T12:50:18,2.974,-75.843,26.2,5.0
2014-01-09T16:16:51,-6.956,105.428,42.8,5.0
2014-01-09T18:38:28,-20.452,172.488,14.9,5.4
2014-01-09T20:57:43,23.182,-80.728,10.0,5.0
2014-01-10T02:22:55,-31.313,-179.573,211.0,5.6
2014-01-10T18:03:01,48.255,154.026,80.6,5.3
2014-01-11T04:12:56,37.827,20.95,0.0,5.0
2014-01-11T12:51:44,-16.841,167.481,10.0,5.0
2014-01-11T13:10:51,14.644,-92.059,78.0,5.5
2014-01-11T14:50:59,26.238,-44.517,10.0,5.0
2014-01-11T18:35:46,25.489,126.319,41.6,5.0
2014-01-12T13:07:50,5.788,125.59,136.4,5.0
2014-01-13T04:01:03,19.043,-66.81,20.0,6.4
2014-01-14T13:55:02,40.281,52.877,49.0,5.2
2014-01-14T14:59:35,-16.408,-173.28,10.0,5.3
2014-01-14T15:41:08,36.55,71.518,107.2,5.1
2014-01-14T17:23:49,-32.193,-177.813,9.1,5.0
2014-01-15T08:38:08,-31.136,-68.121,104.7,5.2
2014-01-16T01:12:17,40.115,142.818,51.8,5.1
2014-01-16T03:41:46,-11.929,166.629,150.4,5.0
2014-01-16T04:48:54,1.392,126.475,44.9,5.0
2014-01-16T07:33:09,51.17,-179.225,27.0,5.5
2014-01-16T07:45:37,51.114,-179.118,25.2,5.0
2014-01-16T08:14:47,73.766,8.629,10.0,5.3
2014-01-16T20:02:45,-54.073,6.936,10.0,5.2
2014-01-16T21:38:00,-53.99,6.981,10.0,5.2
2014-01-16T22:56:08,27.972,129.45,42.4,5.0
2014-01-17T21:02:41,9.511,-84.857,18.9,5.2
2014-01-18T05:00:42,28.902,142.349,14.0,5.3
2014-01-18T22:19:28,26.323,-44.51,10.0,5.4
2014-01-18T23:01:33,26.397,-44.453,10.0,5.0
2014-01-19T04:30:53,-8.939,-107.92,10.0,5.3
2014-01-19T15:54:38,-5.928,149.409,76.1,5.1
2014-01-19T15:58:01,-2.477,139.905,51.7,5.1
2014-01-20T02:52:44,-40.66,175.814,28.0,6.1
2014-01-20T15:33:13,9.014,138.229,22.4,5.2
2014-01-21T01:29:07,-15.144,-174.681,6.1,6.1
2014-01-21T10:50:01,49.163,156.063,43.8,5.2
2014-01-21T20:47:11,-20.026,-173.361,10.0,5.1
2014-01-22T03:41:29,-15.109,-174.69,11.3,5.5
2014-01-22T10:20:30,-20.487,172.52,10.0,5.6
2014-01-23T00:52:15,-7.104,120.315,579.0,5.5
2014-01-23T02:36:34,-7.77,129.293,78.6,5.1
2014-01-23T04:59:49,13.356,146.134,7.0,5.8
2014-01-23T05:23:59,13.394,146.176,10.0,5.7
2014-01-23T19:54:59,18.069,119.856,13.5,5.0
2014-01-24T14:31:24,-6.63,130.588,60.3,5.3
2014-01-24T18:06:34,-21.338,-173.955,3.2,5.0
2014-01-25T05:14:18,-7.986,109.265,66.0,6.1
2014-01-25T05:25:16,-8.001,109.3,84.5,5.2
2014-01-25T17:00:05,-7.921,155.917,8.6,5.4
2014-01-26T03:25:30,-10.936,163.914,30.8,5.2
2014-01-26T05:10:27,-3.851,-80.858,11.0,5.3
2014-01-26T05:22:02,-17.178,168.362,35.4,5.0
2014-01-26T10:39:32,-15.131,-173.513,10.0,5.2
2014-01-26T12:38:37,23.001,95.908,12.4,5.2
2014-01-26T13:55:42,38.208,20.453,8.0,6.1
2014-01-26T13:57:19,38.289,20.565,10.0,5.6
2014-01-26T17:57:47,13.513,121.853,45.5,5.1
2014-01-26T18:45:07,38.238,20.418,21.7,5.4
2014-01-26T19:54:58,-4.718,134.033,12.8,5.0
2014-01-27T02:28:56,-41.183,-89.791,10.0,5.1
2014-01-27T02:36:35,-4.392,153.096,39.9,5.1
2014-01-27T16:14:00,-8.045,109.293,87.8,5.0
2014-01-27T16:31:09,-11.828,165.239,14.1,5.3
2014-01-27T16:42:37,-19.259,-63.919,600.2,5.6
2014-01-28T11:49:11,26.897,127.076,99.8,5.1
2014-01-28T20:34:04,56.61,-34.296,6.3,5.0
2014-01-28T22:22:14,56.74,-34.507,10.0,5.3
2014-01-28T23:17:41,56.626,-34.274,10.1,5.0
2014-01-29T00:32:28,-9.595,161.228,41.0,5.6
2014-01-29T10:01:50,-18.509,-69.374,120.0,5.6
2014-01-29T13:46:50,23.843,93.958,59.1,5.1
2014-01-29T18:26:48,-22.251,-69.01,92.7,5.0
2014-01-31T16:39:06,54.666,159.562,169.2,5.1
2014-02-01T00:00:49,51.074,-178.063,11.0,5.0
2014-02-01T03:58:43,-56.827,-27.339,130.0,6.1
2014-02-01T09:17:27,-55.179,-126.492,10.2,5.3
2014-02-01T10:06:22,-4.649,-105.074,10.2,5.4
2014-02-01T20:00:01,-11.467,166.28,46.0,5.7
2014-02-01T20:13:32,-5.131,68.592,13.3,5.0
2014-02-02T02:59:23,-1.315,126.283,42.2,5.1
2014-02-02T05:41:17,-25.213,-177.479,138.4,5.0
2014-02-02T08:57:09,-15.909,-74.021,44.0,5.1
2014-02-02T09:26:37,-32.908,-177.881,44.3,6.5
2014-02-02T14:26:45,26.589,57.741,10.0,5.3
2014-02-02T18:12:02,-33.698,-178.137,35.0,5.1
2014-02-02T18:51:09,20.239,120.262,10.0,5.2
2014-02-02T23:44:01,12.285,95.059,34.2,5.2
2014-02-03T03:08:46,38.264,20.39,5.0,6.0
2014-02-03T04:25:59,-4.898,153.74,109.0,5.6
2014-02-03T20:37:15,-7.218,128.279,17.6,5.2
2014-02-03T22:36:37,-7.192,128.172,7.0,5.8
2014-02-03T23:54:11,-7.23,128.246,10.0,5.0
2014-02-04T00:27:05,-7.201,128.254,10.0,5.0
2014-02-04T01:05:30,-7.422,128.418,10.0,5.1
2014-02-04T06:55:44,-18.051,-175.301,196.3,5.0
2014-02-04T18:49:15,13.361,144.128,121.0,5.2
2014-02-04T20:19:02,-1.927,152.139,10.7,5.1
2014-02-05T11:51:05,-21.377,-69.517,39.6,5.0
2014-02-05T15:04:04,-21.236,-174.189,10.0,5.3
2014-02-05T17:32:14,38.685,142.363,48.5,5.3
2014-02-05T20:52:33,-61.394,154.454,10.0,5.9
2014-02-05T22:53:05,-20.395,169.257,48.2,5.5
2014-02-06T05:47:02,-11.549,166.402,50.2,5.5
2014-02-06T08:27:31,-21.898,-177.887,366.8,5.0
2014-02-06T11:32:27,24.807,125.332,43.0,5.0
2014-02-06T20:29:08,-6.624,129.077,205.2,5.1
2014-02-07T08:40:13,-15.069,167.372,122.0,6.5
2014-02-07T16:56:39,-30.483,-177.889,10.0,5.0
2014-02-07T17:18:34,37.562,141.362,62.0,5.2
2014-02-07T20:37:10,6.691,-72.958,159.1,5.2
2014-02-08T02:34:23,37.087,141.12,51.8,5.0
2014-02-08T05:40:13,-9.678,159.665,40.9,5.1
2014-02-08T19:50:36,-60.426,-45.191,23.9,5.7
2014-02-09T14:56:39,-5.965,154.435,41.8,6.0
2014-02-09T17:53:00,-15.059,-71.923,108.2,5.0
2014-02-10T04:13:44,-38.443,-73.194,38.0,5.0
2014-02-10T09:38:04,39.617,143.525,30.6,5.0
2014-02-10T11:00:10,-22.174,-68.757,104.5,5.2
2014-02-10T11:41:42,-37.072,-96.487,10.0,5.0
2014-02-10T12:06:47,40.288,48.803,64.7,5.4
2014-02-10T13:15:08,-21.204,-174.169,10.0,5.0
2014-02-10T18:06:17,-8.208,124.528,18.6,5.5
2014-02-10T19:14:39,34.156,139.946,93.6,5.3
2014-02-11T01:15:26,33.878,89.222,10.0,5.2
2014-02-11T02:14:55,35.995,82.487,10.0,5.2
2014-02-11T10:16:57,-6.178,130.814,72.0,5.0
2014-02-12T00:09:37,-15.037,167.335,120.9,5.2
2014-02-12T09:19:49,35.905,82.586,10.0,6.9
2014-02-12T09:24:43,35.822,82.467,10.0,5.7
2014-02-12T11:43:10,-22.354,-68.813,99.9,5.6
2014-02-12T13:35:23,-34.748,-71.617,44.9,5.2
2014-02-12T19:22:53,-20.625,169.853,12.3,5.6
2014-02-13T15:41:08,-6.132,133.388,43.2,5.0
2014-02-13T18:57:35,9.194,58.161,10.0,5.2
2014-02-14T07:44:15,-22.955,-114.33,12.0,5.6
2014-02-15T07:31:19,38.3,20.39,25.3,5.0
2014-02-16T14:22:05,-6.945,146.84,86.4,5.1
2014-02-17T00:34:34,-31.712,-71.802,32.4,5.1
2014-02-17T01:06:04,-30.091,-177.782,34.2,5.4
2014-02-17T05:27:36,-22.38,-174.939,6.0,5.4
2014-02-17T05:55:59,18.528,120.43,20.2,5.5
2014-02-17T09:41:36,6.537,-71.7,42.9,5.4
2014-02-17T13:59:38,53.534,-163.579,28.7,5.0
2014-02-18T03:34:12,1.754,122.883,43.3,5.3
2014-02-18T08:14:42,-34.798,-179.418,27.0,5.6
2014-02-18T09:27:13,14.668,-58.927,14.8,6.5
2014-02-18T10:12:15,-4.923,153.776,112.2,5.8
2014-02-18T12:35:57,18.15,119.844,19.0,5.0
2014-02-18T14:16:18,-5.642,148.242,50.7,5.0
2014-02-18T16:15:38,-5.269,152.158,52.6,5.1
2014-02-18T23:35:58,-14.165,-75.6,57.0,5.9
2014-02-19T11:10:12,9.614,-69.667,10.0,5.3
2014-02-19T12:49:06,52.188,143.464,15.2,5.1
2014-02-20T04:09:55,-14.167,-14.551,10.0,5.3
2014-02-20T05:18:22,-32.304,-178.815,35.0,5.2
2014-02-20T16:28:50,-36.407,-39.586,14.8,5.0
2014-02-21T17:51:42,-30.584,-177.977,50.8,5.0
2014-02-22T17:27:59,1.076,97.236,28.0,5.1
2014-02-22T17:29:48,1.207,97.262,12.5,5.3
2014-02-22T22:39:32,-60.244,-47.275,10.0,5.5
2014-02-23T04:54:18,43.508,147.769,19.6,5.3
2014-02-23T15:06:51,-1.102,120.202,20.0,5.3
2014-02-23T19:43:37,-5.88,147.792,129.1,5.1
2014-02-23T21:21:15,-9.817,117.957,33.7,5.0
2014-02-24T21:56:01,0.561,126.193,30.4,5.3
2014-02-24T23:26:55,4.131,62.876,4.0,5.6
2014-02-24T23:32:47,4.133,62.633,10.0,5.6
2014-02-24T23:43:56,3.774,62.531,10.0,5.1
2014-02-24T23:47:06,4.059,62.6,10.0,5.5
2014-02-24T23:59:45,4.225,62.523,10.0,5.5
2014-02-25T01:49:04,0.602,120.504,89.3,5.0
2014-02-25T02:01:24,4.357,62.562,10.0,5.4
2014-02-25T04:42:39,-0.344,125.156,62.8,5.0
2014-02-25T15:43:31,-59.403,-59.973,15.0,5.1
2014-02-25T21:16:38,-62.983,-162.261,10.0,5.1
2014-02-26T21:13:40,53.605,-171.821,265.0,6.1
2014-02-27T05:10:58,-59.46,-59.772,10.0,5.3
2014-02-28T02:28:36,20.182,120.323,10.0,5.0
2014-02-28T02:48:08,-15.785,-13.068,10.0,5.2
2014-02-28T05:50:39,7.302,94.259,102.5,5.1
2014-02-28T15:30:49,-52.543,25.952,10.0,5.0
2014-02-28T19:41:15,-28.415,-176.717,9.0,5.1
2014-03-01T02:16:38,32.184,-40.255,10.0,5.2
2014-03-02T08:50:02,0.228,126.268,26.3,5.0
2014-03-02T09:37:54,12.556,-87.688,60.0,6.2
2014-03-02T09:41:23,12.419,-87.815,71.8,5.0
2014-03-02T10:12:21,-45.693,-76.547,10.0,5.2
2014-03-02T11:14:39,-45.767,-76.598,10.0,5.3
2014-03-02T15:42:01,-21.263,-174.078,10.0,5.3
2014-03-02T16:18:28,-45.829,-76.676,10.0,5.1
2014-03-02T17:03:41,-45.721,-76.609,10.0,5.4
2014-03-02T19:38:56,-6.286,154.844,45.0,5.8
2014-03-02T20:11:23,27.431,127.367,119.0,6.5
2014-03-02T22:17:14,14.183,-93.154,18.5,6.0
2014-03-02T22:26:07,14.18,-93.23,10.0,5.1
2014-03-03T02:27:30,26.289,127.354,58.5,5.2
2014-03-03T03:17:47,-33.056,-71.94,31.7,5.1
2014-03-03T16:10:41,-17.809,-178.669,565.4,5.1
2014-03-04T05:49:06,30.828,141.048,54.6,5.0
2014-03-04T10:51:15,-33.605,-71.957,20.0,5.7
2014-03-04T10:56:34,-33.63,-71.895,18.5,5.1
2014-03-05T09:56:57,-14.738,169.823,638.0,6.3
2014-03-05T17:34:19,-14.795,167.255,109.6,5.6
2014-03-05T22:27:06,-5.752,154.121,33.0,5.6
2014-03-06T00:23:19,-0.182,122.91,140.9,5.1
2014-03-06T03:24:19,51.801,176.138,43.8,5.0
2014-03-06T04:37:05,-33.333,-71.28,59.7,5.3
2014-03-06T05:42:37,18.575,145.563,210.0,5.3
2014-03-06T10:23:59,-7.638,117.129,299.2,5.1
2014-03-06T14:31:44,-21.443,-178.822,548.2,5.0
2014-03-06T23:47:01,-60.715,-27.038,10.0,5.1
2014-03-07T05:17:28,-6.267,151.052,31.4,5.0
2014-03-07T05:57:50,-15.57,-177.279,11.7,5.4
2014-03-07T10:04:52,-28.152,-176.644,27.0,5.7
2014-03-07T13:22:08,-27.996,-176.794,10.0,5.0
2014-03-07T16:14:53,-4.556,103.812,117.8,5.3
2014-03-07T21:23:22,-6.282,147.828,43.4,5.1
2014-03-08T03:37:52,-4.219,133.696,10.0,5.2
2014-03-08T07:14:10,-53.193,9.464,12.0,5.4
2014-03-08T18:29:08,-60.652,-19.056,9.2,5.4
2014-03-08T18:56:53,0.31,126.209,5.9,5.2
2014-03-08T20:56:55,-10.274,161.398,76.9,5.3
2014-03-09T12:16:34,-5.547,147.631,243.9,5.0
2014-03-09T13:42:18,-8.894,113.077,79.0,5.3
2014-03-09T16:02:59,19.194,95.721,24.9,5.1
2014-03-09T16:12:15,-15.204,-175.655,332.0,5.1
2014-03-09T20:29:52,1.658,-79.354,6.0,5.6
2014-03-10T00:38:15,16.041,-98.336,8.4,5.8
2014-03-10T05:18:13,40.829,-125.134,16.4,6.8
2014-03-10T13:28:21,-14.476,167.434,196.0,5.1
2014-03-10T17:31:31,-6.966,129.841,120.6,5.0
2014-03-10T17:33:29,-5.48,147.955,260.0,5.9
2014-03-11T02:44:05,-60.862,-19.978,10.0,6.4
2014-03-11T17:42:01,0.59,-27.018,12.9,5.1
2014-03-11T20:04:31,35.722,140.16,58.5,5.0
2014-03-11T22:03:09,-3.086,148.553,7.0,6.1
2014-03-12T00:31:44,44.311,-129.081,10.0,5.1
2014-03-12T19:25:41,-23.593,-175.086,14.9,5.6
2014-03-12T20:10:31,-23.139,-175.284,10.0,5.0
2014-03-13T06:09:22,-23.282,-175.307,10.0,5.1
2014-03-13T13:20:59,51.208,-179.109,25.8,5.4
2014-03-13T17:06:50,33.684,131.825,79.0,6.3
2014-03-13T17:12:32,-60.764,-19.694,10.0,5.3
2014-03-13T19:11:34,41.904,-126.898,10.0,5.5
2014-03-14T03:22:34,-2.994,129.73,27.3,5.1
2014-03-14T13:38:06,7.763,94.313,10.0,5.5
2014-03-14T17:34:38,-41.13,-90.958,16.0,5.0
2014-03-14T17:49:22,-0.034,67.214,13.4,5.0
2014-03-14T20:32:09,-53.51,25.238,11.3,5.5
2014-03-15T02:59:28,13.767,57.112,10.0,5.2
2014-03-15T08:59:21,-14.085,-76.311,20.0,6.1
2014-03-15T09:37:27,-3.99,100.428,14.0,5.3
2014-03-15T10:55:11,10.575,126.699,10.0,5.3
2014-03-15T10:58:46,2.838,99.072,171.6,5.4
2014-03-15T14:46:28,-34.742,-71.784,44.6,5.1
2014-03-15T23:51:32,-5.574,-80.971,29.0,6.3
2014-03-16T01:00:14,-7.448,126.026,423.7,5.0
2014-03-16T21:16:29,-19.981,-70.702,20.0,6.7
2014-03-16T21:26:24,-19.927,-70.767,19.4,5.0
2014-03-17T00:12:09,-20.028,-70.683,10.0,5.1
2014-03-17T01:34:55,-19.956,-70.86,10.0,5.2
2014-03-17T05:11:34,-20.017,-70.884,21.0,6.4
2014-03-17T05:19:34,-19.964,-70.848,10.0,5.0
2014-03-17T05:21:36,-19.983,-70.794,10.0,5.1
2014-03-17T05:30:10,9.595,125.35,50.2,5.1
2014-03-17T08:32:35,-19.985,-70.758,8.0,5.2
2014-03-17T09:02:52,36.935,141.472,30.2,5.0
2014-03-17T13:12:55,24.106,122.422,22.4,5.4
2014-03-17T13:24:48,-53.168,-32.316,6.0,5.8
2014-03-18T02:26:08,-54.726,-124.826,10.0,5.1
2014-03-18T05:06:21,-5.33,152.907,35.0,5.0
2014-03-18T14:35:56,-20.193,-70.794,14.0,5.0
2014-03-18T21:26:45,-19.926,-70.796,3.3,5.8
2014-03-18T21:33:06,-19.983,-70.914,9.1,5.1
2014-03-19T00:34:15,-5.298,152.906,20.0,5.8
2014-03-19T12:19:26,24.109,122.261,20.0,5.8
2014-03-19T14:38:09,-6.048,130.642,124.3,5.2
2014-03-19T16:00:23,-27.884,-177.129,30.7,5.8
2014-03-19T20:17:43,-60.731,-25.329,10.0,5.5
2014-03-20T17:01:21,-5.167,152.811,35.0,5.4
2014-03-20T17:55:52,11.548,-87.14,47.1,5.0
2014-03-20T18:41:31,-24.027,-69.062,93.2,5.1
2014-03-20T18:44:14,-5.251,152.79,26.2,5.6
2014-03-20T21:15:10,-5.188,152.834,27.0,5.8
2014-03-20T21:33:00,-9.653,114.278,51.4,5.0
2014-03-21T13:41:09,7.745,94.334,21.5,6.4
2014-03-21T14:11:13,7.542,94.27,10.0,5.5
2014-03-21T14:13:29,7.323,94.174,10.0,5.1
2014-03-21T14:25:08,7.504,94.185,10.0,5.2
2014-03-21T14:45:51,7.588,94.311,10.0,5.1
2014-03-21T21:03:41,7.445,94.296,10.0,5.2
2014-03-22T00:58:09,30.44,-114.063,12.5,5.3
2014-03-22T12:58:16,35.848,82.302,10.0,5.1
2014-03-22T12:59:59,-19.762,-70.874,20.0,6.2
2014-03-22T13:14:58,-19.77,-70.88,24.0,5.2
2014-03-22T13:29:58,-19.716,-70.952,17.0,5.6
2014-03-22T14:18:47,29.267,139.373,420.3,5.4
2014-03-22T20:46:50,3.558,127.067,53.4,5.2
2014-03-22T22:14:58,-19.695,-71.006,21.0,5.0
2014-03-23T04:31:01,-20.674,-178.811,606.9,5.9
2014-03-23T04:31:28,-20.666,-178.782,622.4,5.4
2014-03-23T18:20:01,-19.69,-70.854,21.0,6.3
2014-03-23T20:23:03,-19.877,-70.863,16.6,5.1
2014-03-23T22:04:26,-19.819,-70.791,23.3,5.1
2014-03-23T23:43:45,-55.433,-125.595,10.0,5.1
2014-03-24T11:26:39,-19.824,-70.765,22.0,5.7
2014-03-24T11:32:15,-19.787,-70.807,17.8,5.2
2014-03-24T11:40:43,-19.829,-70.882,15.2,5.6
2014-03-24T12:32:50,-19.788,-70.808,17.8,5.0
2014-03-24T15:33:53,-25.169,-70.694,40.6,5.0
2014-03-24T15:45:31,-19.593,-70.821,17.0,5.7
2014-03-24T18:43:12,-19.606,-70.742,21.9,5.0
2014-03-25T00:15:12,-19.794,-70.826,15.4,5.2
2014-03-25T09:56:31,-2.252,-79.28,35.0,5.3
2014-03-25T14:38:24,-17.527,-70.458,85.1,5.1
2014-03-25T17:37:48,52.575,-177.156,210.8,5.2
2014-03-25T19:56:14,-6.087,154.912,181.6,5.1
2014-03-26T03:29:35,-26.169,179.288,495.0,6.3
2014-03-26T08:49:41,28.19,131.511,10.0,5.5
2014-03-26T11:11:14,1.52,126.298,35.0,5.0
2014-03-26T20:47:51,1.754,127.515,146.8,5.4
2014-03-27T03:49:42,-12.099,166.589,98.0,6.0
2014-03-27T04:00:15,4.191,86.725,13.0,5.4
2014-03-27T08:09:10,-56.104,-124.71,10.0,5.1
2014-03-27T23:50:52,-29.165,-68.746,10.0,5.7
2014-03-28T00:10:40,-29.19,-68.804,27.6,5.2
2014-03-28T10:24:12,37.244,71.242,101.1,5.2
2014-03-28T14:36:08,11.649,-86.553,46.0,5.6
2014-03-28T14:37:12,-17.054,-176.779,10.0,5.5
2014-03-28T14:54:42,-17.31,-176.802,10.0,5.2
2014-03-28T16:14:57,-5.594,153.024,10.0,5.1
2014-03-28T20:48:01,29.959,-42.543,9.5,5.0
2014-03-29T01:53:57,36.322,141.838,20.0,5.4
2014-03-29T04:09:42,33.932,-117.916,5.1,5.1
2014-03-29T07:46:50,-0.848,-21.92,12.0,5.9
2014-03-29T16:24:46,30.837,110.787,19.7,5.1
2014-03-30T01:32:54,62.219,-151.222,82.3,5.0
2014-03-30T17:10:14,31.396,86.462,13.5,5.3
2014-03-31T01:01:19,-39.97,176.552,17.3,5.1
2014-03-31T09:53:13,-12.58,167.011,239.6,5.1
2014-03-31T12:53:06,-19.511,-69.174,114.5,5.6
2014-03-31T13:40:58,-8.303,146.984,4.0,5.6
2014-03-31T19:48:36,36.937,124.462,17.9,5.0
2014-04-01T23:13:05,-46.736,-10.508,10.0,5.3
2014-04-01T23:46:47,-19.61,-70.769,25.0,8.2
2014-04-01T23:57:31,-20.051,-70.567,25.8,5.0
2014-04-01T23:57:58,-19.893,-70.946,28.4,6.9
2014-04-01T23:59:57,-19.493,-70.166,21.6,5.8
2014-04-02T00:03:13,-19.783,-70.719,20.7,5.7
2014-04-02T00:04:50,-19.548,-70.727,10.0,5.6
2014-04-02T00:06:43,-19.703,-70.944,10.0,5.6
2014-04-02T00:11:20,-19.61,-70.932,22.0,5.1
2014-04-02T00:14:20,-19.956,-70.995,10.0,5.3
2014-04-02T00:18:51,-19.922,-70.743,16.8,5.1
2014-04-02T00:24:45,-19.915,-70.678,11.4,5.2
2014-04-02T00:33:43,-20.276,-70.645,5.0,5.4
2014-04-02T00:37:49,-19.99,-70.568,20.1,5.4
2014-04-02T01:20:58,-19.589,-71.013,19.0,5.2
2014-04-02T01:29:41,-20.039,-70.968,12.1,5.1
2014-04-02T02:51:28,-10.837,164.071,23.9,5.0
2014-04-02T03:40:15,-19.932,-70.958,10.0,5.4
2014-04-02T04:19:47,-19.846,-70.994,10.0,5.2
2014-04-02T04:46:18,-20.076,-70.832,16.5,5.5
2014-04-02T05:02:52,-19.689,-71.003,10.0,5.4
2014-04-02T06:29:16,-20.125,-70.83,16.0,5.1
2014-04-02T08:25:52,-20.205,-70.765,17.0,5.0
2014-04-02T11:07:32,-20.011,-70.938,15.0,5.4
2014-04-02T11:11:34,-19.988,-70.952,17.0,5.1
2014-04-02T16:13:26,7.94,-82.34,25.0,6.0
2014-04-02T19:45:51,-20.352,-70.45,26.9,5.3
2014-04-02T23:22:47,39.165,141.805,58.1,5.5
2014-04-03T00:01:16,-19.682,-71.176,25.5,5.0
2014-04-03T01:58:30,-20.311,-70.576,24.1,6.5
2014-04-03T02:43:13,-20.571,-70.493,22.4,7.7
2014-04-03T02:56:05,-20.747,-70.531,10.0,5.5
2014-04-03T02:59:53,-20.531,-70.458,35.0,5.0
2014-04-03T03:11:14,-20.64,-70.733,10.0,5.5
2014-04-03T03:11:31,-20.535,-70.534,10.0,5.4
2014-04-03T04:17:55,-20.617,-70.722,10.0,5.2
2014-04-03T05:19:05,-20.503,-70.521,24.5,5.1
2014-04-03T05:26:15,-20.797,-70.586,25.0,6.4
2014-04-03T05:34:31,-20.454,-70.55,19.4,5.0
2014-04-03T05:51:44,-20.759,-70.417,29.0,5.3
2014-04-03T06:54:31,-20.627,-70.675,15.8,5.0
2014-04-03T09:18:26,-34.675,54.212,10.0,5.0
2014-04-03T09:23:22,-20.523,-70.715,19.0,5.4
2014-04-03T09:30:24,-5.242,102.28,44.1,5.7
2014-04-03T12:56:36,-18.014,-178.437,576.4,5.3
2014-04-04T01:37:50,-20.643,-70.654,13.7,6.3
2014-04-04T09:38:55,-20.055,-71.028,10.8,5.2
2014-04-04T09:52:08,-31.504,-70.323,96.2,5.4
2014-04-04T11:40:32,-10.536,161.703,57.0,6.0
2014-04-04T20:08:06,37.283,23.871,107.0,5.6
2014-04-04T21:52:10,-53.543,24.867,10.0,5.2
2014-04-04T22:40:35,28.174,103.619,24.7,5.4
2014-04-05T01:16:18,39.194,142.564,29.7,5.2
2014-04-05T02:22:38,-32.8,-71.58,40.2,5.6
2014-04-05T03:34:37,-3.794,142.039,59.6,5.3
2014-04-05T04:05:03,-20.751,-70.669,22.0,5.0
2014-04-05T05:44:56,-20.149,-70.555,24.2,5.2
2014-04-06T08:13:58,-19.162,-173.53,10.0,5.2
2014-04-06T14:06:08,-20.407,-71.013,10.0,5.2
2014-04-07T07:48:28,53.099,171.011,24.6,5.3
2014-04-07T09:34:50,50.428,156.263,93.9,5.4
2014-04-07T13:43:21,-20.127,-70.851,8.0,5.7
2014-04-07T13:47:33,-20.129,-70.788,9.7,5.4
2014-04-07T14:03:43,-20.124,-70.898,10.0,5.1
2014-04-07T15:27:32,-8.242,-71.581,560.9,5.1
2014-04-08T10:14:31,-20.512,-70.923,6.0,5.6
2014-04-09T08:28:48,-49.854,-114.28,10.0,5.6
2014-04-09T08:32:37,-9.845,154.989,22.9,5.1
2014-04-09T11:14:43,-20.601,-70.803,9.9,5.2
2014-04-09T20:29:03,-14.68,-176.047,330.2,5.2
2014-04-09T20:29:11,-54.146,-133.994,10.0,5.3
2014-04-09T20:30:41,-54.143,-133.939,10.0,5.4
2014-04-09T20:38:54,-54.1,-134.077,10.0,5.0
2014-04-10T17:49:10,-20.023,-70.947,13.3,5.0
2014-04-10T18:19:13,-3.833,141.244,60.9,5.0
2014-04-10T20:19:18,-15.278,-173.989,50.8,5.0
2014-04-10T22:27:08,-19.244,-173.371,4.0,5.8
2014-04-10T23:27:45,12.403,-86.378,13.0,6.1
2014-04-11T00:01:23,12.112,-86.459,10.7,5.3
2014-04-11T00:01:45,-20.659,-70.647,13.8,6.2
2014-04-11T01:08:05,-33.395,-72.038,34.8,5.0
2014-04-11T07:07:23,-6.586,155.048,60.5,7.1
2014-04-11T07:31:18,-7.046,155.481,10.0,5.2
2014-04-11T07:33:00,-6.999,155.495,35.0,5.4
2014-04-11T08:16:45,-6.788,154.95,20.0,6.5
2014-04-11T08:23:46,-6.883,155.005,56.6,5.1
2014-04-11T08:31:47,-6.866,154.976,50.2,5.2
2014-04-11T10:30:28,-6.877,155.137,16.1,5.1
2014-04-11T12:00:51,-20.073,-70.556,22.3,5.0
2014-04-11T12:55:17,-6.88,154.975,9.6,5.7
2014-04-11T14:22:06,-56.926,-24.502,10.0,5.1
2014-04-11T14:33:43,-6.72,154.963,20.1,5.7
2014-04-11T18:56:14,-6.837,154.873,12.7,5.0
2014-04-11T20:29:12,11.642,-85.878,135.0,6.6
2014-04-11T21:22:30,-1.177,-24.349,10.0,5.0
2014-04-12T04:00:53,-6.789,155.042,24.9,5.1
2014-04-12T05:24:23,-7.103,155.238,20.0,6.1
2014-04-12T05:29:32,-7.246,155.54,10.0,5.1
2014-04-12T06:15:32,-7.145,155.195,10.0,5.3
2014-04-12T10:55:41,-6.973,154.802,14.1,5.0
2014-04-12T15:44:51,-7.16,155.192,10.0,5.0
2014-04-12T15:59:27,-7.18,155.049,10.0,5.8
2014-04-12T20:14:39,-11.27,162.148,22.6,7.6
2014-04-12T20:24:46,-11.368,162.237,31.7,5.8
2014-04-12T20:49:51,-11.449,162.617,10.1,5.0
2014-04-12T21:17:02,-11.52,162.756,12.3,5.0
2014-04-12T21:39:04,-11.159,162.243,34.8,5.1
2014-04-12T23:52:19,-11.389,162.531,34.7,5.0
2014-04-13T05:59:24,-11.453,162.562,20.3,5.0
2014-04-13T09:29:21,-11.081,162.119,19.2,5.2
2014-04-13T10:05:38,-11.275,161.99,12.4,5.6
2014-04-13T10:09:48,-11.294,161.978,4.0,5.7
2014-04-13T12:11:30,-20.566,-70.747,13.4,5.5
2014-04-13T12:36:19,-11.463,162.051,39.0,7.4
2014-04-13T12:45:10,-11.091,162.194,10.0,5.3
2014-04-13T12:46:39,-11.472,162.391,10.0,5.7
2014-04-13T12:52:09,-11.513,162.446,10.0,5.0
2014-04-13T13:02:20,-11.53,162.147,10.0,5.1
2014-04-13T13:12:17,-11.21,161.928,10.0,5.6
2014-04-13T13:19:19,-6.768,154.949,38.8,5.3
2014-04-13T13:24:59,-11.128,162.052,10.0,6.6
2014-04-13T13:42:46,-11.252,162.08,30.2,5.0
2014-04-14T00:09:11,-11.471,161.986,34.9,5.0
2014-04-14T02:08:22,-18.797,176.116,10.0,5.0
2014-04-14T03:30:15,-11.471,162.476,21.8,5.0
2014-04-14T05:07:03,12.151,-86.281,9.8,5.2
2014-04-14T05:56:17,-20.777,-70.754,14.9,5.1
2014-04-14T06:29:47,-11.24,161.876,20.0,5.8
2014-04-14T07:40:41,-11.305,161.818,5.0,5.6
2014-04-14T07:47:32,4.04,-31.808,10.0,5.4
2014-04-14T10:47:19,-10.79,161.485,31.7,5.0
2014-04-14T16:51:23,-11.094,161.83,10.0,5.0
2014-04-14T20:41:23,34.1,25.866,12.3,5.0
2014-04-14T23:56:28,-11.337,162.84,24.3,5.1
2014-04-15T00:07:51,-11.38,162.915,19.6,5.3
2014-04-15T02:43:51,8.843,126.591,62.8,5.0
2014-04-15T03:57:01,-53.497,8.722,11.2,6.8
2014-04-15T13:31:32,-36.087,-101.243,10.0,5.6
2014-04-15T16:09:34,-20.204,-70.783,17.6,5.3
2014-04-15T16:21:17,-20.147,-70.694,15.4,5.1
2014-04-15T18:59:40,-20.182,-70.851,15.0,5.1
2014-04-15T19:16:16,-5.649,153.784,47.6,5.3
2014-04-16T20:00:03,-6.741,154.897,20.7,5.4
2014-04-16T20:24:23,62.894,-149.912,83.0,5.1
2014-04-17T04:38:17,4.516,122.935,572.9,5.8
2014-04-17T07:28:39,-11.542,162.552,10.0,5.0
2014-04-17T13:03:03,-7.816,117.486,277.4,5.0
2014-04-17T13:10:05,-55.044,-129.531,10.4,5.6
2014-04-17T14:44:01,37.425,142.245,32.0,5.2
2014-04-17T15:06:51,-62.87,155.743,20.6,6.2
2014-04-17T15:11:01,-62.82,155.722,11.4,5.2
2014-04-17T15:47:02,20.267,120.268,12.1,5.2
2014-04-17T22:59:50,46.803,153.31,39.2,5.1
2014-04-17T23:13:02,-55.542,-28.282,13.4,5.4
2014-04-18T04:13:12,-11.139,164.814,10.0,6.1
2014-04-18T07:30:14,-11.186,164.798,10.0,5.1
2014-04-18T07:46:57,-27.746,-62.78,609.7,5.2
2014-04-18T13:33:36,-9.056,110.344,15.4,5.3
2014-04-18T14:27:24,17.397,-100.972,24.0,7.2
2014-04-18T15:07:10,-9.1,110.42,36.9,5.0
2014-04-18T18:44:18,67.702,-162.56,20.5,5.7
2014-04-18T18:56:46,67.702,-162.694,26.9,5.7
2014-04-18T19:05:04,-62.779,155.519,9.6,5.8
2014-04-19T01:04:03,-6.656,155.087,29.0,6.6
2014-04-19T01:08:29,-6.907,155.247,25.3,5.2
2014-04-19T08:49:01,67.68,-162.478,18.0,5.0
2014-04-19T13:21:17,-6.732,155.211,35.0,5.2
2014-04-19T13:28:00,-6.755,155.024,43.4,7.5
2014-04-19T13:31:54,-7.017,154.716,35.0,5.8
2014-04-19T13:46:15,-7.017,154.582,35.0,5.0
2014-04-19T13:47:47,-6.952,154.813,35.0,5.6
2014-04-19T13:53:10,-6.6,155.07,35.0,5.1
2014-04-19T13:53:51,-6.815,154.88,35.0,5.1
2014-04-19T14:58:16,17.424,-101.214,35.0,5.0
2014-04-19T16:41:43,-7.114,154.778,35.0,5.0
2014-04-19T16:49:38,-6.968,154.92,35.0,5.2
2014-04-19T16:56:13,-6.913,154.61,37.7,5.2
2014-04-19T17:19:50,-6.397,154.925,82.4,5.0
2014-04-19T17:45:12,-7.036,154.906,46.3,5.3
2014-04-19T17:55:21,-7.094,154.85,40.6,5.3
2014-04-19T18:11:22,-7.147,154.77,44.1,5.1
2014-04-19T19:31:34,17.992,-62.448,53.3,5.0
2014-04-19T20:54:42,-20.028,-70.92,10.0,5.8
2014-04-19T23:06:17,-6.978,155.012,40.6,5.5
2014-04-20T00:10:45,-7.055,155.18,27.6,5.2
2014-04-20T00:15:58,-7.165,155.335,20.0,6.2
2014-04-20T01:54:11,-26.555,-115.022,10.0,5.9
2014-04-20T04:17:31,-6.832,154.546,11.0,5.8
2014-04-20T04:23:11,-7.01,154.598,27.3,5.0
2014-04-20T07:45:43,-11.002,161.597,10.0,5.0
2014-04-20T08:24:28,-6.479,154.68,35.0,5.0
2014-04-20T08:43:51,0.626,98.389,43.1,5.4
2014-04-20T08:56:37,-6.152,149.1,35.0,5.0
2014-04-20T13:28:42,-6.868,154.667,54.8,5.1
2014-04-20T13:50:42,53.12,163.05,43.7,5.3
2014-04-20T15:55:34,11.946,142.497,46.4,5.0
2014-04-21T02:31:36,-6.76,154.615,35.8,5.0
2014-04-21T03:21:23,-28.252,-12.79,8.9,5.0
2014-04-21T09:04:21,-6.224,154.435,27.0,5.6
2014-04-21T11:25:29,-6.228,154.428,59.6,5.1
2014-04-21T12:34:09,4.025,91.598,10.0,5.1
2014-04-21T13:37:10,-20.126,-173.268,25.0,5.2
2014-04-21T13:39:05,-19.625,-71.042,16.8,5.3
2014-04-21T14:02:15,51.844,-175.978,54.2,5.4
2014-04-21T14:57:55,-6.976,154.779,40.3,5.3
2014-04-21T20:45:21,17.378,119.95,9.5,5.4
2014-04-21T21:41:28,-20.136,-173.054,27.7,5.3
2014-04-21T21:59:01,-6.631,154.747,13.9,5.6
2014-04-23T05:40:01,-6.633,154.584,35.0,5.3
2014-04-23T08:58:39,-7.506,154.658,43.5,5.0
2014-04-23T14:20:47,-7.498,154.658,7.1,5.0
2014-04-23T18:21:09,14.854,-45.017,10.0,5.1
2014-04-23T22:25:06,27.496,129.394,43.4,5.0
2014-04-24T02:17:31,-10.845,165.677,63.9,5.0
2014-04-24T03:10:10,49.639,-127.732,10.0,6.5
2014-04-24T10:07:03,-34.409,-72.535,10.0,5.0
2014-04-24T10:26:47,-19.99,-70.971,10.5,5.1
2014-04-24T12:46:09,-59.664,-26.141,35.0,5.4
2014-04-24T19:51:58,-24.006,-176.667,63.1,5.9
2014-04-25T04:36:59,-17.376,-173.311,20.6,5.1
2014-04-25T08:41:58,-16.706,-177.431,10.0,5.4
2014-04-25T18:03:09,-5.758,147.199,131.3,5.0
2014-04-25T20:59:47,26.751,53.866,11.2,5.0
2014-04-26T02:33:35,-56.4,-143.777,10.0,5.7
2014-04-26T03:55:33,73.521,8.103,10.0,5.1
2014-04-26T06:02:21,-20.752,-174.707,45.0,6.1
2014-04-26T13:33:21,14.219,-92.353,73.8,5.0
2014-04-26T13:55:55,48.511,153.207,132.0,5.0
2014-04-26T16:03:50,-7.001,154.813,35.6,5.0
2014-04-27T00:59:51,-56.105,-143.663,10.0,5.1
2014-04-27T13:36:20,38.409,93.036,17.1,5.1
2014-04-27T13:49:08,-6.667,155.155,52.4,5.2
2014-04-27T15:13:54,54.875,111.254,10.0,5.1
2014-04-27T16:23:05,-6.208,131.269,79.3,5.2
2014-04-28T00:43:50,19.707,120.073,6.0,5.4
2014-04-28T12:43:52,-32.097,57.075,15.7,5.3
2014-04-29T16:11:17,-15.505,167.611,155.6,5.0
2014-04-29T17:52:42,-7.262,153.966,45.1,5.1
2014-04-30T03:36:20,-23.272,-175.663,10.0,5.3
2014-04-30T05:21:14,-32.996,-178.86,10.0,5.2
2014-04-30T06:20:55,43.026,94.263,10.0,5.3
2014-04-30T09:52:16,7.319,-82.71,40.4,5.0
2014-04-30T15:05:14,-56.163,-27.422,107.9,5.0
2014-04-30T15:52:40,-1.167,-13.458,10.0,5.7
2014-04-30T18:00:55,-32.723,-71.746,21.3,5.1
2014-05-01T06:36:35,-21.454,170.355,106.0,6.6
2014-05-01T10:12:37,-41.415,-88.907,10.0,5.4
2014-05-01T11:11:39,-11.585,166.322,63.2,5.2
2014-05-01T14:35:37,1.962,97.967,37.0,5.9
2014-05-01T15:21:13,6.511,130.143,6.5,5.3
2014-05-02T07:46:04,-18.601,-175.395,13.0,5.6
2014-05-02T08:43:36,-3.815,127.401,46.6,5.7
2014-05-02T09:15:20,37.852,144.234,16.0,5.6
2014-05-02T18:10:33,-16.289,-172.821,10.0,5.0
2014-05-02T19:08:22,17.564,-94.465,148.0,5.1
2014-05-03T08:57:13,67.719,-162.521,26.2,5.7
2014-05-03T09:57:08,67.714,-162.572,29.5,5.0
2014-05-03T10:57:13,22.276,144.012,89.6,5.6
2014-05-03T14:47:04,1.873,97.877,43.4,5.4
2014-05-04T04:46:46,-20.039,-70.979,10.4,5.0
2014-05-04T08:53:56,4.264,126.61,84.4,5.0
2014-05-04T09:15:52,-24.611,179.086,527.0,6.6
2014-05-04T09:25:15,-25.807,178.24,634.2,6.3
2014-05-04T09:38:23,-25.848,178.245,629.3,5.2
2014-05-04T20:18:24,34.912,139.419,153.0,6.0
2014-05-04T20:23:31,40.606,77.659,10.0,5.4
2014-05-05T02:24:52,-9.75,159.835,35.4,5.3
2014-05-05T11:08:43,19.656,99.67,6.0,6.1
2014-05-05T11:21:17,-20.214,-70.775,13.5,5.4
2014-05-05T13:03:45,-15.882,167.768,162.4,5.2
2014-05-06T00:50:16,19.701,99.627,10.0,5.0
2014-05-06T00:58:20,19.618,99.47,10.0,5.0
2014-05-06T04:32:06,-20.048,-177.794,547.6,5.4
2014-05-06T06:22:59,-6.325,154.867,35.0,5.1
2014-05-06T20:52:28,-36.17,-97.054,16.8,6.3
2014-05-07T04:20:33,-6.96,154.901,10.0,6.0
2014-05-07T04:45:00,-7.011,154.76,18.8,5.3
2014-05-08T11:46:04,-4.859,152.309,65.0,5.2
2014-05-08T15:52:47,49.627,156.152,56.8,5.2
2014-05-08T17:00:14,17.235,-100.746,17.1,6.4
2014-05-09T05:44:27,5.682,125.71,132.5,5.4
2014-05-09T10:32:22,-18.962,-175.536,192.3,5.9
2014-05-09T12:54:53,8.728,126.312,82.1,5.0
2014-05-09T18:14:02,-23.399,-175.244,10.0,5.0
2014-05-09T21:51:07,-7.032,154.856,33.2,5.1
2014-05-10T02:14:32,-45.742,-12.466,10.0,5.3
2014-05-10T02:42:11,-8.133,117.541,229.3,5.2
2014-05-10T07:36:01,17.219,-100.812,23.0,6.0
2014-05-10T14:16:10,60.01,-152.126,89.1,5.8
2014-05-10T19:25:39,-23.443,-175.546,14.4,5.0
2014-05-11T01:10:15,-3.434,146.111,10.0,5.9
2014-05-11T12:34:58,-47.777,99.674,10.0,5.2
2014-05-11T12:35:17,-47.854,99.689,10.0,5.8
2014-05-11T13:30:28,5.539,126.581,61.5,5.3
2014-05-11T15:32:22,-6.556,155.015,49.7,5.1
2014-05-11T20:42:30,-13.883,167.24,189.1,5.6
2014-05-12T03:36:02,-4.962,68.52,10.0,5.2
2014-05-12T05:07:58,-6.921,155.376,35.0,5.1
2014-05-12T18:38:36,-49.94,-114.8,10.5,6.5
2014-05-12T18:51:00,43.707,-128.097,10.0,5.1
2014-05-12T23:35:02,35.597,140.06,55.3,5.1
2014-05-13T06:35:24,7.21,-82.304,10.0,6.5
2014-05-13T10:38:15,-6.844,155.269,53.3,5.2
2014-05-13T14:40:53,-56.938,-25.059,9.7,5.3
2014-05-14T03:38:21,-22.724,-66.441,213.1,5.6
2014-05-14T05:28:24,7.669,-82.324,10.0,5.2
2014-05-14T05:51:47,-19.706,-71.058,10.0,5.2
2014-05-14T09:46:14,7.397,-82.407,10.0,5.3
2014-05-14T20:56:13,6.451,144.924,10.0,6.1
2014-05-15T08:16:34,6.426,144.936,11.0,6.3
2014-05-15T10:16:42,9.383,122.06,15.5,6.3
2014-05-15T16:33:04,-15.81,-172.602,9.4,5.0
2014-05-15T22:43:17,-7.603,-79.368,64.2,5.1
2014-05-16T00:40:15,-22.533,172.998,9.0,5.5
2014-05-16T11:01:40,17.086,-60.365,5.3,5.9
2014-05-16T11:12:03,17.099,-60.333,10.0,5.0
2014-05-16T17:08:32,-23.446,-68.539,105.0,5.5
2014-05-16T21:11:29,-10.396,-13.234,10.0,5.1
2014-05-16T21:20:24,-4.982,102.975,63.3,5.0
2014-05-17T09:11:05,-19.987,-70.897,5.6,5.6
2014-05-17T12:13:27,-54.247,-146.685,5.0,5.7
2014-05-17T21:28:16,-56.245,-27.534,90.0,5.5
2014-05-18T00:58:27,-14.668,-175.53,10.0,5.7
2014-05-18T01:02:32,4.248,92.757,35.0,6.0
2014-05-18T04:19:17,-21.304,169.845,62.0,5.6
2014-05-18T06:38:40,-14.805,-175.903,10.0,5.6
2014-05-18T10:59:21,3.151,93.861,4.8,5.5
2014-05-18T23:47:04,-4.417,-105.942,10.0,5.8
2014-05-19T00:59:19,40.943,19.906,10.0,5.0
2014-05-19T01:53:54,-4.772,-105.548,10.0,5.5
2014-05-19T03:56:43,-56.987,-24.92,10.0,5.4
2014-05-19T22:47:12,-57.033,-25.149,10.0,5.7
2014-05-20T15:48:33,-57.069,-25.236,51.6,5.0
2014-05-20T20:05:08,-68.737,170.689,16.7,5.0
2014-05-21T00:21:12,23.755,121.5,13.0,5.6
2014-05-21T01:28:25,-57.846,-25.929,107.0,5.1
2014-05-21T09:00:53,-30.452,-71.311,36.2,5.1
2014-05-21T09:46:28,29.565,50.895,11.0,5.2
2014-05-21T10:06:15,17.121,-95.073,120.3,5.8
2014-05-21T10:51:27,29.631,50.859,15.1,5.0
2014-05-21T16:21:54,18.201,88.038,47.2,6.0
2014-05-21T18:14:27,-2.914,127.98,22.5,5.3
2014-05-22T05:22:54,-11.157,161.505,35.9,5.4
2014-05-22T08:37:56,-55.397,-28.277,7.0,5.5
2014-05-23T09:06:57,-6.945,102.638,29.8,5.2
2014-05-23T09:13:30,-11.095,161.549,10.0,5.3
2014-05-23T09:33:58,-11.494,162.059,10.0,5.1
2014-05-23T19:42:26,56.047,113.904,3.3,5.4
2014-05-23T20:49:21,24.974,97.844,8.0,5.8
2014-05-23T21:20:06,18.949,145.045,558.1,5.7
2014-05-23T23:41:49,45.01,-27.837,10.0,5.5
2014-05-24T06:47:32,-15.302,-73.806,80.8,5.1
2014-05-24T08:24:47,16.526,-98.141,17.0,5.7
2014-05-24T09:25:02,40.289,25.389,6.4,6.9
2014-05-24T11:49:26,0.686,-26.323,10.0,5.9
2014-05-24T20:58:04,-6.338,104.121,37.6,5.2
2014-05-25T22:36:20,13.488,-90.835,41.9,5.0
2014-05-26T04:14:01,-7.423,128.406,105.9,5.1
2014-05-26T19:43:15,42.038,-29.298,10.0,5.2
2014-05-27T04:23:53,-15.138,66.918,10.0,5.1
2014-05-27T04:25:18,-15.208,67.003,10.9,5.1
2014-05-27T05:44:29,26.543,55.905,14.3,5.1
2014-05-27T09:04:05,-35.934,-73.557,10.2,5.1
2014-05-27T10:59:10,-22.919,-13.549,10.0,5.1
2014-05-27T16:12:10,32.5,140.588,76.8,5.3
2014-05-28T21:15:06,18.045,-68.351,90.0,5.8
2014-05-29T01:16:49,-0.206,125.308,46.5,5.0
2014-05-29T06:39:04,-30.221,-177.876,35.0,5.3
2014-05-30T00:56:19,-8.311,119.488,170.6,5.2
2014-05-30T01:20:15,25.0,97.845,10.0,5.9
2014-05-30T11:33:10,-55.306,-128.581,11.3,5.5
2014-05-30T11:41:38,-21.309,-69.974,67.8,5.2
2014-05-30T15:26:14,9.386,126.473,14.5,5.7
2014-05-30T15:32:27,-21.302,-69.999,59.6,5.6
2014-05-30T16:36:21,9.435,126.608,10.0,5.1
2014-05-30T17:41:25,9.342,126.556,12.0,5.3
2014-05-30T17:53:07,9.299,126.331,18.2,5.0
2014-05-30T20:10:40,-15.866,-172.952,27.0,5.1
2014-05-30T20:37:55,9.332,126.551,10.0,5.0
2014-05-30T22:48:14,-30.274,-177.781,29.3,5.1
2014-05-31T06:16:53,54.974,165.65,6.0,5.4
2014-05-31T11:53:46,18.788,-107.469,5.0,6.2
2014-05-31T18:33:05,9.418,126.619,10.0,5.1
2014-05-31T18:46:48,9.356,126.521,15.6,5.2
2014-05-31T18:58:32,9.364,126.576,10.0,5.1
2014-05-31T18:59:56,9.395,126.462,10.0,5.0
2014-05-31T19:03:17,9.332,126.516,10.0,5.0
2014-05-31T19:05:36,9.376,126.556,11.0,5.1
2014-05-31T19:09:01,-19.872,-177.385,380.9,5.0
2014-05-31T19:44:38,9.354,126.471,10.0,5.0
2014-05-31T19:54:15,9.305,126.478,9.3,5.4
2014-06-01T10:07:12,2.017,89.776,20.0,5.7
2014-06-01T12:05:51,34.734,24.618,30.6,5.1
2014-06-01T15:31:34,-2.46,138.924,39.3,5.0
2014-06-01T19:01:52,3.087,125.757,123.3,5.0
2014-06-02T01:04:05,9.58,126.649,22.6,5.1
2014-06-02T06:31:38,-33.003,-179.04,9.5,5.4
2014-06-03T04:39:57,-54.966,-129.623,13.1,5.6
2014-06-03T19:53:06,-16.659,175.729,15.0,5.0
2014-06-03T21:34:11,-12.514,-76.926,36.3,5.2
2014-06-04T05:02:36,-4.135,142.446,73.2,5.0
2014-06-04T11:58:56,58.98,-136.728,8.1,5.2
2014-06-04T17:04:28,-20.652,-70.761,38.8,5.0
2014-06-05T01:16:09,-3.421,153.585,346.9,5.0
2014-06-05T05:38:01,61.182,-140.255,11.5,5.1
2014-06-05T05:44:28,61.173,-140.279,10.0,5.1
2014-06-05T17:22:05,-29.15,-112.483,10.0,5.9
2014-06-06T04:38:56,-61.042,-51.67,10.0,5.0
2014-06-06T21:42:32,1.961,128.494,69.9,5.3
2014-06-06T23:06:52,-14.864,-175.001,15.3,5.5
2014-06-07T04:43:32,67.724,-162.375,18.6,5.8
2014-06-07T06:05:29,40.373,51.574,30.5,5.5
2014-06-07T13:11:35,50.683,157.066,41.1,5.5
2014-06-08T05:24:33,39.164,141.709,95.6,5.2
2014-06-09T12:25:18,-6.405,154.979,35.0,5.2
2014-06-09T21:45:13,10.087,122.203,14.0,5.4
2014-06-09T23:54:14,32.499,105.184,16.9,5.0
2014-06-10T04:03:24,-16.58,-72.952,63.5,5.3
2014-06-10T18:26:15,-6.804,154.659,16.2,5.3
2014-06-10T18:48:54,-6.815,154.583,8.5,5.2
2014-06-10T19:26:01,-1.95,128.291,37.1,5.0
2014-06-10T20:44:22,9.501,126.65,10.0,5.0
2014-06-11T03:53:40,34.718,28.503,75.2,5.0
2014-06-11T07:30:59,27.427,129.286,30.6,5.0
2014-06-11T09:08:24,9.694,125.659,55.3,5.0
2014-06-12T04:33:39,0.292,129.904,56.0,5.1
2014-06-12T21:15:52,-6.44,154.44,48.0,5.0
2014-06-13T05:50:49,30.699,141.835,47.2,5.0
2014-06-13T06:17:06,27.617,65.904,26.1,5.2
2014-06-13T12:26:32,14.199,-91.168,77.8,5.0
2014-06-13T13:32:52,33.292,75.581,42.7,5.0
2014-06-13T19:30:29,-46.029,-13.884,6.4,5.8
2014-06-13T22:59:42,-6.277,147.808,69.0,5.1
2014-06-14T03:58:41,36.454,70.717,200.0,5.6
2014-06-14T11:08:15,-11.139,161.473,10.0,5.0
2014-06-14T11:10:59,-10.123,91.092,4.0,6.5
2014-06-14T17:31:41,39.438,140.988,92.0,5.5
2014-06-15T18:19:14,36.604,141.724,15.9,5.5
2014-06-15T20:14:50,37.096,141.114,45.0,5.6
2014-06-16T01:55:47,-56.858,-140.92,10.0,5.4
2014-06-16T06:39:32,1.644,-79.256,15.0,5.7
2014-06-16T10:04:31,15.35,-91.969,10.0,5.2
2014-06-16T12:01:07,67.669,-162.316,15.3,5.7
2014-06-16T13:26:46,11.71,-81.358,20.9,5.3
2014-06-16T14:24:31,70.318,-15.352,10.0,5.4
2014-06-16T17:42:22,33.872,139.58,130.3,5.3
2014-06-17T16:04:43,1.176,97.066,36.2,5.0
2014-06-17T19:56:21,1.512,125.479,81.6,5.3
2014-06-18T02:47:10,24.238,125.214,30.0,5.2
2014-06-19T00:51:17,-2.778,102.372,169.7,5.1
2014-06-19T09:38:36,-19.975,-70.945,11.3,5.7
2014-06-19T10:17:55,-13.558,166.828,36.0,6.2
2014-06-19T19:54:04,-19.841,-70.87,10.6,5.8
2014-06-19T19:59:42,-19.87,-70.853,20.7,5.2
2014-06-20T03:04:12,-45.931,-13.633,10.0,5.2
2014-06-20T12:16:46,51.769,-171.254,41.9,5.4
2014-06-20T15:46:45,-4.755,152.722,53.1,5.2
2014-06-20T19:53:31,-19.803,-70.922,12.8,5.6
2014-06-20T20:22:27,-19.81,-71.004,12.2,5.8
2014-06-20T22:54:19,29.872,50.897,10.0,5.0
2014-06-21T09:21:21,-13.699,-14.654,10.0,5.3
2014-06-21T11:08:24,-50.365,-6.554,10.0,5.0
2014-06-21T13:24:19,-17.65,-175.197,248.2,5.1
2014-06-21T21:51:50,-0.099,122.939,117.0,5.4
2014-06-22T06:38:51,-7.762,108.054,72.0,5.1
2014-06-22T09:08:55,10.898,126.726,10.0,5.1
2014-06-22T16:34:56,3.248,128.19,46.2,5.3
2014-06-22T18:05:51,-13.93,-75.98,85.0,5.0
2014-06-23T05:33:29,-15.551,-173.126,10.0,5.2
2014-06-23T09:10:14,-15.912,167.724,152.7,5.0
2014-06-23T13:47:42,-6.45,146.254,118.0,5.4
2014-06-23T15:13:03,-3.1,139.259,46.8,5.1
2014-06-23T19:19:15,-29.977,-177.725,20.0,6.9
2014-06-23T19:21:45,-29.938,-177.516,10.0,6.5
2014-06-23T20:06:20,-29.941,-177.607,26.6,6.7
2014-06-23T20:23:32,-30.077,-177.432,7.3,5.2
2014-06-23T20:27:59,-30.004,-177.711,10.0,5.4
2014-06-23T20:53:09,51.849,178.735,109.0,7.9
2014-06-23T20:59:13,-29.991,-177.236,10.0,5.1
2014-06-23T21:00:01,51.825,178.477,105.9,5.7
2014-06-23T21:05:55,51.919,178.498,116.7,5.0
2014-06-23T21:08:53,-30.17,-177.188,10.0,5.6
2014-06-23T21:10:45,-30.14,-177.024,15.4,5.4
2014-06-23T21:11:40,51.956,178.456,102.8,6.0
2014-06-23T21:18:45,-29.888,-177.08,32.5,5.0
2014-06-23T21:30:46,51.936,178.429,101.9,6.0
2014-06-23T21:32:22,51.864,178.419,112.0,5.2
2014-06-23T22:03:28,52.042,178.479,121.0,5.1
2014-06-23T22:15:49,-30.152,-177.573,10.0,5.6
2014-06-23T22:17:44,-29.946,-177.238,17.3,5.1
2014-06-23T22:20:04,-29.967,-177.248,10.7,5.9
2014-06-23T22:29:51,51.959,178.584,106.6,6.0
2014-06-23T22:33:46,-30.297,-177.565,4.1,5.3
2014-06-23T22:39:29,-30.129,-177.272,26.4,5.1
2014-06-23T23:53:27,-30.071,-177.544,6.7,5.2
2014-06-24T00:46:04,-30.145,-177.461,10.0,5.3
2014-06-24T00:52:28,51.909,178.444,100.3,5.8
2014-06-24T02:40:40,-13.766,66.45,10.0,5.1
2014-06-24T02:47:48,-29.894,-177.18,6.7,5.1
2014-06-24T03:15:35,52.204,176.698,4.0,6.3
2014-06-24T04:13:05,-29.864,-177.369,20.7,5.1
2014-06-24T04:25:39,-30.182,-177.356,27.6,5.0
2014-06-24T05:52:20,-29.911,-177.446,35.0,5.0
2014-06-24T05:53:24,-30.164,-177.519,45.4,5.1
2014-06-24T05:55:10,-13.916,66.225,10.0,5.1
2014-06-24T06:20:22,51.994,178.45,121.4,5.2
2014-06-24T08:05:53,-30.118,-177.434,20.4,5.2
2014-06-24T08:12:31,52.249,176.461,11.0,5.7
2014-06-24T11:29:54,-29.89,-177.38,10.0,5.1
2014-06-24T16:53:45,-30.077,-177.505,35.0,5.1
2014-06-24T20:07:52,-30.268,-177.449,11.9,5.0
2014-06-25T00:03:03,51.846,178.446,122.3,5.2
2014-06-25T04:26:14,-20.527,-177.252,323.3,5.0
2014-06-25T09:29:54,-46.977,33.529,10.0,5.0
2014-06-25T11:52:03,13.597,120.654,73.4,5.4
2014-06-25T22:46:43,-30.246,-177.539,20.0,5.3
2014-06-26T00:12:23,-9.636,118.154,73.1,5.1
2014-06-26T02:30:06,-30.099,-177.262,35.0,5.0
2014-06-26T09:03:03,51.384,-178.388,50.9,5.0
2014-06-26T11:28:21,0.023,123.457,141.7,5.4
2014-06-27T11:10:41,36.21,144.129,35.2,5.0
2014-06-27T20:10:16,-48.998,121.595,14.7,5.0
2014-06-27T22:37:20,23.154,142.288,136.5,5.0
2014-06-29T04:59:35,32.582,-109.168,6.4,5.3
2014-06-29T05:56:31,24.388,142.628,48.0,6.2
2014-06-29T07:19:22,1.408,126.283,18.8,5.0
2014-06-29T07:52:55,-55.47,-28.367,8.0,6.9
2014-06-29T07:58:30,-55.452,-28.32,10.0,5.2
2014-06-29T08:21:04,-55.447,-28.291,10.0,5.1
2014-06-29T08:28:55,-55.377,-28.507,10.0,5.1
2014-06-29T12:11:21,-55.305,-28.105,16.0,5.1
2014-06-29T14:20:37,-55.407,-28.106,10.0,5.8
2014-06-29T14:32:49,-55.358,-28.108,10.0,6.0
2014-06-29T14:38:11,-55.415,-28.265,6.3,5.0
2014-06-29T15:52:23,-14.78,-175.259,9.0,6.4
2014-06-29T17:15:09,-14.983,-175.51,18.0,6.7
2014-06-29T17:26:12,41.603,46.665,33.6,5.0
2014-06-29T17:33:53,-55.335,-28.299,10.0,5.1
2014-06-29T18:24:32,-15.353,-175.66,10.0,5.9
2014-06-30T01:46:22,0.054,-17.343,10.0,5.6
2014-06-30T11:36:03,-30.122,-177.661,13.4,5.3
2014-06-30T11:37:27,17.792,145.296,320.0,5.1
2014-06-30T15:44:24,-55.22,-28.27,10.0,5.0
2014-06-30T19:55:32,28.34,138.844,511.0,6.2
2014-06-30T20:45:30,-29.988,-177.35,10.0,5.2
2014-07-01T05:42:33,-56.62,-141.784,10.0,5.6
2014-07-01T09:11:23,13.869,119.192,34.4,5.0
2014-07-01T14:22:10,-33.879,-72.425,18.2,5.1
2014-07-01T18:11:48,-30.252,-177.141,9.6,5.3
2014-07-01T18:14:52,-30.304,-176.982,18.9,5.2
2014-07-01T18:19:20,-30.268,-177.076,7.7,5.0
2014-07-01T20:49:14,0.781,-27.751,14.6,5.0
2014-07-02T05:53:29,-62.301,155.187,10.0,6.0
2014-07-02T07:24:28,-0.004,124.645,71.4,5.1
2014-07-02T10:02:30,-55.365,-28.391,10.0,5.1
2014-07-03T02:56:38,55.257,166.901,7.6,5.7
2014-07-03T04:43:42,51.943,178.576,115.2,5.2
2014-07-03T09:35:49,-22.107,-179.48,601.2,5.4
2014-07-03T12:05:21,55.256,166.884,6.0,5.8
2014-07-03T19:06:48,52.125,178.465,116.1,5.7
2014-07-03T19:50:07,-30.46,-176.445,35.0,6.3
2014-07-03T22:30:32,-3.99,139.293,58.0,5.1
2014-07-04T05:34:19,-49.12,-8.296,10.0,5.1
2014-07-04T13:12:17,-7.017,155.904,38.8,5.5
2014-07-04T15:00:27,-6.23,152.808,20.0,6.5
2014-07-04T21:08:45,35.078,-34.904,10.0,5.4
2014-07-04T22:42:05,39.648,142.08,50.3,5.7
2014-07-05T01:18:08,-30.405,-177.944,10.0,5.0
2014-07-05T09:39:27,1.934,96.939,20.0,6.0
2014-07-06T03:08:46,-14.538,-71.107,67.4,5.1
2014-07-06T11:42:45,10.334,-85.116,68.8,5.0
2014-07-06T15:37:43,-19.924,-177.768,558.0,5.0
2014-07-06T22:11:29,-21.144,173.952,8.0,5.8
2014-07-07T09:15:28,-7.293,123.721,547.0,5.2
2014-07-07T11:23:54,14.724,-92.461,53.0,6.9
2014-07-07T11:33:54,14.534,-92.067,55.7,5.1
2014-07-07T13:27:25,-16.34,-173.729,41.8,5.0
2014-07-07T18:04:35,-5.183,131.663,55.8,5.1
2014-07-07T23:06:05,23.363,122.363,10.0,5.0
2014-07-08T09:05:22,42.668,141.347,10.0,5.5
2014-07-08T12:56:25,-17.686,168.398,110.2,6.2
2014-07-08T20:09:59,-3.312,143.272,8.6,5.2
2014-07-08T21:52:48,39.353,78.141,10.0,5.0
2014-07-09T00:01:28,-6.979,104.819,6.2,5.2
2014-07-09T17:19:35,-16.685,-71.904,16.0,5.0
2014-07-09T17:58:11,-62.115,164.919,10.0,5.8
2014-07-10T07:16:17,-19.874,-175.705,209.2,5.2
2014-07-10T19:24:44,-7.37,156.192,54.0,5.1
2014-07-11T13:11:45,26.312,125.829,115.5,5.3
2014-07-11T19:22:00,37.005,142.452,20.0,6.5
2014-07-11T19:28:14,36.909,142.49,17.6,5.2
2014-07-11T19:30:49,37.036,142.407,9.2,5.1
2014-07-11T19:34:05,36.798,142.577,11.3,5.0
2014-07-12T17:49:17,-55.416,-27.971,6.0,5.6
2014-07-12T18:20:37,-55.341,-27.919,10.0,5.6
2014-07-13T07:18:25,-30.748,-70.62,83.4,5.3
2014-07-13T15:07:00,-2.166,100.039,40.9,5.0
2014-07-13T16:23:44,36.409,67.702,35.0,5.0
2014-07-13T20:00:36,-4.048,151.27,10.0,5.8
2014-07-13T20:54:14,-20.258,-70.348,33.1,5.5
2014-07-14T05:05:03,-8.819,111.253,52.5,5.5
2014-07-14T05:44:13,-26.774,-114.588,10.0,5.4
2014-07-14T07:59:57,5.714,126.478,20.0,6.3
2014-07-14T11:24:36,-17.858,-73.429,10.0,5.2
2014-07-15T02:38:00,-0.334,119.784,52.0,5.0
2014-07-15T09:44:58,-4.112,151.387,10.0,5.8
2014-07-15T10:30:30,-4.197,151.384,10.0,5.7
2014-07-15T16:39:01,-4.178,151.376,10.0,5.6
2014-07-15T22:13:17,52.881,-167.601,30.0,5.1
2014-07-16T10:58:28,-21.926,-175.558,32.4,5.4
2014-07-16T16:56:11,-10.034,160.838,26.8,5.2
2014-07-16T18:24:20,-10.044,160.87,21.2,5.2
2014-07-17T06:11:50,22.141,121.47,10.0,5.1
2014-07-17T11:49:33,60.3,-140.337,10.0,6.0
2014-07-17T13:55:53,-3.68,140.067,41.8,5.3
2014-07-17T18:08:38,-6.154,154.352,64.4,5.1
2014-07-18T05:24:10,-20.154,-70.871,14.8,5.0
2014-07-18T08:58:34,-16.205,168.461,35.0,5.2
2014-07-18T18:23:05,-34.634,-179.58,28.0,5.4
2014-07-18T18:44:27,-20.482,168.761,28.4,5.1
2014-07-19T06:15:24,-31.778,179.467,439.7,5.1
2014-07-19T07:17:56,36.878,71.099,83.7,5.2
2014-07-19T12:27:10,-15.824,-174.452,227.3,6.2
2014-07-19T14:14:01,11.745,57.638,10.0,6.0
2014-07-20T02:15:44,60.324,-140.308,5.6,5.0
2014-07-20T04:18:47,-29.914,-177.389,10.0,5.2
2014-07-20T09:23:29,14.865,-92.524,79.1,5.1
2014-07-20T18:32:47,44.642,148.784,61.0,6.2
2014-07-21T00:21:27,-20.141,-70.587,25.6,5.0
2014-07-21T14:54:41,-19.802,-178.4,615.4,6.9
2014-07-21T19:37:33,51.305,-174.932,25.6,5.1
2014-07-22T14:11:15,-20.326,-176.177,208.1,5.0
2014-07-22T15:22:39,27.604,57.334,10.0,5.1
2014-07-23T00:28:15,16.844,-100.215,10.0,5.0
2014-07-23T05:52:29,0.478,67.082,10.0,5.3
2014-07-23T21:39:08,-20.227,-68.678,118.7,5.6
2014-07-24T08:41:07,-9.127,111.575,35.0,5.0
2014-07-24T17:10:19,-5.546,145.422,68.6,5.4
2014-07-24T23:57:26,10.397,125.288,23.2,5.3
2014-07-25T04:18:16,41.569,142.192,64.1,5.1
2014-07-25T08:32:40,-25.406,-175.212,31.0,5.0
2014-07-25T10:54:50,58.335,-136.971,10.0,6.0
2014-07-25T17:05:44,28.829,143.611,23.9,5.0
2014-07-25T23:22:10,43.47,147.311,61.8,5.1
2014-07-26T10:59:29,-60.004,-18.558,10.0,5.1
2014-07-26T11:13:48,-60.038,-18.675,10.0,5.8
2014-07-26T17:11:16,-21.198,-15.17,14.5,5.1
2014-07-27T01:28:37,23.724,-45.581,10.0,6.0
2014-07-27T04:02:12,-24.731,-177.435,171.3,5.1
2014-07-28T03:36:46,7.501,136.769,5.0,5.6
2014-07-28T08:03:09,-17.319,66.776,10.0,5.4
2014-07-28T23:00:48,-6.922,143.873,10.0,5.6
2014-07-29T03:32:59,14.602,-92.644,56.9,5.4
2014-07-29T07:07:07,14.36,93.09,12.0,5.3
2014-07-29T07:16:40,-10.207,87.702,10.0,5.1
2014-07-29T10:46:14,17.682,-95.653,107.0,6.3
2014-07-29T13:27:40,-3.422,146.769,9.8,6.0
2014-07-29T16:50:13,-23.558,-176.497,35.0,5.2
2014-07-29T18:04:55,-10.724,161.694,60.2,5.0
2014-07-29T22:04:43,35.377,-36.261,10.0,5.5
2014-07-30T01:32:10,26.38,53.516,12.5,5.3
2014-07-30T02:24:27,-19.059,-12.293,16.4,5.2
2014-07-30T16:00:58,-7.163,154.845,10.0,5.9
2014-07-31T00:17:57,-23.529,-176.352,48.6,5.4
2014-07-31T13:41:00,12.434,95.203,10.0,5.8
2014-07-31T15:56:29,-55.364,-27.508,12.2,5.0
2014-07-31T17:34:08,12.344,95.044,26.2,5.1
2014-07-31T17:38:45,-55.536,-27.669,24.5,5.4
2014-07-31T18:09:17,-16.68,-71.43,114.0,5.0
2014-07-31T18:10:02,14.924,145.474,123.2,5.0
2014-08-01T04:11:16,36.856,3.181,10.0,5.5
2014-08-01T13:01:47,-17.564,-173.647,10.0,5.1
2014-08-01T13:12:56,17.506,146.532,108.7,5.0
2014-08-02T10:33:26,-9.142,67.337,10.0,5.5
2014-08-02T14:02:18,-55.428,-28.309,7.2,5.6
2014-08-03T00:22:03,0.83,146.169,13.0,6.9
2014-08-03T00:26:41,0.987,146.26,14.9,5.7
2014-08-03T04:06:03,28.049,128.064,10.0,5.7
2014-08-03T04:48:49,-3.365,146.493,39.2,5.0
2014-08-03T05:57:30,29.276,85.497,10.0,5.2
2014-08-03T07:29:59,-55.553,-28.348,10.0,5.0
2014-08-03T08:30:13,27.189,103.409,12.0,6.2
2014-08-03T09:38:06,3.585,-77.694,62.4,5.0
2014-08-03T10:44:37,-10.885,161.992,10.0,5.1
2014-08-03T20:21:55,55.543,-156.985,12.2,5.1
2014-08-03T21:02:39,-3.925,-80.92,16.0,5.4
2014-08-04T03:20:09,-6.918,-81.607,23.3,5.3
2014-08-04T09:40:19,0.821,146.236,10.0,5.2
2014-08-04T10:36:09,5.399,94.653,57.0,5.3
2014-08-04T12:09:47,0.156,98.628,56.0,5.0
2014-08-04T16:50:06,-30.401,-177.215,10.0,5.1
2014-08-05T10:22:33,-26.99,26.705,5.0,5.4
2014-08-05T18:18:34,-8.865,160.521,65.5,5.0
2014-08-06T11:45:22,-7.274,128.036,10.0,6.2
2014-08-06T20:35:33,-6.222,150.848,56.4,5.1
2014-08-07T05:24:54,4.549,126.506,79.8,5.1
2014-08-08T04:10:15,-33.777,-72.203,16.5,5.2
2014-08-08T14:03:47,5.021,127.533,123.0,5.1
2014-08-08T16:44:39,-14.875,166.768,42.3,5.3
2014-08-09T02:28:43,27.779,142.885,9.6,5.0
2014-08-09T04:04:48,-8.427,159.991,61.6,5.0
2014-08-10T03:43:17,41.158,142.131,41.0,6.1
2014-08-10T12:12:24,0.749,-26.045,10.0,5.0
2014-08-10T13:33:21,5.869,127.135,78.0,5.6
2014-08-10T18:27:38,51.191,-172.752,21.9,5.0
2014-08-10T18:46:17,27.681,-111.632,10.0,5.5
2014-08-10T22:39:37,27.824,142.817,30.7,5.1
2014-08-11T04:49:07,-23.905,-66.737,197.1,5.0
2014-08-11T10:07:33,-29.974,-176.096,10.0,5.5
2014-08-11T11:09:08,-17.718,-172.842,49.7,5.0
2014-08-11T13:32:20,-41.333,-84.956,10.0,5.5
2014-08-12T01:28:31,-3.675,151.268,398.8,5.1
2014-08-12T16:16:02,-16.955,-172.858,10.0,5.0
2014-08-12T16:17:23,-16.947,-173.05,51.6,5.0
2014-08-12T19:58:00,-0.018,-78.322,11.9,5.1
2014-08-13T00:30:47,13.909,144.976,98.0,5.6
2014-08-13T05:54:37,-3.446,145.434,30.3,5.6
2014-08-13T06:48:11,16.364,-98.159,7.0,5.4
2014-08-13T08:49:48,0.966,146.199,16.0,5.2
2014-08-13T10:07:28,0.837,-26.687,10.0,5.4
2014-08-13T13:11:37,-22.277,170.37,35.0,5.0
2014-08-14T00:02:55,-20.158,-70.023,50.9,5.3
2014-08-14T17:09:46,27.964,128.184,5.0,5.3
2014-08-15T21:42:30,42.94,77.431,21.4,5.0
2014-08-16T13:43:39,6.808,126.777,92.3,5.0
2014-08-16T16:39:55,24.593,94.569,91.2,5.0
2014-08-16T18:23:43,-14.897,167.325,131.1,5.1
2014-08-16T22:07:59,28.125,103.546,10.0,5.0
2014-08-17T02:38:26,-7.066,125.457,490.4,5.3
2014-08-17T14:47:20,32.7,47.64,16.0,5.0
2014-08-17T16:04:48,-20.777,68.428,10.0,5.2
2014-08-18T02:32:05,32.703,47.695,10.2,6.2
2014-08-18T05:25:51,32.72,47.69,12.0,5.6
2014-08-18T11:23:04,32.7,47.62,15.0,5.2
2014-08-18T11:51:35,32.78,47.68,10.0,5.4
2014-08-18T15:40:47,-55.376,-28.027,35.3,5.1
2014-08-18T18:08:22,32.583,47.704,5.0,6.0
2014-08-18T18:09:05,32.536,47.767,10.0,5.1
2014-08-19T13:26:23,42.968,145.644,42.9,5.1
2014-08-19T15:38:17,-22.072,-179.465,601.8,5.2
2014-08-19T17:12:20,5.532,126.399,61.2,5.0
2014-08-19T18:19:57,-52.91,9.812,13.5,5.1
2014-08-19T21:32:16,32.74,47.525,7.8,5.4
2014-08-20T10:14:15,32.636,47.736,17.7,5.6
2014-08-20T19:38:25,33.197,138.114,307.9,5.2
2014-08-20T20:12:38,52.507,175.378,5.2,5.5
2014-08-20T20:21:49,52.467,175.363,10.0,5.0
2014-08-20T23:18:20,-59.106,-17.116,10.0,5.5
2014-08-21T02:11:31,-5.285,150.689,8.0,5.9
2014-08-21T09:01:00,-17.559,-172.875,10.0,5.1
2014-08-22T04:27:54,39.935,23.431,13.5,5.2
2014-08-22T14:29:50,-6.586,146.818,10.0,5.5
2014-08-22T17:39:25,-7.389,154.457,47.1,5.1
2014-08-22T20:06:04,33.7,45.773,17.1,5.1
2014-08-23T04:45:32,-20.174,-69.038,100.0,5.6
2014-08-23T20:05:18,32.716,47.774,19.6,5.1
2014-08-23T22:32:23,-32.695,-71.442,32.0,6.4
2014-08-24T00:09:53,64.669,-17.447,6.2,5.3
2014-08-24T02:44:52,32.682,47.792,19.4,5.2
2014-08-24T10:20:44,38.215,-122.312,11.1,6.0
2014-08-24T19:43:30,37.683,30.629,7.4,5.1
2014-08-24T20:21:23,-55.323,-28.515,10.5,5.5
2014-08-24T20:39:13,64.564,-17.457,7.7,5.3
2014-08-24T23:21:45,-14.598,-73.571,101.0,6.8
2014-08-25T14:31:37,-16.126,-73.113,62.0,5.5
2014-08-25T16:19:04,64.453,-17.776,9.2,5.0
2014-08-26T01:26:08,64.638,-17.518,10.0,5.3
2014-08-26T09:30:12,-15.257,-172.971,10.8,5.3
2014-08-27T00:16:29,64.534,-17.728,3.7,5.3
2014-08-27T02:50:36,64.446,-17.648,9.0,5.3
2014-08-27T04:48:58,41.07,143.167,26.0,5.4
2014-08-27T06:10:20,59.224,-145.594,28.2,5.1
2014-08-27T16:31:13,-15.567,-177.831,10.0,5.6
2014-08-27T23:11:34,-15.046,167.391,115.2,5.9
2014-08-28T06:23:11,-7.447,128.448,147.2,5.2
2014-08-28T08:13:42,64.693,-17.388,4.0,5.4
2014-08-28T08:27:41,14.127,-91.869,35.0,5.2
2014-08-28T19:14:35,32.086,132.068,20.0,5.8
2014-08-29T03:45:07,36.685,23.706,80.0,5.8
2014-08-29T12:21:49,64.723,-17.345,10.0,5.4
2014-08-29T13:14:09,-5.667,153.992,65.7,5.2
2014-08-29T21:16:44,-41.834,84.867,10.0,5.5
2014-08-30T07:03:04,64.593,-17.493,6.0,5.4
2014-08-30T15:29:50,43.732,-28.544,10.0,5.4
2014-08-31T03:06:57,65.153,-149.04,16.6,5.2
2014-08-31T04:14:05,-53.226,-32.244,10.0,5.1
2014-08-31T10:01:41,9.138,-83.97,55.4,5.1
2014-08-31T11:48:24,36.56,70.964,200.4,5.2
2014-08-31T12:01:48,64.645,-17.458,11.1,5.1
2014-08-31T14:44:34,33.623,45.803,10.0,5.0
2014-08-31T17:54:38,-11.855,166.636,122.9,5.0
2014-09-01T02:49:48,19.402,121.688,57.0,5.0
2014-09-01T04:24:15,-24.905,-175.811,10.0,5.3
2014-09-01T11:41:09,64.681,-17.495,0.0,5.5
2014-09-01T18:58:33,-9.395,106.975,24.1,5.1
2014-09-01T22:55:21,-15.008,-74.904,59.7,5.2
2014-09-02T20:00:11,-27.929,-176.591,44.4,5.2
2014-09-02T23:41:30,-11.55,-112.003,10.0,5.4
2014-09-03T03:09:55,64.706,-17.465,5.0,5.4
2014-09-03T07:24:21,36.859,139.429,29.7,5.2
2014-09-03T07:43:30,-15.06,-173.38,6.0,5.8
2014-09-03T08:13:27,-15.025,-173.521,10.0,5.5
2014-09-03T10:01:05,18.882,-81.323,10.0,5.2
2014-09-03T11:34:40,-14.89,-173.028,10.0,5.7
2014-09-03T13:43:58,15.171,122.435,10.0,5.2
2014-09-03T15:14:52,-10.906,162.106,37.0,5.1
2014-09-03T20:28:22,-26.626,-114.812,10.0,5.2
2014-09-03T20:33:59,-26.642,-114.739,10.0,5.9
2014-09-03T23:34:14,18.87,-81.339,10.0,5.2
2014-09-04T05:33:50,-21.387,-173.323,35.0,6.0
2014-09-04T17:23:15,-26.633,-114.486,10.0,5.4
2014-09-04T21:00:04,36.21,30.82,46.0,5.3
2014-09-05T01:19:38,64.679,-17.243,10.0,5.3
2014-09-05T07:21:49,25.874,125.292,68.9,5.1
2014-09-05T09:19:24,-26.698,-114.382,10.0,5.1
2014-09-05T19:36:31,-26.708,-114.25,14.0,5.8
2014-09-05T21:24:38,-26.663,-114.361,10.0,5.3
2014-09-06T00:37:00,-6.275,105.351,9.0,5.0
2014-09-06T06:03:52,-55.274,-28.17,10.0,5.1
2014-09-06T06:53:11,-26.648,-114.5,7.0,6.1
2014-09-06T07:04:08,-26.777,-114.592,10.0,5.1
2014-09-06T07:48:33,-26.765,-114.472,10.0,5.9
2014-09-06T08:37:46,-26.752,-114.503,10.0,5.1
2014-09-06T19:22:59,18.753,-107.049,17.0,6.2
2014-09-06T19:52:57,-26.607,-114.721,11.6,5.3
2014-09-07T07:07:59,64.544,-17.395,5.0,5.5
2014-09-07T11:46:21,0.818,146.155,16.0,5.1
2014-09-07T15:55:49,4.455,127.894,58.4,5.2
2014-09-08T17:53:17,-5.399,146.764,230.2,5.3
2014-09-09T00:26:25,5.023,120.776,14.8,5.1
2014-09-09T01:07:29,64.666,-17.374,7.0,5.2
2014-09-09T09:28:22,22.199,93.244,10.0,5.4
2014-09-09T18:15:00,-51.394,138.933,14.7,5.0
2014-09-10T02:46:06,-0.242,125.104,35.0,6.2
2014-09-10T04:29:03,-41.2,85.492,10.0,5.0
2014-09-10T05:16:53,-0.184,125.125,30.0,5.9
2014-09-10T05:19:24,-0.2,125.092,40.8,5.6
2014-09-10T09:32:57,-0.297,125.129,14.7,5.3
2014-09-10T14:01:01,-21.487,169.145,24.7,5.0
2014-09-10T16:31:59,-24.62,179.15,529.8,5.2
2014-09-10T18:28:00,52.101,178.304,125.0,5.3
2014-09-11T00:07:40,64.533,-17.343,7.6,5.3
2014-09-11T16:58:12,-15.585,167.849,169.9,5.1
2014-09-11T19:57:12,64.631,-17.557,10.0,5.1
2014-09-12T04:04:08,-14.375,167.346,191.1,5.0
2014-09-12T07:47:25,22.149,143.774,117.2,5.2
2014-09-12T07:56:53,-2.21,139.046,49.1,5.0
2014-09-12T09:25:57,6.043,94.454,69.2,5.3
2014-09-12T13:06:33,8.566,92.556,39.1,5.0
2014-09-12T15:41:48,-2.941,129.486,35.0,5.1
2014-09-13T07:58:17,64.676,-17.436,8.3,5.0
2014-09-13T18:22:14,-17.712,-173.126,11.0,5.4
2014-09-13T22:31:58,36.002,70.699,95.0,5.2
2014-09-14T04:52:26,1.146,97.256,36.6,5.3
2014-09-14T16:34:22,1.131,97.244,38.6,5.1
2014-09-14T18:17:35,-21.111,-173.922,10.0,5.4
2014-09-15T08:05:02,64.573,-17.397,10.0,5.5
2014-09-15T09:43:23,4.218,125.554,47.9,5.0
2014-09-15T18:27:20,30.421,-114.275,10.0,5.4
2014-09-15T21:09:06,14.353,-60.139,5.7,5.2
2014-09-16T01:08:18,-20.931,-178.905,620.4,5.2
2014-09-16T02:35:18,-6.308,151.717,28.1,5.5
2014-09-16T03:28:30,36.087,139.85,49.9,5.5
2014-09-16T13:00:20,-22.173,-179.56,587.4,5.3
2014-09-16T16:49:35,7.676,-82.324,40.3,5.1
2014-09-16T18:39:45,45.098,147.018,39.2,5.2
2014-09-16T21:34:14,64.649,-17.493,5.0,5.1
2014-09-17T02:29:49,-4.684,102.472,50.5,5.0
2014-09-17T06:11:48,-15.972,167.99,179.9,5.4
2014-09-17T06:14:45,13.764,144.429,130.0,6.7
2014-09-17T10:36:47,6.587,126.878,66.8,5.0
2014-09-17T23:18:55,24.841,125.351,42.8,5.4
2014-09-18T04:17:53,50.542,150.135,500.0,5.5
2014-09-18T13:14:17,10.764,-86.166,45.2,5.1
2014-09-18T14:21:48,64.698,-17.162,6.9,5.3
2014-09-19T02:57:35,4.711,126.61,78.3,5.2
2014-09-19T12:55:50,-11.032,162.07,10.0,5.3
2014-09-20T01:10:14,64.691,-17.227,7.6,5.0
2014-09-20T03:03:50,14.64,-93.82,16.0,5.2
2014-09-20T04:26:11,6.864,125.233,25.7,5.2
2014-09-20T05:12:16,13.973,-92.42,48.8,5.0
2014-09-20T18:27:13,-0.767,134.3,11.8,5.5
2014-09-21T00:43:40,38.351,21.833,11.4,5.0
2014-09-21T10:51:47,64.521,-17.387,5.0,5.4
2014-09-21T15:02:30,-36.077,178.064,10.0,5.3
2014-09-21T15:05:27,-35.95,178.375,10.0,5.1
2014-09-21T15:45:20,-26.89,-114.077,10.0,5.2
2014-09-21T17:32:05,27.94,139.597,491.2,5.5
2014-09-22T14:41:22,-40.51,175.938,29.8,5.2
2014-09-22T16:01:42,-56.023,-27.779,109.3,5.7
2014-09-22T18:35:46,-44.475,-81.86,10.0,5.1
2014-09-23T04:33:59,64.885,-17.505,8.9,5.1
2014-09-23T10:22:20,0.107,119.981,69.2,5.3
2014-09-23T15:24:00,-5.395,151.737,57.2,5.5
2014-09-23T19:18:25,53.154,-35.102,10.0,5.4
2014-09-24T06:34:36,-34.4,-73.514,10.0,5.0
2014-09-24T07:18:04,-59.681,-26.179,35.0,5.0
2014-09-24T11:16:15,-23.801,-66.632,224.0,6.2
2014-09-24T12:45:46,37.518,141.335,51.0,5.2
2014-09-24T13:30:57,37.548,141.366,53.1,5.1
2014-09-25T02:31:57,27.305,65.751,52.0,5.4
2014-09-25T05:00:06,64.506,-17.507,8.9,5.2
2014-09-25T06:16:12,27.283,65.725,30.9,5.1
2014-09-25T08:29:58,6.001,95.559,194.7,5.0
2014-09-25T09:13:50,-9.462,156.412,4.0,6.1
2014-09-25T10:35:02,22.765,121.37,15.4,5.0
2014-09-25T17:51:17,61.945,-151.816,108.9,6.2
2014-09-25T19:00:00,-56.023,-27.597,119.6,5.1
2014-09-26T03:55:34,-6.458,146.782,10.0,5.3
2014-09-26T04:21:24,12.519,95.225,20.2,5.5
2014-09-26T16:16:03,13.705,124.445,48.0,5.0
2014-09-26T18:29:11,3.995,126.703,55.1,5.1
2014-09-26T20:34:16,-6.522,146.793,48.4,5.3
2014-09-27T22:49:04,36.452,69.814,29.2,5.0
2014-09-28T06:23:35,-19.132,-176.343,10.0,5.7
2014-09-28T08:46:33,-35.619,-73.225,20.0,5.2
2014-09-29T01:38:08,41.196,48.1,13.2,5.3
2014-09-29T13:43:01,64.507,-17.315,10.0,5.6
2014-09-30T13:46:25,-6.17,147.65,62.4,5.1
2014-09-30T16:45:56,1.602,67.735,10.0,5.5
2014-09-30T19:23:49,-4.124,153.076,4.6,5.2
2014-09-30T22:34:27,-17.83,-178.595,572.2,5.5
2014-10-01T01:23:29,28.4,102.791,9.3,5.1
2014-10-01T03:38:51,-6.071,149.533,42.0,6.0
2014-10-01T19:20:11,31.422,-41.04,11.4,5.1
2014-10-02T00:13:39,-21.1,-174.486,10.0,5.0
2014-10-02T07:02:05,-20.931,-174.29,10.0,5.1
2014-10-02T12:57:05,52.319,158.053,143.0,5.7
2014-10-02T15:56:32,36.37,97.768,12.3,5.1
2014-10-03T00:57:30,40.156,142.766,30.0,5.5
2014-10-03T05:37:18,4.743,-82.61,10.0,5.3
2014-10-03T08:05:44,11.327,122.119,19.4,5.5
2014-10-03T18:28:24,-21.007,-174.198,4.9,5.3
2014-10-03T22:20:45,34.435,26.301,15.5,5.1
2014-10-04T00:34:00,44.606,147.951,98.1,5.0
2014-10-04T17:38:42,10.921,125.961,63.7,5.2
2014-10-04T18:34:45,-14.234,166.611,10.0,5.3
2014-10-04T19:16:36,17.418,-94.822,145.8,5.6
2014-10-04T21:18:08,1.451,126.433,43.5,5.1
2014-10-05T07:24:43,-49.798,125.769,10.0,5.5
2014-10-05T14:52:32,-1.312,132.402,3.0,5.3
2014-10-05T17:16:47,-19.696,-176.069,10.0,5.0
2014-10-06T01:14:31,-38.563,176.443,123.2,5.1
2014-10-06T03:26:59,-40.119,46.145,10.0,5.1
2014-10-06T14:04:05,15.412,147.226,4.0,5.7
2014-10-07T04:28:55,11.503,-85.721,190.8,5.1
2014-10-07T05:09:10,-19.653,-69.769,109.2,5.4
2014-10-07T10:22:30,64.53,-17.199,4.0,5.5
2014-10-07T12:33:22,-20.016,-70.986,11.9,5.3
2014-10-07T13:49:39,23.383,100.47,8.5,6.1
2014-10-08T02:40:53,23.844,-108.331,10.0,6.1
2014-10-08T03:04:08,30.314,-41.886,10.0,5.6
2014-10-09T02:14:31,-32.108,-110.811,16.5,7.0
2014-10-09T02:32:05,-32.095,-110.865,10.0,6.6
2014-10-09T03:19:38,-32.117,-110.685,15.3,5.2
2014-10-09T08:14:23,-32.614,-111.656,10.0,5.7
2014-10-09T19:20:05,20.264,120.2,10.0,5.1
2014-10-09T20:59:59,-31.991,-111.195,10.0,5.7
2014-10-10T04:07:50,-32.165,-110.836,10.0,5.6
2014-10-10T06:22:57,8.37,-83.126,20.5,5.0
2014-10-10T07:33:07,44.183,149.067,29.2,5.1
2014-10-10T12:58:18,4.353,126.331,73.5,5.0
2014-10-10T17:12:25,-32.79,-111.643,10.0,5.2
2014-10-10T18:59:00,-32.084,-110.783,10.0,5.2
2014-10-11T02:35:47,41.027,143.165,22.0,6.1
2014-10-11T05:20:35,40.954,143.08,20.0,5.4
2014-10-11T16:46:02,16.025,-95.649,10.0,5.5
2014-10-12T05:17:37,57.299,-33.267,10.0,5.3
2014-10-12T05:40:43,57.282,-33.267,10.0,5.6
2014-10-12T08:43:44,64.533,-17.657,10.0,5.1
2014-10-12T10:44:11,-22.871,-68.063,120.1,5.0
2014-10-12T17:07:47,-22.179,-11.96,10.0,5.3
2014-10-12T19:03:54,-5.425,152.155,16.0,5.2
2014-10-12T19:34:23,-5.388,152.15,35.0,5.1
2014-10-12T19:41:52,-5.433,152.089,35.0,5.3
2014-10-12T19:54:46,-5.409,152.091,35.0,5.2
2014-10-12T20:57:59,-5.406,152.058,35.0,5.1
2014-10-12T23:39:20,-5.396,152.275,35.0,5.0
2014-10-13T03:21:24,-32.559,-111.288,10.0,5.0
2014-10-13T05:13:44,-46.207,165.963,20.0,5.8
2014-10-13T15:14:27,-15.25,-73.53,95.0,5.4
2014-10-13T22:05:39,-6.666,129.704,155.1,5.3
2014-10-14T03:51:34,12.526,-88.122,40.0,7.3
2014-10-14T04:12:27,-34.816,179.864,14.2,5.7
2014-10-14T08:35:23,-30.038,-177.512,34.6,5.2
2014-10-14T09:16:43,-33.733,-72.071,19.1,5.0
2014-10-14T18:08:45,40.93,143.234,29.3,5.0
2014-10-14T18:36:06,7.557,94.241,10.0,5.0
2014-10-14T22:52:08,26.253,127.422,34.6,5.3
2014-10-15T08:44:49,44.13,149.122,20.5,5.0
2014-10-15T11:16:33,64.481,-18.004,10.0,5.5
2014-10-15T13:35:52,32.527,47.806,10.0,5.7
2014-10-15T18:32:19,-3.162,128.022,31.8,5.0
2014-10-15T23:53:02,31.786,140.505,60.0,5.5
2014-10-16T00:56:30,1.048,97.221,26.8,5.1
2014-10-16T02:11:13,-45.817,-14.136,14.7,5.0
2014-10-16T08:34:48,3.95,93.439,12.0,5.3
2014-10-16T09:24:30,-15.156,-173.527,10.0,5.1
2014-10-16T17:08:17,5.508,126.424,44.0,5.0
2014-10-17T09:26:00,-6.496,107.173,151.6,5.2
2014-10-17T14:50:58,-19.209,-175.79,196.6,5.0
2014-10-17T17:41:34,29.702,128.518,41.3,5.0
2014-10-18T08:02:34,-6.02,103.947,75.1,5.1
2014-10-18T09:40:13,64.725,-17.277,8.8,5.3
2014-10-18T09:40:54,-33.184,-179.176,10.0,5.0
2014-10-18T12:14:09,-58.438,-26.543,161.9,5.0
2014-10-18T17:23:56,-46.846,33.489,10.0,5.0
2014-10-19T18:14:30,14.232,124.48,52.6,5.0
2014-10-19T18:58:33,-3.37,150.92,10.0,5.2
2014-10-19T19:38:38,-3.326,150.843,10.0,5.8
2014-10-19T19:51:10,8.701,-39.406,10.0,5.3
2014-10-19T20:06:13,8.68,-39.334,10.0,5.4
2014-10-19T20:47:29,-15.937,-174.502,10.0,5.0
2014-10-20T06:27:50,-1.96,127.61,31.0,5.0
2014-10-20T07:58:52,-61.947,161.324,10.0,5.7
2014-10-20T14:53:01,8.578,-39.391,10.0,5.1
2014-10-20T16:34:22,-15.543,-173.237,10.0,5.3
2014-10-20T19:33:21,0.662,-77.89,10.0,5.6
2014-10-21T08:36:40,64.517,-17.11,10.0,5.2
2014-10-21T23:01:18,-63.46,169.662,10.0,5.6
2014-10-22T00:15:17,27.416,128.553,43.0,5.8
2014-10-22T08:13:56,-63.13,170.115,10.0,5.0
2014-10-22T09:50:44,-63.103,170.7,10.0,5.0
2014-10-22T10:16:19,51.659,-176.912,52.8,5.2
2014-10-22T12:38:21,-55.368,-27.996,10.0,5.0
2014-10-22T21:56:55,14.951,-44.942,10.0,5.3
2014-10-23T06:59:20,1.723,127.33,103.0,5.2
2014-10-23T09:56:36,-63.022,171.14,10.0,5.0
2014-10-23T12:18:32,-33.242,-179.487,35.0,5.3
2014-10-23T16:30:23,65.164,-149.052,20.1,5.0
2014-10-23T23:38:52,-33.989,-72.283,17.3,5.0
2014-10-24T02:23:46,1.456,126.446,43.6,5.2
2014-10-24T11:21:21,-44.324,-82.055,10.0,5.2
2014-10-24T12:38:56,27.772,57.4,23.8,5.3
2014-10-24T23:43:15,38.919,21.125,0.1,5.3
2014-10-25T01:48:38,64.446,-17.624,7.1,5.0
2014-10-26T05:54:47,64.531,-17.324,8.0,5.3
2014-10-26T08:56:41,-10.24,112.8,36.1,5.0
2014-10-26T10:45:31,-10.557,-74.084,125.0,5.7
2014-10-26T12:13:24,-5.388,150.477,40.6,5.2
2014-10-26T19:47:35,-4.771,152.634,60.3,5.0
2014-10-26T20:47:37,-65.33,174.805,10.0,5.0
2014-10-27T08:32:09,9.67,126.749,58.8,5.1
2014-10-27T08:34:20,9.758,126.751,46.1,5.5
2014-10-27T09:54:04,51.436,-177.844,52.6,5.1
2014-10-27T13:11:41,-11.936,166.536,138.5,5.1
2014-10-28T03:15:37,-15.295,-174.675,8.0,6.0
2014-10-28T13:13:08,-36.014,53.513,10.0,5.4
2014-10-29T16:28:05,-6.024,148.772,73.3,5.2
2014-10-29T21:14:54,-5.997,148.725,70.7,5.2
2014-10-30T12:11:35,-6.988,117.589,535.0,5.7
2014-10-30T22:37:15,-16.151,-73.635,64.0,5.1
2014-10-31T01:30:38,64.76,-17.237,5.4,5.2
2014-10-31T17:04:58,-5.418,35.895,10.0,5.1
2014-10-31T17:54:14,-10.749,165.268,35.2,5.0
2014-10-31T18:42:18,-7.605,-76.362,17.6,5.4
2014-10-31T21:32:26,64.621,-17.777,10.4,5.0
2014-11-01T10:05:43,-31.92,-111.107,10.0,5.8
2014-11-01T10:59:54,-31.852,-111.244,10.0,6.0
2014-11-01T18:57:22,-19.69,-177.759,434.0,7.1
2014-11-01T22:13:14,-9.782,159.758,24.5,5.3
2014-11-02T16:05:46,64.567,-17.065,10.0,5.4
2014-11-02T17:17:04,-61.22,154.278,10.0,6.0
2014-11-02T18:25:40,-10.959,29.737,10.0,5.3
2014-11-03T07:18:08,4.627,-32.57,10.0,5.1
2014-11-03T08:23:53,4.666,-32.68,10.0,5.5
2014-11-03T08:27:05,4.842,-32.739,10.0,5.1
2014-11-03T08:48:29,-41.732,79.96,10.0,6.3
2014-11-03T08:56:30,-7.409,105.967,25.0,5.0
2014-11-03T12:36:17,-41.808,79.96,10.0,5.1
2014-11-04T04:19:10,0.078,123.654,129.2,5.1
2014-11-04T11:26:25,-15.468,-173.165,6.0,5.0
2014-11-04T18:21:03,-28.602,-179.055,354.3,5.2
2014-11-05T23:28:32,-5.189,153.631,77.6,5.1
2014-11-06T15:46:20,7.42,94.332,28.8,5.3
2014-11-07T00:20:47,4.78,95.065,39.0,5.5
2014-11-07T01:59:19,13.635,-90.669,66.7,5.2
2014-11-07T03:33:55,-5.987,148.232,53.2,6.6
2014-11-07T06:51:00,-60.135,-26.857,53.9,5.1
2014-11-07T07:11:23,64.586,-17.534,8.0,5.2
2014-11-07T07:41:38,38.1,20.44,18.0,5.1
2014-11-07T17:34:51,-6.435,148.584,48.1,5.2
2014-11-07T22:54:59,6.775,126.755,73.0,5.1
2014-11-07T23:54:22,37.804,142.299,42.4,5.1
2014-11-08T12:42:42,4.993,126.243,89.8,5.0
2014-11-08T16:09:02,-21.012,-179.016,611.3,5.1
2014-11-08T23:15:42,38.1,20.44,18.0,5.1
2014-11-09T07:12:04,-51.586,139.724,10.0,5.0
2014-11-09T16:26:03,-23.394,-179.852,547.5,5.0
2014-11-09T21:19:41,64.556,-17.465,7.4,5.4
2014-11-10T02:39:02,-23.978,69.558,10.0,5.2
2014-11-10T04:41:14,10.031,126.736,8.0,5.2
2014-11-10T10:04:21,-22.773,171.453,7.0,5.9
2014-11-10T11:38:59,-21.631,-68.725,111.3,5.6
2014-11-10T13:52:37,27.902,55.857,10.0,5.4
2014-11-10T21:38:00,-30.043,-177.855,29.0,5.7
2014-11-10T23:49:51,-58.853,-25.523,45.4,5.0
2014-11-11T05:04:42,7.581,94.361,10.0,5.1
2014-11-11T07:50:07,7.461,94.304,8.0,5.3
2014-11-11T08:04:35,7.448,94.196,10.0,5.1
2014-11-11T10:05:42,27.897,55.937,8.0,5.0
2014-11-11T21:22:25,-6.777,129.494,160.0,5.1
2014-11-12T11:04:48,33.021,140.662,66.2,5.1
2014-11-12T11:16:46,1.134,-85.383,10.0,5.5
2014-11-13T07:22:23,-58.757,-25.206,35.0,5.0
2014-11-13T10:24:18,-15.216,173.084,10.0,6.0
2014-11-13T10:42:19,-10.625,165.563,65.2,5.1
2014-11-13T12:21:06,-18.498,169.115,211.0,5.5
2014-11-13T16:14:00,13.122,-87.582,199.8,5.2
2014-11-14T01:24:15,42.092,77.262,10.0,5.2
2014-11-14T04:16:07,45.207,150.966,20.0,5.3
2014-11-14T06:09:45,52.332,160.908,41.8,5.0
2014-11-14T07:52:23,-3.992,142.654,83.2,5.0
2014-11-14T09:51:30,51.946,176.79,82.7,5.0
2014-11-14T11:25:49,64.539,-17.273,7.7,5.2
2014-11-15T00:18:39,-12.69,-76.735,44.9,5.4
2014-11-15T02:31:41,1.893,126.522,45.0,7.1
2014-11-15T02:34:59,1.673,126.298,44.9,5.9
2014-11-15T02:40:06,0.571,126.032,35.0,5.1
2014-11-15T02:43:16,1.724,126.283,35.0,5.1
2014-11-15T03:08:04,-0.145,123.889,90.3,5.9
2014-11-15T03:23:00,1.826,126.488,18.0,5.0
2014-11-15T05:20:37,-17.235,-69.917,152.7,5.0
2014-11-15T09:26:57,1.85,126.632,35.0,5.0
2014-11-15T09:47:57,1.786,126.563,35.0,5.5
2014-11-15T11:12:02,1.777,126.496,35.0,5.4
2014-11-15T18:22:42,-58.018,-25.39,55.6,5.0
2014-11-15T18:56:33,-1.097,123.557,38.0,5.0
2014-11-16T01:37:16,64.597,-17.678,5.7,5.3
2014-11-16T10:21:21,10.565,-86.058,28.4,5.2
2014-11-16T11:06:08,1.647,97.921,36.0,5.2
2014-11-16T22:33:20,-37.648,179.662,22.0,6.7
2014-11-17T01:05:57,-9.548,155.139,10.0,5.8
2014-11-17T04:34:12,20.78,94.421,66.0,5.3
2014-11-17T11:27:06,-36.001,-102.197,19.1,5.5
2014-11-17T13:27:17,-9.774,155.142,20.0,5.3
2014-11-17T13:34:11,19.544,120.268,10.0,5.1
2014-11-17T14:01:27,19.571,120.353,10.0,5.3
2014-11-17T14:13:41,19.625,120.427,10.0,5.4
2014-11-17T14:16:31,19.472,120.259,10.0,5.0
2014-11-17T16:52:46,-46.348,33.804,10.0,6.1
2014-11-17T19:06:31,-7.062,120.36,589.4,5.1
2014-11-17T23:05:58,38.671,23.378,23.3,5.4
2014-11-17T23:09:04,38.68,23.31,10.0,5.1
2014-11-18T00:37:25,38.192,72.97,138.2,5.0
2014-11-18T03:25:37,7.484,94.359,6.6,5.6
2014-11-18T04:47:16,1.869,126.475,30.0,5.8
2014-11-18T06:06:24,7.453,94.382,10.0,5.2
2014-11-18T07:59:13,31.676,-40.709,10.0,5.4
2014-11-18T09:15:53,19.471,120.418,10.0,5.3
2014-11-18T12:43:22,1.968,126.38,35.0,5.2
2014-11-18T15:20:49,30.044,131.123,18.6,5.0
2014-11-18T16:02:06,-23.534,-175.088,10.0,5.3
2014-11-19T02:56:27,-10.482,123.844,24.5,5.2
2014-11-19T05:06:30,-2.724,68.024,10.0,5.1
2014-11-19T11:39:49,14.794,-93.319,60.9,5.0
2014-11-19T14:34:42,30.611,131.352,22.6,5.1
2014-11-19T17:46:22,24.885,122.081,10.0,5.2
2014-11-20T01:51:42,37.323,141.608,32.0,5.6
2014-11-20T06:05:45,7.428,94.334,27.2,5.0
2014-11-20T18:14:37,23.508,93.515,49.0,5.6
2014-11-21T03:29:11,20.654,120.072,4.0,5.8
2014-11-21T08:58:04,36.516,71.009,234.6,5.2
2014-11-21T10:10:19,2.3,127.056,35.0,6.5
2014-11-22T04:18:40,-17.668,168.262,63.7,5.2
2014-11-22T06:50:53,-20.068,-71.128,14.6,5.0
2014-11-22T08:43:53,-8.765,-74.603,137.8,5.1
2014-11-22T08:55:26,30.34,101.737,9.0,5.9
2014-11-22T13:08:18,36.641,137.888,9.0,6.2
2014-11-22T13:45:26,36.522,66.582,21.6,5.4
2014-11-22T16:33:54,-49.204,108.887,10.0,5.0
2014-11-22T19:14:16,45.898,27.15,32.0,5.6
2014-11-23T11:01:25,43.82,-128.547,10.0,5.2
2014-11-23T13:34:54,39.602,143.262,18.2,5.0
2014-11-24T09:03:28,64.673,-17.557,10.0,5.2
2014-11-24T15:30:08,2.769,96.155,46.0,5.3
2014-11-24T21:02:19,-5.963,154.962,170.0,5.6
2014-11-25T05:19:54,5.745,61.285,10.0,5.0
2014-11-25T15:19:08,30.188,101.762,9.0,5.6
2014-11-25T16:29:51,2.356,127.003,37.4,5.1
2014-11-25T19:47:53,-39.705,-15.941,13.9,5.1
2014-11-25T20:20:16,6.759,-72.949,165.9,5.1
2014-11-25T20:33:38,21.814,143.46,47.4,5.0
2014-11-26T12:42:37,48.837,154.108,102.4,5.0
2014-11-26T13:08:36,5.802,61.369,10.0,5.2
2014-11-26T14:33:43,1.96,126.575,39.0,6.8
2014-11-26T14:48:31,1.94,126.433,42.6,5.1
2014-11-26T14:49:49,1.812,126.458,30.4,5.6
2014-11-26T15:02:47,1.835,126.509,35.0,5.0
2014-11-26T16:40:30,-4.8,152.956,55.6,5.0
2014-11-26T17:16:02,1.771,126.489,35.0,5.0
2014-11-26T22:26:00,8.239,-104.113,10.0,5.4
2014-11-27T00:18:27,5.81,61.304,10.0,5.3
2014-11-27T11:10:17,-57.891,-25.527,35.0,5.1
2014-11-27T15:05:50,-21.071,-175.484,77.0,5.2
2014-11-28T01:18:45,12.514,92.796,43.8,5.3
2014-11-28T04:36:24,8.738,-77.49,62.1,5.1
2014-11-28T12:42:09,2.208,121.365,44.3,5.0
2014-11-28T13:23:15,5.753,61.326,10.0,5.4
2014-11-28T15:03:56,-4.875,151.551,144.8,5.0
2014-11-28T19:06:25,-30.738,76.202,15.3,5.0
2014-11-28T19:29:33,1.908,126.437,47.3,5.2
2014-11-29T04:14:16,62.724,-150.485,97.1,5.1
2014-11-29T13:05:08,5.731,61.381,10.0,5.6
2014-11-29T14:18:07,-19.997,-71.069,6.1,5.3
2014-11-29T15:36:17,19.851,121.373,35.0,5.2
2014-11-29T19:40:10,2.384,127.008,37.0,5.8
2014-11-30T00:39:25,-3.342,145.088,10.0,5.0
2014-11-30T05:48:22,5.78,61.385,10.0,5.1
2014-11-30T18:03:05,3.47,90.142,35.0,5.0
2014-12-01T03:47:49,5.913,61.366,10.0,5.2
2014-12-01T11:06:34,5.397,126.651,61.2,5.2
2014-12-01T12:52:35,64.527,-17.6,6.1,5.4
2014-12-01T13:04:24,-48.853,164.445,21.0,5.7
2014-12-01T22:47:26,1.599,67.703,10.0,5.4
2014-12-02T02:18:28,64.666,-17.487,2.5,5.3
2014-12-02T04:53:45,5.968,61.305,13.2,5.4
2014-12-02T05:11:31,6.157,123.126,614.0,6.6
2014-12-02T16:33:14,51.636,-171.201,53.3,5.1
2014-12-03T00:27:04,-2.932,122.423,10.0,5.5
2014-12-03T09:38:36,-22.59,-70.306,55.8,5.2
2014-12-03T12:59:27,-2.156,-76.771,153.4,5.3
2014-12-04T02:19:06,-6.328,154.907,10.0,5.0
2014-12-04T10:53:30,-12.063,65.566,10.0,5.4
2014-12-04T18:45:14,-24.598,-177.075,109.4,5.4
2014-12-05T10:43:55,-6.839,128.316,251.5,5.1
2014-12-05T12:35:50,30.987,141.889,10.0,5.0
2014-12-05T15:39:04,1.972,126.529,41.5,5.3
2014-12-05T16:01:56,35.514,135.719,355.1,5.0
2014-12-05T18:43:46,23.336,100.474,11.0,5.6
2014-12-05T21:04:58,64.555,-17.311,0.2,5.4
2014-12-05T21:15:15,-13.353,166.263,35.6,5.3
2014-12-06T01:45:06,38.894,26.272,12.4,5.1
2014-12-06T10:20:01,23.358,100.533,10.0,5.6
2014-12-06T17:21:49,7.982,-82.734,15.0,6.0
2014-12-06T22:05:10,-6.11,130.483,116.0,6.0
2014-12-07T01:22:02,-6.511,154.46,23.0,6.6
2014-12-07T01:40:04,-6.469,154.41,10.0,5.0
2014-12-07T02:24:32,-6.775,154.305,10.0,5.0
2014-12-07T03:30:01,-6.461,154.259,10.0,5.6
2014-12-07T08:18:07,-6.379,154.384,10.0,5.2
2014-12-07T12:11:31,13.746,-91.382,28.0,5.9
2014-12-07T14:19:29,-6.521,154.534,10.0,5.0
2014-12-07T14:51:59,44.598,149.243,59.4,5.1
2014-12-07T15:35:44,13.846,-60.316,32.5,5.0
2014-12-07T17:55:28,-6.475,154.315,10.0,5.4
2014-12-07T21:16:35,13.672,-91.473,32.0,6.1
2014-12-08T01:28:18,1.736,126.928,117.8,5.2
2014-12-08T07:35:52,1.937,126.327,20.0,5.4
2014-12-08T08:54:52,7.94,-82.686,20.0,6.6
2014-12-08T09:52:04,50.316,158.084,47.1,5.6
2014-12-08T12:51:26,-1.82,138.738,40.2,5.4
2014-12-08T13:15:04,-6.498,154.586,10.0,5.0
2014-12-08T15:08:54,-2.6,140.342,35.0,5.2
2014-12-08T18:44:47,8.034,-82.67,42.5,5.3
2014-12-09T01:31:07,-34.556,-108.867,15.1,5.1
2014-12-09T02:01:27,-6.37,154.343,10.0,5.1
2014-12-09T02:33:32,-6.438,154.395,7.0,5.4
2014-12-09T03:09:22,1.538,126.232,40.7,5.7
2014-12-09T04:06:16,-6.381,154.259,10.0,5.0
2014-12-09T05:18:28,-49.762,122.691,10.0,5.1
2014-12-09T08:03:57,-53.683,-134.562,10.0,5.0
2014-12-09T19:23:36,-58.993,-25.6,50.8,5.1
2014-12-10T12:49:51,-18.493,-173.077,10.0,5.0
2014-12-10T20:27:54,19.13,121.172,45.6,5.0
2014-12-10T21:03:39,25.54,122.45,256.0,6.1
2014-12-11T00:43:22,11.582,141.465,35.0,5.1
2014-12-11T13:53:29,-56.751,-25.425,10.0,5.5
2014-12-11T14:01:37,-56.767,-25.469,10.0,5.1
2014-12-11T18:16:50,-56.825,-25.257,10.0,5.1
2014-12-11T22:27:45,-20.935,-178.908,603.5,5.0
2014-12-12T06:05:06,-55.239,-128.566,10.0,5.2
2014-12-12T08:02:06,-46.969,165.899,10.0,5.2
2014-12-12T12:31:52,44.565,149.282,41.0,5.0
2014-12-12T12:35:30,-19.917,-70.93,20.0,5.1
2014-12-12T20:22:35,-18.904,-176.444,316.4,5.8
2014-12-12T20:45:40,30.413,50.498,12.6,5.2
2014-12-13T04:59:59,27.055,-44.364,10.0,5.1
2014-12-13T09:17:49,1.813,126.445,35.0,5.0
2014-12-13T12:46:44,-28.966,-112.204,10.0,5.4
2014-12-13T15:01:43,-56.648,-26.76,75.3,5.2
2014-12-13T16:59:53,-55.82,-125.236,10.0,5.3
2014-12-13T19:24:59,-56.757,-150.524,10.0,5.0
2014-12-14T07:14:08,-30.55,-178.103,34.6,5.2
2014-12-14T12:41:54,-20.833,-176.697,247.0,5.3
2014-12-15T01:18:48,-5.611,150.608,118.5,5.1
2014-12-15T09:26:54,64.607,-17.199,10.0,5.4
2014-12-16T10:12:51,31.11,141.78,10.0,5.1
2014-12-16T10:45:24,-56.744,-150.499,0.0,5.3
2014-12-16T11:36:34,-10.902,165.968,55.6,5.2
2014-12-16T17:06:41,15.996,120.073,57.0,5.0
2014-12-16T20:27:43,-4.914,133.825,34.0,5.1
2014-12-17T06:10:05,-3.83,100.143,10.0,5.9
2014-12-17T09:46:58,-5.523,151.393,74.7,5.3
2014-12-17T13:05:18,-7.273,155.001,10.0,5.1
2014-12-17T13:58:50,64.591,-17.763,8.2,5.3
2014-12-17T15:24:31,2.718,95.766,27.8,5.3
2014-12-18T07:47:45,-19.587,-175.485,197.7,5.2
2014-12-18T15:32:12,27.74,86.37,33.6,5.0
2014-12-18T20:10:53,-56.628,-25.37,10.0,5.5
2014-12-19T02:22:39,-56.851,-150.354,10.0,5.1
2014-12-19T04:47:40,42.702,145.51,28.2,5.3
2014-12-19T12:51:20,-38.368,178.052,34.6,5.1
2014-12-19T14:41:46,6.948,94.719,35.0,5.3
2014-12-19T19:49:30,16.195,-61.809,118.1,5.6
2014-12-20T09:29:57,37.402,141.553,31.3,5.9
2014-12-20T18:43:01,-6.128,102.185,12.7,5.0
2014-12-21T00:25:20,11.452,125.94,12.0,5.4
2014-12-21T02:57:38,50.959,-130.194,10.0,5.2
2014-12-21T05:37:39,24.2,94.694,99.7,5.1
2014-12-21T05:39:36,30.908,142.014,29.3,5.1
2014-12-21T09:40:47,50.79,-130.52,10.0,5.2
2014-12-21T10:00:09,11.581,125.982,10.0,5.2
2014-12-21T11:34:13,2.089,126.648,41.0,6.3
2014-12-21T13:29:57,2.04,126.602,56.9,5.2
2014-12-21T13:40:41,2.055,126.577,48.5,5.2
2014-12-21T14:18:41,2.124,126.617,53.1,5.2
2014-12-21T21:13:52,19.203,145.772,135.8,5.0
2014-12-22T07:19:41,-54.105,-146.094,14.0,5.8
2014-12-22T13:00:13,-7.087,129.103,180.6,5.0
2014-12-22T22:35:48,-7.372,155.888,59.5,5.1
2014-12-22T22:38:57,-7.362,155.875,57.5,5.1
2014-12-22T22:39:39,-7.356,155.833,69.4,5.1
2014-12-23T20:03:57,-21.971,170.718,102.5,5.0
2014-12-23T21:19:51,-6.731,155.09,35.0,5.1
2014-12-24T00:29:58,-56.805,-150.568,10.0,5.1
2014-12-24T01:19:38,-56.3,147.257,10.0,5.5
2014-12-24T01:58:01,-56.394,147.336,4.0,5.9
2014-12-24T02:01:37,15.698,144.97,49.7,5.0
2014-12-24T02:36:04,-56.659,147.383,10.0,5.1
2014-12-24T06:02:05,-4.051,134.923,10.0,5.3
2014-12-24T08:44:35,-25.855,-179.836,468.9,5.0
2014-12-24T21:34:05,-6.223,131.138,49.0,5.2
2014-12-24T23:06:05,37.252,141.558,10.0,5.2
2014-12-25T00:48:25,-7.366,155.965,10.0,5.3
2014-12-25T06:45:42,24.415,-109.076,10.0,5.1
2014-12-25T22:53:26,64.555,-17.289,7.2,5.0
2014-12-26T17:55:18,36.524,3.067,14.3,5.1
2014-12-26T23:52:15,6.519,-82.346,10.0,5.9
2014-12-27T07:25:37,55.403,-35.149,10.0,5.3
2014-12-27T12:06:27,-56.761,-150.587,10.0,5.3
2014-12-27T18:53:47,-17.926,-179.49,621.8,5.5
2014-12-27T22:31:18,-0.652,-20.739,10.0,5.3
2014-12-28T05:05:13,-56.326,-27.089,113.0,5.0
2014-12-28T11:49:47,38.395,144.395,35.0,5.1
2014-12-28T17:24:32,0.937,-30.508,10.0,5.0
2014-12-28T20:30:54,-59.767,-27.154,113.7,5.2
2014-12-29T09:29:37,8.634,121.521,8.0,6.1
2014-12-29T17:41:49,-56.659,-24.851,19.0,5.6
2014-12-29T20:34:11,41.701,19.278,7.0,5.0
2014-12-29T23:37:59,-20.583,-177.654,503.6,5.0
2014-12-30T00:11:14,64.628,-17.704,8.9,5.0
2014-12-30T04:19:33,28.44,51.84,28.0,5.3
2014-12-30T11:03:36,-56.884,-150.629,10.0,5.2
2014-12-30T13:13:36,9.899,126.226,49.2,5.0
2014-12-30T18:42:48,-56.453,147.176,13.0,5.1
2014-12-30T19:09:08,9.818,126.279,65.8,5.0
2014-12-30T21:17:23,-20.326,-178.564,599.3,6.0
2014-12-31T00:06:09,-20.31,-178.546,605.8,5.4
2014-12-31T00:21:48,13.787,146.244,59.9,5.1
2014-12-31T01:37:33,-4.438,144.002,123.0,5.8
2014-12-31T02:47:31,-25.495,178.222,608.9,5.1
2014-12-31T07:54:36,24.671,122.558,103.9,5.2
2014-12-31T09:26:22,13.748,120.667,110.0,5.5
2014-12-31T19:47:36,-10.027,33.863,14.9,5.1
2014-12-31T21:17:04,-17.698,-178.765,575.2,5.0
2015-01-01T08:49:53,28.728,51.858,10.1,5.1
2015-01-01T12:16:14,40.442,-125.775,23.9,5.4
2015-01-02T08:21:55,6.574,60.365,10.0,5.5
2015-01-02T08:25:52,6.449,60.298,10.0,5.4
2015-01-02T10:15:34,50.863,-130.365,10.0,5.4
2015-01-02T11:01:22,-4.095,-104.304,10.0,5.3
2015-01-02T20:11:08,2.489,126.448,48.2,5.1
2015-01-02T22:07:30,-56.907,-150.622,10.0,5.3
2015-01-03T08:03:31,0.007,123.794,118.2,5.0
2015-01-03T17:44:03,44.507,-114.112,8.5,5.0
2015-01-03T20:59:57,-17.156,168.777,29.2,5.1
2015-01-04T05:51:25,29.272,130.552,26.2,5.1
2015-01-04T14:35:29,-56.851,-150.575,10.0,5.3
2015-01-04T21:23:15,14.511,-44.99,10.0,5.0
2015-01-04T23:44:05,-7.018,150.9,35.0,5.1
2015-01-05T05:18:51,-4.468,151.308,24.7,5.1
2015-01-05T15:16:27,30.606,142.194,31.2,5.3
2015-01-05T15:31:18,30.535,142.033,27.0,5.0
2015-01-05T17:48:42,-43.055,171.236,8.1,5.6
2015-01-05T21:53:20,64.637,-17.702,7.1,5.0
2015-01-06T00:14:21,-49.099,164.679,31.2,5.3
2015-01-06T02:11:13,-56.799,-150.485,10.0,5.0
2015-01-06T22:09:13,55.205,163.245,10.0,5.6
2015-01-07T03:06:45,-36.322,-103.672,10.0,5.2
2015-01-07T04:48:33,24.26,121.7,22.0,5.1
2015-01-07T05:07:07,5.904,-82.658,8.0,6.5
2015-01-07T05:36:07,5.379,-82.547,10.0,5.0
2015-01-07T14:45:36,-6.116,146.691,52.7,5.1
2015-01-08T14:56:30,-61.612,161.335,10.0,5.7
2015-01-08T18:42:12,43.692,144.868,132.3,5.3
2015-01-08T18:47:12,64.561,-17.773,9.5,5.1
2015-01-08T23:51:45,-54.523,-132.784,10.0,5.4
2015-01-09T00:04:55,-54.186,-134.034,10.0,5.1
2015-01-09T22:59:11,2.591,96.095,49.9,5.1
2015-01-10T02:05:46,-5.655,68.361,10.0,5.6
2015-01-10T03:14:34,-15.871,-172.986,36.5,5.1
2015-01-10T06:51:02,40.113,77.262,47.8,5.1
2015-01-10T17:03:07,28.72,51.816,8.7,5.0
2015-01-10T17:55:02,-21.633,-68.534,108.8,5.5
2015-01-10T19:32:00,14.771,120.246,59.0,5.9
2015-01-11T08:39:26,-3.584,154.304,56.8,5.1
2015-01-11T20:34:32,77.326,7.916,10.0,5.4
2015-01-12T00:19:57,-20.041,66.33,10.0,5.0
2015-01-12T03:04:20,-16.85,-14.367,10.0,5.0
2015-01-12T07:57:27,15.477,-93.381,75.0,5.5
2015-01-12T20:25:14,-5.587,133.922,20.9,5.6
2015-01-13T05:24:46,-5.397,146.086,58.2,5.0
2015-01-13T05:26:59,30.599,131.432,41.1,5.0
2015-01-13T17:47:17,-28.198,-178.174,194.4,5.0
2015-01-13T18:03:43,27.164,143.573,25.8,5.0
2015-01-13T20:03:58,-6.392,147.064,45.9,5.2
2015-01-14T05:21:38,29.352,103.199,10.0,5.3
2015-01-14T12:09:35,48.931,141.982,577.0,5.0
2015-01-15T00:09:27,0.144,119.966,61.8,5.2
2015-01-15T14:01:52,-4.762,102.794,63.5,5.2
2015-01-15T20:29:13,-26.112,-11.519,10.0,5.2
2015-01-16T07:13:16,-17.852,167.624,8.3,5.0
2015-01-16T11:39:23,-3.379,-79.972,79.0,5.1
2015-01-16T17:15:47,-4.693,151.813,169.6,5.0
2015-01-17T05:09:21,13.947,120.641,146.0,5.3
2015-01-17T18:41:42,-22.237,-63.146,557.2,5.6
2015-01-17T23:39:51,-5.773,131.863,56.8,5.5
2015-01-18T00:27:22,13.927,120.69,149.8,5.3
2015-01-18T04:27:43,28.572,142.488,20.8,5.0
2015-01-18T04:47:38,51.924,179.578,102.0,5.5
2015-01-18T06:41:33,56.161,113.66,10.0,5.0
2015-01-18T08:30:29,-16.412,-14.026,10.0,5.2
2015-01-18T16:15:08,30.483,142.163,10.0,5.3
2015-01-18T23:13:36,-35.456,-105.757,8.3,5.7
2015-01-19T02:33:38,-6.164,145.229,130.3,5.0
2015-01-19T12:31:51,73.206,6.368,10.0,5.0
2015-01-19T12:45:12,73.224,6.461,10.0,5.4
2015-01-19T17:19:45,4.608,119.757,11.0,5.5
2015-01-19T23:08:57,14.974,147.055,45.7,5.0
2015-01-20T03:02:14,5.874,127.05,103.9,5.0
2015-01-20T06:59:52,14.98,-91.459,154.0,5.5
2015-01-20T12:07:18,-6.178,154.426,57.3,5.1
2015-01-20T14:34:51,-5.376,102.464,36.5,5.0
2015-01-20T17:34:41,-23.354,-70.883,20.6,5.2
2015-01-21T05:20:27,5.749,125.376,78.4,5.2
2015-01-21T06:51:14,17.996,146.563,79.1,5.4
2015-01-21T19:52:56,-5.659,146.332,63.3,5.1
2015-01-21T20:08:33,-5.655,146.328,49.0,5.7
2015-01-22T00:39:16,73.251,6.487,10.0,5.1
2015-01-22T14:49:19,19.496,121.332,29.8,5.0
2015-01-23T03:47:27,-17.031,168.52,220.0,6.8
2015-01-23T20:35:33,-29.463,60.748,15.1,5.0
2015-01-23T21:16:29,-56.371,-26.688,48.9,5.1
2015-01-25T09:20:56,1.141,126.43,35.0,5.3
2015-01-25T20:11:19,27.46,56.19,9.0,5.0
2015-01-25T23:55:50,-20.592,169.894,142.2,5.2
2015-01-26T03:30:15,41.292,48.875,50.1,5.0
2015-01-26T04:25:47,-20.858,168.38,29.7,5.0
2015-01-26T07:09:54,9.611,122.376,56.8,5.1
2015-01-26T17:44:52,-54.675,-136.77,10.0,5.6
2015-01-26T19:12:12,-18.79,-174.794,82.5,5.2
2015-01-27T00:53:19,1.337,97.24,12.6,5.7
2015-01-27T21:26:35,-20.595,172.602,10.0,5.0
2015-01-28T02:43:19,-20.966,-178.303,484.1,6.2
2015-01-28T08:38:02,-21.607,-179.342,608.3,5.0
2015-01-28T13:25:33,-41.345,-85.408,10.0,5.1
2015-01-28T15:54:39,34.456,25.088,37.0,5.1
2015-01-28T21:08:53,40.318,-124.607,16.9,5.7
2015-01-28T21:55:22,-24.388,-116.142,10.0,5.0
2015-01-29T02:48:54,1.619,126.337,44.6,5.1
2015-01-29T03:49:35,-19.285,-174.171,39.8,5.6
2015-01-29T09:29:52,2.219,-97.017,18.2,5.0
2015-01-30T03:34:31,-16.914,-14.231,10.0,5.0
2015-01-30T04:30:35,49.495,156.103,25.6,5.1
2015-01-30T17:57:56,-21.245,170.158,7.1,6.0
2015-01-30T18:11:10,-21.211,170.13,7.9,5.1
2015-01-30T18:21:07,-52.539,26.536,11.6,5.1
2015-01-30T18:52:56,-52.532,26.62,8.4,5.1
2015-01-30T21:07:17,-15.094,-173.588,10.0,5.0
2015-01-31T12:29:30,15.241,147.124,5.0,5.5
2015-01-31T12:38:31,56.652,-168.928,10.0,5.3
2015-01-31T17:30:09,-6.828,127.552,345.7,5.2
2015-01-31T17:39:11,56.641,-169.118,5.5,5.4
2015-01-31T18:55:43,7.72,-82.953,15.5,5.3
2015-01-31T18:57:48,5.286,-82.591,10.6,5.1
2015-01-31T20:47:11,56.613,-169.134,12.2,5.1
2015-02-01T04:36:36,-5.451,151.592,58.1,5.0
2015-02-01T11:20:25,56.64,-169.08,10.0,5.1
2015-02-01T11:41:46,-12.38,166.754,176.7,5.5
2015-02-01T13:34:02,-21.274,170.265,7.6,5.7
2015-02-01T13:41:10,-21.378,170.231,10.0,5.0
2015-02-01T13:42:11,-20.821,169.716,10.0,5.1
2015-02-01T17:40:31,56.657,-169.136,10.0,5.3
2015-02-01T20:02:20,-49.318,-8.12,10.0,5.6
2015-02-01T23:33:00,-3.913,-76.618,115.6,5.1
2015-02-02T08:25:48,-1.539,145.214,14.0,5.9
2015-02-02T10:49:48,-32.718,-67.123,172.0,6.3
2015-02-02T15:13:39,13.977,124.578,17.0,5.4
2015-02-02T15:22:10,-22.311,-70.928,26.0,5.0
2015-02-02T21:29:40,-6.119,105.362,43.2,5.2
2015-02-02T22:37:38,-21.46,170.262,14.6,5.4
2015-02-03T07:16:53,52.222,-168.604,14.0,5.5
2015-02-03T07:27:22,52.273,-168.611,10.0,5.3
2015-02-03T11:48:18,-31.386,-177.69,10.0,5.0
2015-02-04T01:51:33,-21.726,-175.716,41.7,5.2
2015-02-04T08:20:43,-25.738,-175.878,19.0,5.5
2015-02-04T10:44:16,32.866,83.43,10.0,5.1
2015-02-04T10:59:28,10.68,-62.835,110.5,5.1
2015-02-04T17:41:44,-0.134,124.993,54.3,5.2
2015-02-05T04:21:50,8.24,-72.14,5.0,5.3
2015-02-05T04:40:51,5.222,-82.622,4.0,5.7
2015-02-05T13:32:54,-21.809,89.703,10.0,5.3
2015-02-05T18:19:27,-7.52,128.372,138.8,5.0
2015-02-06T08:03:19,9.548,126.263,77.2,5.2
2015-02-06T21:01:07,28.351,104.894,10.0,5.0
2015-02-06T22:02:28,12.544,-87.722,77.4,5.4
2015-02-07T18:53:25,-3.437,135.617,43.0,5.2
2015-02-08T15:09:08,-2.432,119.37,37.3,5.6
2015-02-09T07:59:31,0.203,-17.129,10.0,5.3
2015-02-09T12:50:06,-20.53,172.468,48.1,5.0
2015-02-10T13:29:38,11.234,126.182,10.0,5.4
2015-02-10T14:47:50,9.724,57.581,10.0,5.4
2015-02-10T16:09:24,14.003,120.623,134.9,5.1
2015-02-11T03:30:11,13.233,92.347,20.2,5.1
2015-02-11T13:01:15,-23.56,-66.72,202.5,5.5
2015-02-11T18:57:22,-23.112,-66.688,223.0,6.7
2015-02-11T21:29:24,-65.598,-179.601,10.0,5.8
2015-02-12T15:50:59,19.355,-105.74,41.7,5.5
2015-02-13T06:40:03,57.081,163.308,10.0,5.0
2015-02-13T17:02:05,-3.384,148.856,10.0,5.0
2015-02-13T17:30:55,-6.133,146.755,70.8,5.1
2015-02-13T18:48:17,52.508,-31.874,17.6,5.3
2015-02-13T18:59:12,52.649,-31.902,16.7,7.1
2015-02-13T19:33:10,52.624,-32.326,14.1,5.2
2015-02-13T20:06:32,22.637,121.427,30.0,6.2
2015-02-14T16:54:24,-16.891,-14.597,10.0,5.3
2015-02-14T18:59:07,-10.745,161.849,48.0,5.0
2015-02-14T19:12:55,-55.315,-29.632,10.0,5.0
2015-02-15T10:03:10,-18.601,168.928,217.1,5.0
2015-02-15T12:10:41,-4.368,-12.039,10.0,5.1
2015-02-15T12:56:47,-5.763,150.944,74.8,5.3
2015-02-15T13:49:47,-18.305,176.92,16.2,5.4
2015-02-15T21:08:43,-10.911,165.583,63.7,5.2
2015-02-16T22:00:53,-55.52,-28.259,13.0,6.2
2015-02-16T23:06:28,39.856,142.881,23.0,6.7
2015-02-17T02:14:58,0.545,126.027,38.1,5.1
2015-02-17T03:06:30,-55.404,-28.185,11.2,5.3
2015-02-17T04:46:38,40.11,141.891,47.0,5.5
2015-02-17T05:56:57,-37.652,179.647,33.2,5.2
2015-02-17T14:35:54,-32.375,-71.013,72.6,5.4
2015-02-17T16:33:21,39.57,143.583,10.0,5.5
2015-02-18T00:48:28,8.323,-103.159,5.0,5.5
2015-02-18T01:16:17,8.285,-103.054,10.0,5.5
2015-02-18T01:41:12,8.381,-102.955,10.0,5.0
2015-02-18T02:20:37,-7.708,-13.464,10.0,5.4
2015-02-18T04:43:39,-8.894,159.318,135.1,5.4
2015-02-18T09:32:26,-10.76,164.122,10.0,6.1
2015-02-18T14:31:53,2.732,128.554,239.0,5.2
2015-02-18T16:27:23,-10.748,164.136,10.0,5.1
2015-02-18T17:09:41,-10.684,164.071,13.1,5.4
2015-02-18T22:47:05,-56.684,-25.824,10.0,5.2
2015-02-19T10:24:03,-53.442,159.352,10.0,5.5
2015-02-19T13:18:32,-16.431,168.148,10.0,6.4
2015-02-19T13:23:17,-16.454,168.109,10.0,5.2
2015-02-19T14:08:49,-16.101,-178.943,35.0,5.1
2015-02-19T14:32:41,-16.513,168.09,10.0,5.4
2015-02-19T16:32:47,52.81,159.006,82.0,5.4
2015-02-19T19:56:35,-16.394,168.095,24.6,5.1
2015-02-20T04:25:23,39.824,143.587,10.0,6.2
2015-02-20T09:08:15,-22.797,-13.324,10.0,5.2
2015-02-20T15:39:17,-31.06,-178.346,40.8,5.4
2015-02-20T19:28:27,41.947,142.654,60.3,5.3
2015-02-21T10:13:53,39.818,143.486,7.0,6.0
2015-02-21T11:34:06,-16.849,-14.123,10.0,5.3
2015-02-21T19:42:22,-5.452,147.129,213.8,5.3
2015-02-21T19:51:00,-9.128,158.561,33.6,5.1
2015-02-21T22:26:45,4.67,-76.18,95.0,5.1
2015-02-22T02:53:42,40.076,143.621,10.0,5.0
2015-02-22T03:09:13,-64.857,176.627,10.0,5.1
2015-02-22T06:10:33,-4.969,133.902,10.0,5.2
2015-02-22T06:42:54,44.133,85.568,11.9,5.1
2015-02-22T11:48:24,-29.046,-3.906,10.0,5.1
2015-02-22T12:56:24,2.73,-76.501,149.0,5.5
2015-02-22T13:02:16,-17.998,-178.32,593.9,5.1
2015-02-22T14:23:12,18.677,-106.848,5.0,6.2
2015-02-22T19:43:32,39.759,143.282,10.0,5.1
2015-02-23T10:25:06,-36.515,177.267,24.9,5.2
2015-02-24T02:28:54,39.655,143.198,20.0,5.8
2015-02-24T05:13:50,-22.745,-66.663,189.0,5.3
2015-02-24T06:54:48,0.998,-26.102,10.0,5.4
2015-02-24T23:43:18,-10.366,23.478,10.0,5.1
2015-02-25T01:31:41,6.082,119.84,9.0,5.7
2015-02-25T03:02:39,1.746,126.371,35.9,5.3
2015-02-25T07:01:00,31.066,141.82,9.0,5.9
2015-02-25T13:48:31,-40.088,-16.375,10.0,5.0
2015-02-25T19:33:08,-36.583,177.275,12.0,5.1
2015-02-26T01:11:23,38.482,142.043,52.0,5.0
2015-02-26T06:26:52,-19.982,-173.775,8.7,5.4
2015-02-26T09:45:39,50.138,-175.801,35.0,5.4
2015-02-26T21:59:05,34.671,73.278,29.7,5.4
2015-02-26T23:44:53,-5.46,152.883,11.3,5.1
2015-02-27T00:47:38,-38.159,-93.864,10.0,5.3
2015-02-27T11:35:14,-7.053,155.306,63.9,5.3
2015-02-27T13:45:05,-7.297,122.535,552.1,7.0
2015-02-27T16:24:50,16.904,145.83,20.1,5.7
2015-02-27T16:45:20,16.982,145.863,28.3,5.0
2015-02-28T01:02:51,16.98,145.923,17.1,5.0
2015-02-28T10:53:03,-8.907,118.82,117.9,5.1
2015-02-28T19:27:30,-56.349,-27.075,109.5,5.4
2015-03-01T03:32:33,0.024,124.47,62.0,5.6
2015-03-01T07:01:56,4.731,125.78,104.8,5.3
2015-03-01T08:30:03,13.439,-90.999,20.0,5.5
2015-03-01T10:24:41,23.566,98.854,10.0,5.2
2015-03-01T15:08:28,-17.182,-71.838,55.5,5.0
2015-03-02T01:40:52,-0.046,124.534,71.5,5.0
2015-03-02T02:50:47,-59.561,-150.652,13.0,5.5
2015-03-02T13:29:12,-1.846,133.34,40.5,5.1
2015-03-02T16:53:46,-27.866,-71.065,33.7,5.2
2015-03-02T21:51:58,9.873,126.333,70.0,5.0
2015-03-03T10:37:30,-0.779,98.716,28.0,6.1
2015-03-03T12:45:19,-20.358,-69.145,106.2,5.2
2015-03-04T08:35:07,50.27,-129.92,8.6,5.1
2015-03-05T00:07:12,0.206,96.959,10.0,5.3
2015-03-05T02:08:50,-34.319,-72.753,31.5,5.0
2015-03-05T21:30:32,-29.319,-71.111,60.0,5.3
2015-03-05T22:54:48,28.043,56.814,10.0,5.2
2015-03-06T08:22:18,-41.316,80.605,10.0,6.0
2015-03-06T10:39:49,-44.407,-78.393,10.0,5.1
2015-03-07T13:18:23,50.508,-173.29,10.0,5.6
2015-03-07T20:51:43,-24.454,179.255,531.4,5.1
2015-03-07T22:18:57,-6.533,151.734,22.0,5.6
2015-03-08T15:52:23,-19.995,-177.854,565.1,5.1
2015-03-09T02:48:45,6.531,-82.654,11.0,5.8
2015-03-09T06:45:20,-7.308,128.727,128.9,5.2
2015-03-10T11:17:28,13.086,145.57,10.0,5.0
2015-03-10T15:27:57,-52.219,16.992,14.5,5.3
2015-03-10T20:55:44,6.776,-72.988,155.0,6.2
2015-03-11T16:23:37,10.656,-86.402,12.0,5.2
2015-03-12T06:03:40,13.105,145.431,23.3,5.1
2015-03-12T06:05:11,13.23,145.537,10.0,5.1
2015-03-12T06:28:10,13.151,145.408,42.0,5.0
2015-03-12T07:49:59,13.09,145.512,15.0,5.3
2015-03-12T15:23:25,8.057,-39.564,8.7,5.0
2015-03-12T19:47:14,52.865,-162.906,10.0,5.3
2015-03-13T19:16:06,-44.553,-73.034,10.8,5.0
2015-03-14T15:36:08,34.288,141.659,7.2,5.4
2015-03-14T21:59:14,-2.166,141.493,10.0,5.1
2015-03-14T23:32:54,-71.734,-126.475,10.0,5.0
2015-03-15T02:17:07,-22.279,-176.378,112.0,5.5
2015-03-15T04:47:19,18.753,146.423,46.0,5.8
2015-03-15T14:22:54,-5.809,130.36,40.0,5.2
2015-03-15T16:25:36,13.736,-92.903,41.7,5.1
2015-03-15T21:19:13,-9.688,112.885,49.7,5.0
2015-03-15T21:29:59,-15.182,166.782,75.3,5.2
2015-03-15T22:47:35,-26.081,-11.607,15.1,5.4
2015-03-15T23:17:16,-0.541,122.307,31.0,6.1
2015-03-16T03:00:05,-4.074,152.029,196.0,5.9
2015-03-16T22:06:36,-5.692,151.083,79.6,5.1
2015-03-17T19:37:52,-7.49,156.19,25.9,5.0
2015-03-17T20:16:19,-17.824,-178.565,555.9,5.5
2015-03-17T22:12:28,1.669,126.522,44.0,6.2
2015-03-18T18:27:29,-36.117,-73.522,13.0,6.2
2015-03-18T19:07:49,-36.051,-73.641,10.0,5.4
2015-03-19T01:33:05,-36.094,-73.567,4.0,5.0
2015-03-19T03:15:22,53.516,161.824,13.7,5.2
2015-03-19T03:49:23,-55.391,-28.35,28.9,5.0
2015-03-19T08:34:16,-36.023,-73.82,3.9,5.2
2015-03-19T10:05:59,1.943,126.457,31.5,5.4
2015-03-19T11:52:00,-3.303,-80.566,61.0,5.0
2015-03-19T11:57:51,-55.552,-124.572,10.0,5.2
2015-03-20T01:02:51,-6.335,149.969,53.1,5.0
2015-03-20T02:25:50,-20.168,168.09,10.0,5.0
2015-03-20T15:20:35,11.117,-86.896,40.4,5.0
2015-03-20T15:42:52,-4.785,154.878,24.0,5.6
2015-03-20T22:30:07,18.032,-98.514,52.0,5.4
2015-03-21T11:10:17,50.431,-172.971,10.0,5.0
2015-03-21T13:13:21,-31.752,-177.867,10.0,5.4
2015-03-21T16:16:32,-22.285,-177.959,337.0,5.2
2015-03-21T16:58:15,-9.354,-78.717,55.0,5.1
2015-03-21T19:46:30,3.59,127.347,40.1,5.2
2015-03-22T05:46:23,-17.822,-178.447,615.0,5.2
2015-03-22T05:56:22,13.225,145.719,10.0,5.5
2015-03-22T18:12:27,1.951,89.623,15.1,5.1
2015-03-22T22:27:37,6.804,-73.147,154.6,5.1
2015-03-22T22:45:23,40.272,52.074,32.4,5.1
2015-03-23T04:51:38,-18.353,-69.166,130.0,6.4
2015-03-23T10:13:50,23.724,121.75,35.0,5.5
2015-03-23T15:48:03,0.653,124.882,53.2,5.2
2015-03-23T20:18:08,52.518,-169.271,35.0,5.0
2015-03-24T11:09:17,53.685,161.721,20.0,5.1
2015-03-24T14:50:30,2.055,126.624,63.5,5.2
2015-03-24T19:55:51,-48.352,-87.288,15.2,5.3
2015-03-24T22:46:52,-20.68,-70.785,15.5,5.2
2015-03-25T19:22:44,49.415,-128.172,13.1,5.1
2015-03-26T16:46:47,5.9,126.66,77.4,5.0
2015-03-27T03:04:07,36.365,143.12,10.0,5.4
2015-03-27T13:56:24,1.455,126.23,52.1,5.2
2015-03-27T14:55:51,50.804,177.878,30.0,5.1
2015-03-27T21:59:39,-1.201,-77.584,195.0,5.5
2015-03-27T23:34:54,35.709,26.622,67.0,5.2
2015-03-28T16:36:53,-22.217,-68.618,112.0,5.6
2015-03-28T19:16:33,-18.282,176.793,8.0,5.5
2015-03-28T22:19:34,-9.84,-78.518,53.2,5.0
2015-03-28T22:28:50,0.4,121.99,118.0,5.9
2015-03-29T07:50:54,1.654,126.485,45.0,5.6
2015-03-29T23:48:31,-4.729,152.562,41.0,7.5
2015-03-30T00:15:31,-5.205,152.604,42.0,5.7
2015-03-30T00:43:13,-5.121,152.61,35.0,5.1
2015-03-30T01:47:35,26.688,108.808,17.1,5.4
2015-03-30T02:12:47,-22.533,170.699,54.3,5.0
2015-03-30T04:16:09,-5.425,152.534,10.0,5.3
2015-03-30T07:56:53,-15.43,-173.049,10.0,6.0
2015-03-30T08:18:01,-15.392,-172.941,14.5,6.4
2015-03-30T08:31:46,-4.745,152.508,35.0,5.3
2015-03-30T08:48:25,-15.499,-173.029,11.0,6.5
2015-03-30T08:50:42,-15.461,-173.087,10.0,5.2
2015-03-30T10:34:53,-39.286,78.09,10.0,5.9
2015-03-30T16:28:10,-2.224,138.901,46.6,5.0
2015-03-30T18:02:10,-15.426,-172.864,9.6,5.8
2015-03-31T12:10:40,-10.959,162.486,26.0,5.6
2015-03-31T12:15:21,-4.915,152.475,35.0,5.7
2015-03-31T12:18:24,-4.895,152.49,39.0,6.0
2015-04-01T08:17:27,-29.344,-71.718,31.6,5.4
2015-04-01T09:35:56,-6.901,132.542,9.0,5.4
2015-04-01T11:06:35,-16.021,-172.835,10.0,5.5
2015-04-01T16:45:21,-10.542,-78.08,48.0,5.3
2015-04-02T02:56:09,-4.457,102.66,61.6,5.1
2015-04-02T04:10:10,-17.861,-178.583,560.0,5.9
2015-04-02T20:51:09,-6.461,146.92,37.2,5.4
2015-04-03T10:31:17,-30.203,-178.85,10.0,5.3
2015-04-03T12:32:38,-23.016,-176.346,59.2,5.5
2015-04-03T17:44:03,-17.349,-176.978,379.2,5.2
2015-04-03T19:22:25,-5.044,153.038,53.2,5.2
2015-04-03T21:17:54,-6.293,147.752,30.0,5.9
2015-04-04T04:08:36,-5.342,152.87,30.2,5.1
2015-04-04T08:06:18,-2.784,127.692,18.1,5.3
2015-04-04T17:48:47,-6.074,130.672,111.5,5.1
2015-04-05T00:07:49,12.704,-88.153,68.4,5.3
2015-04-05T08:35:34,-5.391,152.59,35.0,5.3
2015-04-05T20:51:39,-5.548,152.722,8.0,5.5
2015-04-07T00:46:21,-15.168,-173.225,30.0,6.3
2015-04-08T03:42:12,-8.908,-109.043,10.0,5.1
2015-04-08T15:44:45,13.199,-89.785,29.0,5.4
2015-04-08T18:04:43,23.355,142.805,38.6,5.0
2015-04-09T22:49:42,14.07,92.847,27.9,5.1
2015-04-10T06:10:38,-41.232,-88.752,10.0,5.3
2015-04-10T08:24:34,-5.673,153.227,10.0,5.2
2015-04-10T16:23:04,-13.794,65.858,10.0,5.7
2015-04-11T05:00:42,2.117,126.694,50.0,5.5
2015-04-11T11:42:52,4.769,124.926,281.0,5.2
2015-04-11T12:44:37,-6.654,104.335,35.0,5.1
2015-04-12T00:45:29,-18.578,-174.291,34.7,5.1
2015-04-12T19:25:01,37.154,143.845,10.0,5.1
2015-04-13T13:37:35,-4.687,152.987,50.0,5.3
2015-04-13T22:16:20,-21.079,-68.626,122.0,5.2
2015-04-14T07:38:54,-61.106,-36.165,10.0,5.1
2015-04-14T08:13:55,-15.196,-173.35,8.0,5.6
2015-04-14T23:41:29,-7.378,128.686,133.7,5.0
2015-04-15T07:39:27,39.753,106.403,10.0,5.4
2015-04-15T08:25:11,34.808,32.331,10.0,5.3
2015-04-15T10:22:07,-3.795,151.672,10.0,5.4
2015-04-15T19:55:00,39.393,143.527,10.0,5.1
2015-04-16T02:24:16,10.834,-62.41,77.3,5.1
2015-04-16T18:07:43,35.189,26.824,20.0,6.0
2015-04-16T19:02:12,35.065,26.877,10.0,5.0
2015-04-17T01:51:33,25.036,128.854,10.0,5.2
2015-04-17T02:05:40,35.034,26.785,15.4,5.3
2015-04-17T15:52:51,-15.882,-178.6,10.0,6.5
2015-04-18T11:16:05,-34.874,179.761,45.5,5.4
2015-04-19T05:32:14,-17.106,66.584,10.0,5.3
2015-04-19T12:06:36,30.471,142.789,10.0,5.3
2015-04-19T18:40:24,1.895,98.958,122.7,5.3
2015-04-20T01:42:58,24.203,122.316,29.0,6.4
2015-04-20T01:49:11,24.096,122.457,35.0,5.2
2015-04-20T09:05:34,-5.684,102.478,27.0,5.7
2015-04-20T11:45:13,24.085,122.453,29.0,6.0
2015-04-20T12:00:00,24.047,122.453,29.0,6.1
2015-04-20T18:19:53,-62.059,161.004,10.0,5.0
2015-04-21T00:17:28,14.121,92.949,27.1,5.1
2015-04-21T11:21:09,-6.097,149.835,35.0,5.3
2015-04-21T13:46:30,-18.238,-178.202,505.5,5.1
2015-04-21T14:02:15,28.895,82.394,10.0,5.0
2015-04-21T19:00:21,-14.764,-71.354,153.0,5.3
2015-04-21T19:10:15,-6.335,154.763,39.0,5.3
2015-04-22T17:03:12,-30.663,-178.343,35.0,5.2
2015-04-22T22:57:15,-12.039,166.432,72.0,6.2
2015-04-23T14:31:40,45.718,142.106,309.6,5.0
2015-04-23T14:57:27,51.75,176.335,31.0,5.0
2015-04-24T01:29:48,51.776,-175.183,51.5,5.3
2015-04-24T01:34:55,40.456,-127.151,10.0,5.4
2015-04-24T02:51:07,-6.537,154.985,83.5,5.0
2015-04-24T03:36:42,-42.06,173.007,48.0,6.1
2015-04-24T05:28:07,-0.196,124.248,79.4,5.1
2015-04-24T13:56:15,51.615,-130.771,8.0,6.2
2015-04-25T00:37:42,13.85,144.836,140.2,5.1
2015-04-25T06:11:25,28.23,84.731,8.2,7.8
2015-04-25T06:15:22,27.628,85.54,10.0,6.1
2015-04-25T06:18:10,27.686,86.021,10.0,5.6
2015-04-25T06:20:40,28.205,84.492,10.0,5.4
2015-04-25T06:22:02,27.801,85.114,10.0,5.1
2015-04-25T06:22:23,27.813,85.448,18.0,5.3
2015-04-25T06:25:55,27.687,85.585,10.0,5.0
2015-04-25T06:35:46,32.868,140.408,86.4,5.2
2015-04-25T06:37:58,27.744,85.83,10.0,5.1
2015-04-25T06:45:21,28.224,84.822,10.0,6.6
2015-04-25T06:53:42,27.672,85.201,10.0,5.0
2015-04-25T06:56:33,27.882,85.75,10.0,5.5
2015-04-25T06:58:27,27.722,86.006,10.0,5.1
2015-04-25T07:47:01,27.817,85.596,10.0,5.0
2015-04-25T08:29:24,27.935,84.622,10.0,5.0
2015-04-25T08:55:55,27.587,85.506,10.0,5.3
2015-04-25T09:17:02,28.39,87.317,10.0,5.7
2015-04-25T12:44:05,28.098,84.559,10.0,5.2
2015-04-25T16:41:15,3.115,128.161,127.0,5.3
2015-04-25T17:09:19,-4.324,143.29,124.3,5.2
2015-04-25T17:42:50,28.238,85.829,10.0,5.1
2015-04-25T20:01:36,23.944,122.537,22.8,5.1
2015-04-25T23:16:15,27.799,84.872,13.6,5.1
2015-04-26T00:23:52,-19.833,-177.778,487.4,5.1
2015-04-26T07:09:10,27.771,86.017,22.9,6.7
2015-04-26T10:38:00,-10.589,120.41,35.0,5.1
2015-04-26T16:26:06,27.83,85.865,14.0,5.0
2015-04-26T23:35:29,-8.324,-79.832,22.0,5.6
2015-04-27T12:35:53,26.864,88.055,31.7,5.1
2015-04-28T11:19:50,-2.086,-79.623,89.0,5.4
2015-04-28T13:32:40,6.044,152.009,14.9,5.1
2015-04-28T16:39:39,-20.886,-178.633,581.0,6.1
2015-04-28T18:56:53,17.109,-95.036,111.0,5.5
2015-04-29T00:26:51,25.976,128.397,14.2,5.0
2015-04-29T06:54:53,-31.421,-176.829,10.0,5.0
2015-04-29T11:22:42,11.956,-88.888,38.7,5.0
2015-04-29T16:09:51,40.048,142.809,37.3,5.4
2015-04-30T10:19:08,-60.393,-26.908,10.0,5.8
2015-04-30T10:45:02,-5.375,151.771,31.0,6.7
2015-05-01T00:21:08,-21.826,170.732,130.8,5.1
2015-05-01T02:46:22,-9.44,112.911,61.4,5.0
2015-05-01T08:06:03,-5.2,151.777,44.0,6.8
2015-05-01T08:06:52,-5.491,151.872,35.0,6.0
2015-05-01T08:58:41,10.711,91.964,29.3,5.3
2015-05-01T19:55:51,-6.137,151.16,10.0,5.0
2015-05-02T08:23:46,34.45,25.78,13.0,5.0
2015-05-02T16:50:42,31.529,140.213,10.0,5.7
2015-05-03T04:02:52,37.559,141.453,45.4,5.0
2015-05-03T04:17:39,8.942,-40.457,10.0,5.1
2015-05-03T20:21:52,-5.53,151.771,35.0,5.2
2015-05-03T22:32:39,-5.631,151.676,24.0,6.0
2015-05-03T22:35:07,-5.523,151.855,35.0,5.5
2015-05-03T22:50:46,-5.513,151.863,35.0,5.3
2015-05-03T23:40:56,-5.538,151.926,35.0,5.9
2015-05-04T02:29:11,-44.523,168.883,10.0,5.6
2015-05-04T06:55:43,1.716,126.454,35.0,5.1
2015-05-04T08:09:12,-5.582,151.819,35.0,5.2
2015-05-04T12:24:08,-61.443,154.268,14.0,5.7
2015-05-04T18:04:56,-56.534,-27.361,127.8,5.4
2015-05-04T18:23:25,-6.188,131.519,34.6,5.0
2015-05-05T01:44:06,-5.462,151.875,55.0,7.5
2015-05-05T01:53:59,-5.349,152.028,35.0,5.8
2015-05-05T01:58:16,-5.472,152.164,35.0,5.6
2015-05-05T02:06:44,-1.846,152.867,35.0,5.2
2015-05-05T02:33:41,-5.669,152.339,35.0,5.2
2015-05-05T02:40:23,-5.404,152.006,46.5,5.3
2015-05-05T03:55:49,-5.473,152.25,35.0,5.4
2015-05-05T05:02:58,-5.161,152.43,35.0,5.2
2015-05-05T08:02:46,-19.025,168.955,162.1,5.2
2015-05-05T08:16:58,-5.529,152.235,45.6,5.8
2015-05-05T08:47:05,-5.586,152.241,35.0,5.0
2015-05-05T20:01:13,-15.408,67.103,10.0,5.0
2015-05-05T20:24:25,-15.422,67.274,10.0,5.0
2015-05-05T20:39:47,-5.592,152.097,49.3,5.1
2015-05-05T20:53:20,-15.378,67.208,10.0,5.5
2015-05-05T21:28:30,35.321,58.409,8.6,5.0
2015-05-06T01:35:12,-6.334,149.838,47.4,5.0
2015-05-06T03:17:10,-5.506,152.618,9.8,5.4
2015-05-06T07:06:47,-5.698,152.274,43.7,5.2
2015-05-06T12:08:40,-25.631,178.346,627.3,5.0
2015-05-06T22:16:38,-14.42,166.716,44.6,5.1
2015-05-07T07:10:19,-7.218,154.557,10.0,7.1
2015-05-07T07:36:30,-7.404,154.76,10.0,5.0
2015-05-07T07:38:11,-7.54,154.639,10.0,5.1
2015-05-07T08:06:06,-7.517,154.714,10.0,5.2
2015-05-07T08:12:37,-7.188,154.519,10.0,5.0
2015-05-07T10:00:46,11.713,142.075,10.0,5.1
2015-05-07T11:33:00,-7.086,154.402,10.0,5.4
2015-05-07T13:11:16,-7.46,154.844,10.0,5.1
2015-05-07T19:54:03,-19.079,-172.799,12.0,5.0
2015-05-07T21:18:43,-4.87,152.097,35.0,5.1
2015-05-08T03:01:44,-7.348,154.704,10.0,5.0
2015-05-08T03:12:21,1.54,97.903,36.0,5.7
2015-05-08T07:52:06,-6.12,149.823,35.0,5.9
2015-05-08T09:07:05,-5.488,152.628,40.4,5.1
2015-05-09T03:27:27,-5.599,152.318,23.2,5.2
2015-05-09T09:42:35,-5.726,152.323,12.0,5.4
2015-05-09T11:14:24,-5.768,151.59,20.0,5.4
2015-05-09T13:08:45,-7.475,154.706,10.0,5.2
2015-05-10T00:50:18,14.839,-94.014,9.0,5.6
2015-05-10T16:54:42,31.175,141.986,9.0,5.3
2015-05-10T17:14:31,31.13,141.966,10.0,5.1
2015-05-10T18:28:13,-5.371,152.374,35.0,5.0
2015-05-10T21:25:46,31.237,142.016,6.0,6.0
2015-05-10T22:52:42,-5.626,152.214,46.7,5.1
2015-05-11T00:03:59,31.206,141.905,21.9,5.0
2015-05-11T03:30:15,-20.541,-178.723,600.8,5.0
2015-05-11T04:01:28,1.736,126.428,43.0,5.0
2015-05-11T05:18:14,-7.206,154.596,10.0,5.0
2015-05-11T07:35:43,47.234,154.01,10.0,5.1
2015-05-11T11:51:17,-7.206,154.417,10.0,5.2
2015-05-11T15:45:08,1.523,127.298,155.6,5.2
2015-05-11T17:42:02,-7.759,67.826,10.0,5.3
2015-05-12T06:27:03,-10.022,108.732,10.0,5.1
2015-05-12T07:05:19,27.809,86.066,15.0,7.3
2015-05-12T07:17:20,27.714,86.218,13.0,5.5
2015-05-12T07:22:05,-7.149,129.248,156.2,5.2
2015-05-12T07:23:32,27.559,86.257,10.0,5.0
2015-05-12T07:34:22,27.746,86.245,10.0,5.4
2015-05-12T07:36:54,27.625,86.162,15.0,6.3
2015-05-12T08:06:05,27.722,86.016,15.0,5.0
2015-05-12T08:13:54,27.763,85.757,15.0,5.1
2015-05-12T08:21:10,27.73,86.132,15.0,5.2
2015-05-12T10:03:22,-15.242,-173.292,10.0,5.1
2015-05-12T14:52:18,-52.391,27.891,10.0,5.0
2015-05-12T18:03:50,-5.42,152.454,10.0,5.1
2015-05-12T21:12:58,38.906,142.032,35.0,6.8
2015-05-12T21:25:11,27.783,84.638,10.0,5.2
2015-05-13T00:01:59,1.853,126.418,55.6,5.0
2015-05-13T02:32:22,-7.438,154.986,10.0,5.1
2015-05-13T19:18:07,-35.429,-178.511,10.0,5.1
2015-05-13T21:38:06,27.72,86.05,8.4,5.0
2015-05-14T12:30:16,-7.397,154.67,10.0,5.4
2015-05-14T12:53:53,-7.378,154.676,10.0,5.0
2015-05-14T13:34:38,-7.495,154.686,35.0,5.3
2015-05-14T14:08:17,10.947,-86.282,45.7,5.2
2015-05-14T15:08:04,-28.666,-71.474,18.4,5.1
2015-05-14T16:01:21,24.022,61.209,17.8,5.3
2015-05-14T17:38:21,-5.971,128.305,367.4,5.1
2015-05-14T23:54:31,-5.617,152.424,10.0,5.1
2015-05-15T03:30:34,37.046,141.203,38.0,5.1
2015-05-15T10:21:34,-21.981,-176.558,136.9,5.1
2015-05-15T10:30:34,-9.72,150.422,10.0,5.3
2015-05-15T13:15:57,-52.984,27.406,10.0,5.2
2015-05-15T15:40:32,-35.234,-179.519,38.7,5.1
2015-05-15T20:26:56,-2.542,102.219,151.0,6.0
2015-05-16T01:19:50,-7.825,-74.398,144.8,5.1
2015-05-16T11:34:09,27.56,86.073,7.0,5.5
2015-05-17T00:56:48,-4.26,152.085,6.5,5.1
2015-05-17T08:52:37,-12.081,165.81,9.0,5.6
2015-05-17T11:16:53,24.04,61.26,15.3,5.1
2015-05-17T16:15:15,12.944,146.119,30.7,5.2
2015-05-17T16:16:35,13.071,146.115,11.4,5.0
2015-05-17T19:43:34,-60.523,-20.859,10.2,5.4
2015-05-18T04:02:46,-41.555,80.325,9.0,5.7
2015-05-18T17:04:53,-7.148,154.442,10.0,5.7
2015-05-18T20:05:45,14.491,-91.815,86.2,5.1
2015-05-18T20:42:25,-5.455,152.087,47.0,5.0
2015-05-19T10:14:10,-16.802,-14.165,10.0,5.2
2015-05-19T13:54:56,-18.615,168.585,50.0,5.8
2015-05-19T15:25:21,-54.331,-132.162,7.2,6.7
2015-05-20T00:30:54,-19.302,-175.525,203.0,6.0
2015-05-20T03:31:42,38.642,70.196,14.6,5.2
2015-05-20T17:20:44,1.824,126.398,36.0,5.4
2015-05-20T22:34:29,-3.083,-77.55,8.4,5.1
2015-05-20T22:48:53,-10.876,164.169,11.0,6.8
2015-05-20T23:01:42,-10.975,163.686,10.0,5.1
2015-05-21T12:27:15,-10.85,163.648,10.0,5.0
2015-05-21T19:32:57,-9.804,160.334,5.0,5.7
2015-05-22T10:23:40,-7.936,146.926,35.0,5.0
2015-05-22T12:07:34,-4.208,142.247,106.4,5.1
2015-05-22T13:28:45,28.608,129.531,4.8,5.3
2015-05-22T18:47:42,37.292,-114.655,4.0,5.3
2015-05-22T19:39:33,-20.189,-70.837,17.2,5.3
2015-05-22T21:45:19,-11.056,163.696,11.2,6.9
2015-05-22T21:50:25,-11.03,163.487,10.0,5.3
2015-05-22T22:03:05,-11.093,163.381,10.0,5.1
2015-05-22T23:59:33,-11.109,163.215,10.0,6.8
2015-05-23T00:20:48,-11.264,163.443,10.0,5.1
2015-05-23T00:39:27,-11.079,163.271,10.0,5.3
2015-05-23T12:54:28,-18.459,-69.206,115.2,5.1
2015-05-23T19:28:17,-4.785,152.591,31.8,5.9
2015-05-23T19:40:49,-5.392,131.111,47.6,5.0
2015-05-24T00:39:37,-16.804,-14.176,10.0,5.0
2015-05-24T04:53:23,-16.855,-14.171,10.0,6.3
2015-05-24T14:38:59,-19.393,-175.963,10.0,6.2
2015-05-24T21:06:41,-59.653,-26.455,34.0,5.8
2015-05-24T23:59:47,7.344,-36.392,10.0,5.2
2015-05-25T02:06:24,-16.789,-14.216,10.0,5.2
2015-05-25T04:48:21,-6.419,155.003,44.0,5.4
2015-05-25T05:28:08,35.995,139.613,38.7,5.1
2015-05-25T06:37:40,41.85,135.392,385.8,5.1
2015-05-25T10:01:44,-25.788,-175.984,27.4,5.3
2015-05-25T16:20:27,-35.222,-104.284,10.0,5.3
2015-05-25T17:48:43,-51.847,139.273,10.0,5.2
2015-05-26T00:31:44,-62.075,153.697,10.0,5.0
2015-05-26T10:32:03,-22.057,-68.508,124.0,5.6
2015-05-26T16:38:27,-0.387,135.724,10.0,5.1
2015-05-26T16:42:33,-0.328,135.734,15.0,5.8
2015-05-26T23:26:58,-58.644,-25.179,32.0,5.4
2015-05-26T23:41:40,-58.736,-25.214,35.0,5.7
2015-05-26T23:51:30,-58.718,-25.236,35.0,5.4
2015-05-27T20:41:52,-54.525,4.858,10.0,5.0
2015-05-29T04:28:16,-28.216,-70.649,43.8,5.2
2015-05-29T07:00:09,56.594,-156.43,72.6,6.8
2015-05-29T08:40:13,-47.358,99.924,10.0,5.9
2015-05-30T06:26:05,1.22,-79.57,13.0,5.3
2015-05-30T09:21:51,44.82,150.034,37.2,5.0
2015-05-30T11:23:02,27.839,140.493,664.0,7.8
2015-05-30T17:10:23,-0.426,135.712,10.0,5.1
2015-05-30T17:18:35,-15.722,-173.382,10.0,6.0
2015-05-30T18:49:07,30.786,142.972,6.0,6.2
2015-05-30T20:36:18,38.446,73.018,96.6,5.4
2015-05-30T20:57:22,-4.786,103.018,40.3,5.3
2015-05-31T06:40:53,-7.368,154.846,10.0,5.0
2015-05-31T16:08:27,-19.942,-70.909,20.0,5.0
2015-05-31T18:07:50,51.249,178.156,44.4,5.1
2015-06-01T06:52:41,44.458,-129.811,10.0,5.8
2015-06-01T06:54:10,44.198,-129.827,10.0,5.2
2015-06-01T10:28:46,-6.078,130.701,109.3,5.1
2015-06-01T10:46:27,44.539,-129.652,10.0,5.4
2015-06-01T12:57:52,86.108,31.685,10.0,5.2
2015-06-01T14:07:50,4.652,95.57,73.4,5.0
2015-06-01T20:11:30,44.497,-129.958,10.0,5.9
2015-06-01T22:52:31,51.259,-178.039,35.0,5.1
2015-06-02T00:11:09,-16.823,-14.205,10.0,5.1
2015-06-02T20:20:43,-30.672,-178.182,15.5,5.0
2015-06-03T06:59:51,-19.635,-179.07,656.0,5.0
2015-06-04T10:51:37,12.938,146.079,16.6,5.0
2015-06-04T21:46:19,27.957,142.979,8.5,5.0
2015-06-04T23:15:43,5.987,116.541,10.0,6.0
2015-06-05T08:24:34,-28.828,-176.01,10.0,5.0
2015-06-05T14:54:00,-37.171,78.182,10.0,5.6
2015-06-05T20:02:54,-34.873,-107.652,5.8,5.4
2015-06-06T20:22:32,-2.275,138.877,46.3,5.2
2015-06-07T00:09:44,12.159,144.014,12.6,5.1
2015-06-07T18:06:45,1.59,-90.82,10.0,5.0
2015-06-08T06:01:08,41.562,142.031,42.0,6.1
2015-06-08T10:47:20,-2.52,68.006,10.0,5.1
2015-06-08T14:04:57,13.022,146.15,32.1,5.0
2015-06-08T15:01:03,-15.175,-173.004,10.0,5.3
2015-06-09T00:16:44,-56.032,-143.828,10.0,5.6
2015-06-09T01:09:03,38.62,23.39,13.0,5.3
2015-06-09T06:41:38,-35.37,-105.815,10.0,5.4
2015-06-09T13:17:23,-32.343,-111.065,15.0,5.1
2015-06-09T18:09:54,-22.999,-176.224,35.0,5.0
2015-06-09T18:43:18,-23.941,-176.082,10.0,5.0
2015-06-09T19:23:55,74.57,8.414,7.3,5.0
2015-06-09T21:49:46,35.04,26.79,16.0,5.4
2015-06-10T08:33:03,39.68,143.319,31.0,5.8
2015-06-10T10:15:52,-18.286,-178.012,547.7,5.0
2015-06-10T13:52:09,-22.4,-68.432,124.0,6.0
2015-06-10T15:46:47,-3.694,152.174,10.0,5.0
2015-06-10T22:01:29,-10.522,120.726,35.0,5.1
2015-06-11T04:45:29,39.672,143.331,10.5,5.7
2015-06-11T04:51:24,39.608,143.346,5.7,5.7
2015-06-11T04:56:32,39.61,143.241,10.0,5.4
2015-06-11T09:19:23,29.794,131.419,36.9,5.1
2015-06-11T16:04:12,12.994,146.283,19.9,5.3
2015-06-11T18:46:26,8.02,126.729,46.3,5.0
2015-06-12T02:36:25,-20.792,-174.21,10.0,5.0
2015-06-12T11:07:08,-15.676,-173.01,48.0,6.0
2015-06-12T17:30:14,-5.518,152.001,38.5,5.3
2015-06-12T18:29:15,6.205,116.681,7.2,5.3
2015-06-12T18:29:30,14.012,93.578,48.6,5.2
2015-06-13T01:14:57,56.513,-156.473,76.5,5.2
2015-06-13T03:17:24,-24.596,-176.159,22.0,5.5
2015-06-13T05:03:43,13.811,120.687,137.2,5.0
2015-06-13T07:08:59,-3.232,143.886,8.0,5.4
2015-06-13T17:09:02,-35.054,-107.248,10.0,5.1
2015-06-13T23:45:45,-0.227,124.426,64.2,5.1
2015-06-14T06:19:44,-11.413,163.314,16.4,5.0
2015-06-15T17:40:53,-9.742,125.252,20.0,5.8
2015-06-15T21:04:24,4.154,125.845,136.0,5.7
2015-06-15T22:09:50,-9.495,125.212,10.0,5.0
2015-06-16T00:23:08,-42.55,-15.729,10.0,5.1
2015-06-16T06:17:01,-20.394,-179.002,656.0,5.9
2015-06-17T12:51:32,-35.364,-17.16,10.0,7.0
2015-06-18T03:28:08,51.306,178.834,46.3,5.0
2015-06-18T07:28:55,-19.136,169.621,24.4,5.4
2015-06-18T08:28:57,21.752,143.119,291.3,5.1
2015-06-18T20:16:21,-55.776,-123.539,10.0,5.1
2015-06-19T08:09:53,26.954,143.826,10.0,5.3
2015-06-20T02:10:07,-36.36,-73.812,11.0,6.4
2015-06-20T05:22:17,-36.366,-73.748,4.6,5.5
2015-06-20T05:32:08,-59.629,-26.503,50.1,5.7
2015-06-20T19:52:43,34.308,26.226,15.2,5.0
2015-06-20T23:39:09,-23.53,-177.084,151.0,5.9
2015-06-21T21:28:16,-20.431,-178.328,562.6,6.0
2015-06-22T11:42:07,-21.78,-68.174,122.0,5.1
2015-06-23T08:59:55,-19.569,-175.04,138.0,5.5
2015-06-23T12:18:30,27.738,139.725,460.0,6.5
2015-06-23T12:19:29,27.707,139.774,462.1,5.5
2015-06-23T12:22:20,27.648,140.069,470.7,5.6
2015-06-24T09:00:41,-32.278,-178.053,10.0,5.0
2015-06-24T19:12:55,41.827,88.478,33.7,5.0
2015-06-24T22:06:31,-35.1,-179.282,10.0,5.0
2015-06-24T22:32:21,61.664,-151.962,114.2,5.8
2015-06-25T10:31:51,16.642,-97.986,32.7,5.0
2015-06-25T12:59:01,-21.519,-173.757,10.0,5.3
2015-06-25T13:44:11,-6.107,131.087,52.4,5.4
2015-06-25T15:01:05,-4.808,133.984,10.0,5.1
2015-06-25T15:41:16,-10.312,152.134,10.0,5.4
2015-06-25T16:20:23,-16.261,167.661,44.1,5.1
2015-06-25T18:45:57,-32.072,-178.324,10.0,6.0
2015-06-25T22:57:15,-32.126,-177.939,10.0,5.0
2015-06-27T01:35:42,53.544,-163.72,14.6,5.0
2015-06-27T02:51:23,-52.481,-4.7,10.0,5.0
2015-06-27T07:28:53,-49.007,121.298,10.0,5.4
2015-06-27T12:24:03,-5.262,153.244,35.0,5.1
2015-06-27T15:34:03,29.04,34.667,22.0,5.5
2015-06-28T01:05:28,26.638,90.41,26.0,5.1
2015-06-28T08:10:10,19.335,-155.209,7.7,5.2
2015-06-28T12:53:42,-32.226,-177.62,10.0,5.1
2015-06-28T15:54:41,16.683,-94.627,88.7,5.4
2015-06-29T09:09:16,-16.025,-74.256,28.0,5.8
2015-06-29T22:07:48,36.68,71.3,191.0,5.5
2015-06-30T03:39:29,-5.451,151.546,43.0,6.0
2015-06-30T07:40:01,70.982,-7.714,10.0,5.3
2015-06-30T10:34:10,51.948,177.203,58.8,5.2
2015-06-30T10:46:56,-21.294,-174.128,10.0,5.2
2015-06-30T12:19:17,-32.318,-177.816,10.0,5.2
2015-07-01T14:30:21,-52.207,159.594,10.0,5.7
2015-07-01T18:24:42,-60.322,-35.271,13.8,5.3
2015-07-01T19:35:21,-10.991,162.556,12.0,6.0
2015-07-02T07:18:24,34.451,73.71,10.0,5.3
2015-07-02T07:26:49,-34.704,-16.184,10.0,5.2
2015-07-02T15:01:10,-5.92,147.316,86.6,5.2
2015-07-02T19:06:27,-32.305,-176.191,39.6,5.0
2015-07-02T19:06:35,-32.049,-177.968,16.4,5.2
2015-07-02T19:22:42,-31.955,-178.027,16.3,5.0
2015-07-03T01:07:47,37.459,78.154,20.0,6.4
2015-07-03T03:16:35,11.423,95.032,8.7,5.5
2015-07-03T06:43:21,10.169,125.891,32.0,6.1
2015-07-03T15:54:12,-10.302,152.008,30.2,5.0
2015-07-04T09:56:41,53.042,172.289,25.3,5.0
2015-07-04T17:28:23,-32.088,-178.036,10.0,5.3
2015-07-04T17:34:00,-32.018,-178.028,12.3,5.0
2015-07-04T23:35:52,51.428,-173.822,18.8,5.2
2015-07-05T05:07:47,-22.379,171.754,99.3,5.3
2015-07-05T12:56:47,17.972,120.684,13.1,5.2
2015-07-06T03:50:57,-56.6,-142.11,10.0,5.6
2015-07-06T05:45:17,-44.392,169.709,10.0,5.1
2015-07-06T12:24:08,-20.714,-174.5,44.0,5.8
2015-07-06T19:21:03,-21.146,-173.985,10.0,5.1
2015-07-07T05:10:28,43.91,147.975,49.0,6.3
2015-07-07T05:35:14,-35.425,-179.621,10.0,5.6
2015-07-07T06:21:02,-35.406,-179.724,10.0,5.6
2015-07-07T07:01:42,-13.329,-111.632,10.0,5.9
2015-07-07T07:53:15,-5.492,152.337,46.4,5.2
2015-07-07T16:08:03,-13.386,-111.302,10.0,5.7
2015-07-07T18:04:47,-13.727,-111.639,10.0,5.3
2015-07-07T20:03:19,-22.938,-177.133,169.6,5.8
2015-07-08T00:38:56,4.995,94.735,34.3,5.3
2015-07-08T07:15:54,-59.484,-29.08,10.0,5.2
2015-07-09T07:28:28,-18.63,-177.152,346.8,5.4
2015-07-09T08:27:39,40.123,142.603,38.3,5.2
2015-07-09T10:07:38,-4.311,153.365,101.8,5.0
2015-07-09T13:25:54,13.295,-90.244,45.7,5.6
2015-07-09T18:08:36,-9.11,-75.83,27.0,5.0
2015-07-09T18:32:51,40.363,141.465,81.0,5.5
2015-07-10T04:12:42,-9.307,158.403,12.0,6.7
2015-07-10T04:21:16,-9.242,158.188,10.0,5.2
2015-07-10T16:03:21,-55.36,-26.922,22.4,5.0
2015-07-11T01:53:58,-4.929,153.599,56.2,5.2
2015-07-11T11:27:00,43.889,148.011,40.6,5.2
2015-07-11T18:39:44,25.971,128.325,14.4,5.0
2015-07-11T22:48:33,-6.231,130.753,94.8,5.0
2015-07-12T04:37:31,2.992,128.187,115.0,5.5
2015-07-12T10:35:53,-55.415,-28.656,9.4,5.0
2015-07-12T17:52:06,33.023,131.749,53.0,5.5
2015-07-13T11:14:04,11.937,46.37,14.3,5.0
2015-07-13T20:16:08,-55.997,-28.266,138.5,5.3
2015-07-13T23:21:58,30.89,142.009,18.1,5.1
2015-07-14T12:34:09,-7.388,154.747,35.0,5.1
2015-07-15T11:25:59,27.332,65.985,10.0,5.3
2015-07-15T14:10:04,-15.61,41.05,14.6,5.2
2015-07-15T22:16:18,18.825,145.152,507.0,5.0
2015-07-16T01:58:53,-26.77,-176.221,9.2,5.2
2015-07-16T10:48:04,-29.5,-71.81,7.7,5.0
2015-07-16T11:01:45,13.877,-58.474,7.1,5.7
2015-07-16T13:02:07,14.609,146.919,10.0,5.3
2015-07-16T15:16:33,13.867,-58.548,20.0,6.5
2015-07-16T15:36:15,13.941,-58.438,11.2,5.1
2015-07-16T20:41:36,-32.202,-177.872,10.0,5.1
2015-07-16T20:53:13,9.131,126.756,10.0,5.3
2015-07-16T23:29:03,11.662,142.58,10.0,5.0
2015-07-17T06:22:24,-32.32,-177.774,10.0,5.2
2015-07-17T11:01:12,13.444,-92.053,23.7,5.1
2015-07-17T11:11:22,-35.503,-73.222,10.0,5.2
2015-07-17T18:49:53,-18.121,-178.189,536.1,5.8
2015-07-17T19:39:44,-5.529,152.06,38.0,5.2
2015-07-17T23:49:02,-13.594,166.766,63.2,5.1
2015-07-18T02:27:33,-10.401,165.141,11.0,7.0
2015-07-18T04:30:05,-10.329,165.098,10.0,5.1
2015-07-18T05:41:26,30.4,94.869,10.0,5.1
2015-07-18T09:22:31,-10.652,164.776,10.0,5.1
2015-07-18T13:20:28,51.565,-176.78,49.6,5.1
2015-07-18T15:46:40,18.799,120.964,10.0,5.4
2015-07-19T07:34:30,-10.423,165.392,10.0,5.0
2015-07-20T05:28:36,-34.837,54.583,10.0,5.4
2015-07-20T11:08:19,-35.525,-105.084,14.0,5.7
2015-07-21T01:27:07,19.078,96.23,9.5,5.0
2015-07-21T07:14:50,-34.617,54.61,10.0,5.4
2015-07-21T15:58:04,-20.665,-175.027,10.0,5.2
2015-07-22T05:35:39,5.056,94.716,23.7,5.2
2015-07-23T03:56:53,-0.694,-21.178,8.6,5.5
2015-07-23T12:51:49,37.041,144.724,35.6,5.1
2015-07-23T13:17:43,-14.902,66.79,10.0,5.0
2015-07-23T22:54:21,-10.273,164.905,10.0,5.3
2015-07-24T08:22:59,-62.189,162.93,10.0,5.0
2015-07-24T09:58:38,36.703,26.81,140.6,5.1
2015-07-24T19:09:10,-10.279,161.589,81.4,5.1
2015-07-24T20:59:54,33.856,73.193,17.0,5.1
2015-07-24T21:44:38,-8.248,108.916,48.0,5.5
2015-07-24T23:14:39,-20.296,-70.247,34.0,5.3
2015-07-25T07:34:09,-8.37,-75.71,126.0,5.2
2015-07-25T18:22:27,-2.679,139.216,40.4,5.1
2015-07-25T19:57:43,61.949,-152.052,125.6,5.1
2015-07-25T21:55:21,13.128,146.206,10.0,5.1
2015-07-26T07:05:10,-9.258,112.67,52.0,5.9
2015-07-26T15:22:58,2.46,126.06,60.0,5.0
2015-07-26T22:42:13,-18.024,-174.068,7.3,5.8
2015-07-26T23:20:34,-22.035,-179.2,567.1,5.0
2015-07-26T23:52:23,-18.222,-174.242,35.0,5.1
2015-07-27T01:15:03,-8.999,158.544,10.0,5.2
2015-07-27T02:59:35,-22.55,-174.618,10.0,5.1
2015-07-27T04:49:46,52.376,-169.446,29.0,6.9
2015-07-27T04:51:22,52.781,-169.578,31.9,5.9
2015-07-27T04:53:32,52.094,-169.243,14.0,5.2
2015-07-27T04:55:46,52.208,-169.422,27.8,5.7
2015-07-27T06:05:32,52.234,-169.423,21.9,5.4
2015-07-27T06:13:33,52.298,-169.334,32.5,5.1
2015-07-27T06:19:32,52.259,-169.278,23.8,5.0
2015-07-27T07:40:31,52.257,-169.346,35.0,5.9
2015-07-27T07:40:50,52.358,-169.082,35.0,5.5
2015-07-27T07:41:04,52.498,-169.747,35.0,5.6
2015-07-27T07:43:31,52.256,-169.346,39.6,5.7
2015-07-27T08:27:52,52.289,-169.433,39.9,5.0
2015-07-27T21:41:21,-2.629,138.528,48.0,7.0
2015-07-27T21:52:05,-5.384,151.998,51.5,5.3
2015-07-28T02:38:51,-2.768,122.354,44.7,5.1
2015-07-28T10:34:52,7.14,-104.391,10.0,5.0
2015-07-28T21:21:35,52.206,-169.471,20.0,5.3
2015-07-29T00:10:24,8.231,-77.315,12.0,5.9
2015-07-29T02:35:59,59.894,-153.196,119.3,6.4
2015-07-29T16:05:02,52.052,-169.355,29.0,5.2
2015-07-29T17:56:37,-10.881,166.239,142.5,5.4
2015-07-29T23:41:40,-25.373,154.228,9.0,5.5
2015-07-30T00:31:03,50.558,-130.092,10.0,5.0
2015-07-30T07:42:25,-27.032,-176.047,10.0,5.6
2015-07-30T18:35:18,-27.067,-176.289,12.7,5.2
2015-07-30T18:51:05,-56.972,-140.951,9.1,5.7
2015-07-30T22:31:39,-22.545,-174.309,40.3,5.0
2015-07-31T05:12:35,51.914,-169.474,17.3,5.0
2015-07-31T10:06:31,30.039,57.581,11.0,5.2
2015-07-31T19:17:38,52.669,-169.75,37.3,5.1
2015-07-31T22:26:07,-8.173,118.304,10.3,5.1
2015-07-31T23:39:25,14.13,-91.42,63.4,5.0
2015-08-01T03:38:44,-25.343,154.335,9.0,5.4
2015-08-01T04:46:24,-25.409,154.199,10.0,5.2
2015-08-01T11:30:21,-30.073,-68.282,10.0,5.2
2015-08-02T05:29:33,-48.207,-9.865,10.0,5.3
2015-08-02T13:08:46,8.176,123.855,602.9,5.2
2015-08-02T20:04:10,18.394,146.61,46.2,5.3
2015-08-03T05:30:11,37.784,141.529,43.2,5.0
2015-08-03T09:41:53,-10.747,161.899,32.7,5.4
2015-08-03T13:16:03,27.398,65.909,28.6,5.3
2015-08-03T14:01:52,-16.47,-174.356,176.0,5.7
2015-08-03T16:41:06,-5.234,152.604,24.2,5.3
2015-08-03T19:55:39,4.68,95.122,47.0,5.0
2015-08-04T16:38:28,-11.173,166.944,35.8,5.2
2015-08-04T23:21:10,-27.258,-175.789,10.0,5.3
2015-08-05T09:13:24,16.141,-93.664,100.8,5.7
2015-08-05T09:24:11,-22.023,-174.408,64.1,5.0
2015-08-06T05:05:49,-9.776,115.94,35.2,5.3
2015-08-06T09:22:29,36.452,140.595,52.8,5.2
2015-08-06T10:08:54,1.005,98.923,77.9,5.1
2015-08-06T13:10:27,-53.43,23.748,10.0,5.1
2015-08-06T21:36:58,0.812,-28.536,10.0,5.0
2015-08-06T23:59:46,-26.458,-178.251,269.0,6.0
2015-08-07T01:25:02,-2.141,28.897,11.0,5.8
2015-08-07T01:28:37,-2.091,28.952,10.0,5.5
2015-08-07T04:35:01,24.069,-108.908,5.0,5.3
2015-08-07T05:53:57,24.145,-108.561,10.0,5.3
2015-08-07T06:52:20,24.026,-108.8,10.0,5.2
2015-08-07T12:18:48,1.086,-85.208,10.0,5.6
2015-08-07T13:48:31,1.047,-85.27,6.9,5.6
2015-08-07T14:22:14,-18.044,-174.141,28.5,5.7
2015-08-07T17:39:28,-56.407,-25.956,10.0,5.0
2015-08-07T18:21:02,-16.779,177.296,18.2,5.3
2015-08-07T18:25:20,-16.426,-173.111,10.0,5.0
2015-08-08T04:13:41,-6.679,152.08,42.0,5.2
2015-08-08T19:09:34,52.444,-169.617,41.0,5.0
2015-08-08T21:15:32,-13.911,-14.466,10.0,5.0
2015-08-09T02:39:55,-13.971,-14.466,10.0,5.1
2015-08-09T04:46:20,-27.454,-176.246,10.0,5.8
2015-08-09T04:49:50,13.477,120.511,90.6,5.0
2015-08-09T08:36:13,5.18,-82.643,10.0,5.4
2015-08-09T17:51:32,-10.254,165.032,10.0,5.1
2015-08-09T17:55:55,-27.199,-176.276,10.0,5.1
2015-08-09T18:20:46,52.259,-168.695,22.2,5.1
2015-08-10T03:27:31,-9.328,158.483,10.0,5.0
2015-08-10T04:12:15,-9.344,158.052,22.0,6.6
2015-08-10T04:23:26,-9.388,158.063,10.0,5.0
2015-08-10T04:24:31,-9.3,157.954,10.0,5.9
2015-08-10T07:35:25,41.839,87.849,10.0,5.0
2015-08-10T07:43:37,-19.639,-174.853,46.3,5.6
2015-08-10T09:40:09,-29.473,-71.242,38.9,5.2
2015-08-10T10:05:25,36.533,71.215,224.0,5.9
2015-08-10T19:19:32,-27.081,-176.24,6.7,5.5
2015-08-10T23:53:14,-5.52,151.822,35.5,5.4
2015-08-11T13:35:49,-27.052,-176.273,10.0,5.7
2015-08-11T13:49:04,-19.172,-176.258,10.0,5.4
2015-08-11T15:53:08,-7.126,129.195,144.6,5.1
2015-08-12T00:14:40,-31.697,-71.623,30.0,5.5
2015-08-12T02:10:15,-62.318,153.767,10.0,5.1
2015-08-12T12:50:43,-16.541,-177.252,403.0,5.2
2015-08-12T18:19:16,-9.329,157.842,4.2,5.6
2015-08-12T18:49:24,-9.329,157.877,6.4,6.5
2015-08-13T10:39:53,-37.015,78.062,10.0,6.0
2015-08-13T11:28:15,-36.853,78.352,10.0,5.6
2015-08-13T14:04:57,-3.984,152.891,135.0,5.6
2015-08-13T14:08:00,23.969,122.49,17.3,5.6
2015-08-13T15:58:32,-32.809,-178.292,10.0,5.3
2015-08-13T19:30:14,14.092,-91.301,58.0,5.2
2015-08-13T20:13:33,37.221,141.368,34.6,5.1
2015-08-14T04:43:44,42.645,143.182,87.3,5.2
2015-08-14T10:11:05,21.144,-45.787,10.0,5.0
2015-08-14T12:31:35,-4.954,140.173,35.0,5.0
2015-08-14T13:28:00,-27.315,-176.052,11.2,5.7
2015-08-14T13:43:12,-27.084,-176.007,10.0,5.2
2015-08-14T14:09:17,-26.084,-177.098,99.1,5.2
2015-08-14T18:03:02,21.104,-45.852,10.0,5.5
2015-08-14T22:03:34,-6.873,131.342,35.0,5.1
2015-08-14T22:04:24,-26.332,-177.835,165.5,5.1
2015-08-15T07:47:06,-10.897,163.823,8.0,6.4
2015-08-15T08:19:33,-3.747,101.776,57.2,5.1
2015-08-15T17:29:21,-26.975,-176.29,7.1,5.2
2015-08-15T20:16:21,51.674,-175.158,32.0,5.7
2015-08-16T08:49:03,-62.359,-159.514,10.0,5.0
2015-08-16T21:05:10,-5.684,154.043,61.8,5.2
2015-08-17T00:45:42,27.105,143.696,10.0,5.3
2015-08-17T11:40:33,30.819,131.027,7.8,5.1
2015-08-17T14:42:33,21.952,146.628,10.0,5.7
2015-08-17T16:16:59,13.712,51.782,10.0,5.7
2015-08-17T23:39:32,-8.163,123.04,18.8,5.0
2015-08-18T11:53:25,-56.113,-26.481,10.0,5.1
2015-08-18T20:48:24,-7.354,128.597,163.9,5.0
2015-08-18T21:19:44,35.647,31.287,47.3,5.0
2015-08-19T22:15:47,-9.694,28.644,14.9,5.1
2015-08-20T11:00:09,0.485,126.589,46.1,5.8
2015-08-20T13:29:08,-8.06,149.553,52.4,5.5
2015-08-21T18:45:40,-22.452,-178.203,380.4,5.2
2015-08-22T05:28:14,21.523,143.088,323.0,5.0
2015-08-22T06:25:38,14.729,147.044,37.1,5.2
2015-08-23T04:48:48,13.106,-90.209,37.9,5.3
2015-08-23T09:02:05,27.836,86.08,10.0,5.0
2015-08-23T23:10:04,-29.719,-71.296,31.1,5.7
2015-08-24T09:41:26,-30.65,-178.73,228.0,6.0
2015-08-24T11:50:58,56.188,164.268,8.2,5.3
2015-08-25T03:29:32,5.017,93.317,14.9,5.1
2015-08-25T22:51:36,32.077,131.733,36.5,5.2
2015-08-26T13:51:35,-57.5,-25.875,32.0,5.8
2015-08-26T21:56:37,27.072,-44.454,10.0,5.2
2015-08-27T10:50:57,26.923,-44.252,10.0,5.1
2015-08-27T15:06:25,-19.698,-176.438,10.0,5.4
2015-08-27T19:10:12,45.278,147.157,146.4,5.2
2015-08-28T14:46:20,36.399,140.882,35.0,5.0
2015-08-28T15:08:30,52.101,156.808,171.5,5.0
2015-08-28T15:30:58,23.129,142.523,103.8,5.4
2015-08-29T03:53:23,19.17,145.62,120.1,5.2
2015-08-29T20:02:26,-10.841,116.341,34.4,5.1
2015-08-30T05:30:57,29.658,130.379,29.7,5.1
2015-08-31T06:07:39,-31.061,-177.653,10.0,5.0
2015-08-31T08:12:49,2.709,127.818,10.0,5.1
2015-09-01T08:57:21,-19.158,167.834,29.1,5.1
2015-09-01T13:24:45,23.886,121.52,19.1,5.0
2015-09-01T15:24:08,31.284,141.706,10.0,5.6
2015-09-01T15:25:09,31.181,141.6,8.0,6.0
2015-09-01T15:28:51,-19.785,-69.245,97.2,5.4
2015-09-01T16:08:26,-29.682,178.685,565.5,5.1
2015-09-01T17:04:14,15.39,-92.722,104.4,5.4
2015-09-01T23:06:28,-19.224,167.728,26.5,5.0
2015-09-02T01:13:51,14.042,53.908,10.0,5.3
2015-09-02T01:18:29,4.413,124.631,296.0,5.7
2015-09-02T07:20:30,14.134,53.785,10.0,5.0
2015-09-03T07:32:46,-15.473,-174.705,212.1,5.2
2015-09-03T13:24:00,2.055,126.682,53.0,5.5
2015-09-03T13:37:59,-36.81,-72.579,60.0,5.0
2015-09-03T16:51:47,37.196,143.469,10.0,5.4
2015-09-04T04:49:22,29.282,130.597,18.0,5.2
2015-09-04T04:49:38,40.933,47.533,14.0,5.4
2015-09-04T12:42:05,51.502,-174.916,44.2,5.0
2015-09-04T20:08:31,-8.043,107.225,37.0,5.4
2015-09-05T06:12:29,51.462,-174.432,20.0,5.1
2015-09-05T06:34:11,51.513,-174.447,48.0,5.2
2015-09-05T07:00:01,51.371,-174.338,20.0,5.5
2015-09-05T07:08:47,51.315,-174.254,20.1,5.0
2015-09-05T08:53:20,51.331,-177.542,19.2,5.3
2015-09-05T10:17:57,-37.908,-73.609,38.5,5.1
2015-09-05T13:16:08,49.361,155.682,38.0,5.8
2015-09-05T15:05:45,-37.342,78.167,10.0,5.3
2015-09-05T22:13:46,-25.78,-64.686,6.2,5.2
2015-09-06T03:25:50,17.1,147.269,28.2,5.0
2015-09-06T04:52:56,-25.033,179.871,507.9,5.1
2015-09-06T07:40:48,31.281,141.855,10.0,5.0
2015-09-07T04:23:02,-9.776,160.348,22.3,5.1
2015-09-07T08:46:09,-24.243,179.128,535.0,6.0
2015-09-07T09:13:56,-32.82,-177.86,17.0,6.3
2015-09-07T09:19:48,-32.958,-178.231,29.3,5.0
2015-09-07T14:06:27,-32.826,-178.198,10.0,5.9
2015-09-07T20:24:59,-32.772,-178.43,13.9,5.2
2015-09-08T02:50:57,-32.724,-178.468,10.0,5.0
2015-09-08T06:48:32,-33.03,-178.534,10.0,5.8
2015-09-08T08:03:53,14.337,-94.137,5.0,5.7
2015-09-08T08:19:53,-33.115,-178.205,12.8,5.5
2015-09-08T11:37:26,-32.701,-178.366,16.7,5.0
2015-09-09T02:35:31,-59.596,-26.164,35.0,5.2
2015-09-09T05:43:56,45.319,150.412,64.3,5.2
2015-09-09T07:05:44,-49.532,-116.332,10.0,5.9
2015-09-09T08:17:17,-49.355,-116.396,10.0,5.2
2015-09-09T12:01:47,-56.182,-27.58,104.6,5.0
2015-09-09T12:41:46,2.294,96.337,24.5,5.1
2015-09-09T21:03:24,36.009,70.49,107.4,5.4
2015-09-10T10:26:44,52.098,-169.535,20.0,6.0
2015-09-11T08:47:21,-33.101,-178.377,10.0,5.0
2015-09-11T20:49:07,35.504,139.906,51.2,5.1
2015-09-11T21:16:13,14.555,-93.87,29.2,5.2
2015-09-11T21:19:18,-5.98,146.656,26.0,5.5
2015-09-11T23:51:53,-5.982,146.693,12.5,5.2
2015-09-12T01:42:01,-5.917,146.559,20.9,5.0
2015-09-12T08:13:49,-31.661,-68.356,10.0,5.0
2015-09-12T09:49:27,0.018,124.373,58.8,5.0
2015-09-12T13:38:01,41.897,142.652,49.0,5.4
2015-09-12T16:42:33,-25.018,-177.025,77.2,5.2
2015-09-12T20:32:26,-32.607,-178.029,8.0,5.9
2015-09-12T22:16:08,-6.124,147.366,27.0,5.5
2015-09-12T23:39:18,-0.74,122.054,18.2,5.0
2015-09-13T01:13:14,0.042,123.449,143.0,5.4
2015-09-13T02:55:46,-29.373,-177.49,42.3,5.2
2015-09-13T07:40:36,24.906,-109.698,10.0,5.3
2015-09-13T07:57:33,24.809,-109.514,10.0,5.6
2015-09-13T08:14:08,24.913,-109.623,10.0,6.7
2015-09-13T08:27:12,24.953,-109.712,10.0,5.2
2015-09-14T14:53:23,-32.968,-178.359,10.0,5.0
2015-09-14T15:19:33,-16.681,175.966,31.9,5.0
2015-09-15T18:26:03,-33.182,-109.405,13.4,5.1
2015-09-15T19:34:45,-14.98,-172.77,24.2,5.0
2015-09-15T19:37:34,24.235,121.868,15.6,5.3
2015-09-15T21:21:20,-20.029,-70.803,9.8,5.0
2015-09-16T07:40:58,1.884,126.429,41.6,6.3
2015-09-16T13:08:59,24.253,121.829,16.7,5.2
2015-09-16T14:03:22,-6.011,151.477,6.0,6.1
2015-09-16T14:11:08,-5.965,151.576,10.0,5.0
2015-09-16T15:22:24,-6.059,151.538,10.0,5.3
2015-09-16T19:21:13,-6.071,151.5,15.9,5.1
2015-09-16T22:54:32,-31.573,-71.674,22.4,8.3
2015-09-16T22:59:15,-31.618,-71.745,26.7,6.4
2015-09-16T23:03:56,-31.75,-71.742,19.1,6.1
2015-09-16T23:09:06,-31.106,-71.405,37.8,5.6
2015-09-16T23:09:26,-31.574,-71.672,35.0,5.7
2015-09-16T23:13:12,-30.227,-71.197,29.5,5.2
2015-09-16T23:16:09,-31.6,-71.919,35.0,6.1
2015-09-16T23:18:41,-31.562,-71.426,28.4,7.0
2015-09-16T23:23:25,-31.167,-71.772,32.1,5.7
2015-09-16T23:28:23,-30.718,-71.804,20.7,5.5
2015-09-16T23:31:32,-31.073,-71.691,23.6,5.1
2015-09-16T23:31:49,-29.988,-71.795,35.0,5.3
2015-09-16T23:32:24,-31.415,-71.884,19.5,5.2
2015-09-16T23:33:41,-31.375,-71.814,27.5,5.1
2015-09-16T23:36:29,-31.789,-72.239,11.3,5.3
2015-09-16T23:38:01,-31.784,-72.022,12.5,5.9
2015-09-16T23:41:31,-30.482,-72.123,16.2,5.3
2015-09-16T23:42:44,-31.048,-71.485,17.2,5.1
2015-09-16T23:48:21,-31.425,-71.811,10.0,5.0
2015-09-17T00:00:14,-31.722,-72.016,10.0,5.0
2015-09-17T00:01:18,-31.749,-72.125,10.0,5.0
2015-09-17T00:06:17,-30.882,-71.699,21.7,5.1
2015-09-17T00:22:20,-31.8,-72.115,10.0,5.2
2015-09-17T00:34:17,-31.418,-71.877,12.1,5.0
2015-09-17T00:42:54,-30.907,-71.703,20.5,5.0
2015-09-17T00:43:14,-31.087,-71.762,11.6,5.1
2015-09-17T00:50:12,-31.667,-72.239,10.0,5.0
2015-09-17T01:21:48,-31.67,-71.853,10.0,5.2
2015-09-17T01:22:11,-30.462,-72.094,35.0,5.1
2015-09-17T01:33:02,-31.736,-72.026,9.3,5.8
2015-09-17T01:39:21,-31.575,-71.799,32.7,5.1
2015-09-17T01:41:05,-31.104,-71.65,42.3,6.4
2015-09-17T01:46:25,-31.908,-72.08,10.0,5.0
2015-09-17T02:21:05,-31.982,-72.851,10.0,5.0
2015-09-17T02:59:29,-30.967,-71.54,35.0,5.5
2015-09-17T03:12:42,-30.922,-71.264,47.1,5.2
2015-09-17T03:55:15,-31.424,-71.688,27.0,6.5
2015-09-17T04:02:10,-31.224,-71.926,16.0,5.7
2015-09-17T04:05:04,-31.471,-71.738,18.0,5.1
2015-09-17T04:08:26,-30.813,-71.68,29.2,5.0
2015-09-17T04:10:27,-31.517,-71.804,23.0,6.7
2015-09-17T04:18:31,-30.892,-71.386,35.0,5.4
2015-09-17T04:26:38,-31.417,-71.98,17.6,5.5
2015-09-17T04:32:11,-30.966,-72.132,4.8,5.1
2015-09-17T04:38:08,-31.259,-71.895,19.8,5.2
2015-09-17T05:40:57,-31.388,-71.955,9.2,5.2
2015-09-17T05:44:39,-31.801,-72.131,10.0,5.5
2015-09-17T06:36:34,-18.545,-69.161,10.7,5.1
2015-09-17T08:58:44,53.298,159.708,68.1,5.5
2015-09-17T10:31:26,-30.992,-71.446,38.2,5.2
2015-09-17T12:09:43,-32.135,-72.212,7.1,5.3
2015-09-17T12:14:34,-32.915,-71.606,10.0,5.9
2015-09-17T13:32:26,-32.143,-72.378,10.0,5.9
2015-09-17T14:19:15,-30.91,-71.983,10.0,5.7
2015-09-17T16:08:35,-30.892,-71.402,35.0,5.3
2015-09-17T16:52:17,-29.764,-72.086,10.0,5.3
2015-09-17T20:24:35,-32.327,-71.925,16.4,5.0
2015-09-17T20:40:31,-29.961,-71.885,5.7,5.5
2015-09-17T22:39:20,-31.031,-71.806,23.2,5.2
2015-09-17T23:55:00,-31.829,-72.302,10.0,5.1
2015-09-18T04:24:02,-31.361,-72.03,5.7,5.0
2015-09-18T08:18:17,-32.229,-72.368,6.0,5.6
2015-09-18T09:10:44,-32.368,-72.229,8.0,6.2
2015-09-18T13:51:17,-31.439,-71.807,30.1,5.2
2015-09-18T15:59:42,15.277,-45.989,10.0,6.0
2015-09-19T00:28:04,-22.098,169.967,23.8,5.0
2015-09-19T00:48:34,3.556,126.98,29.0,5.1
2015-09-19T04:33:48,-30.38,-72.751,10.0,5.0
2015-09-19T05:06:47,-29.641,-72.077,6.0,6.1
2015-09-19T05:36:02,-6.012,151.502,47.0,5.1
2015-09-19T08:31:24,-30.1,-72.232,8.0,5.4
2015-09-19T08:34:35,-6.084,151.369,5.7,5.3
2015-09-19T09:07:09,-31.1,-71.59,28.0,5.7
2015-09-19T12:52:20,-32.334,-72.063,18.0,6.2
2015-09-19T13:08:57,-30.526,-72.198,10.0,5.6
2015-09-20T03:02:02,-30.847,-71.462,45.5,5.0
2015-09-20T06:07:01,-31.677,-72.156,13.1,5.1
2015-09-20T09:02:32,-30.238,-72.274,8.6,5.1
2015-09-20T17:18:28,-30.625,-71.682,35.0,5.0
2015-09-21T05:39:34,-31.576,-71.743,30.0,6.1
2015-09-21T11:36:07,-57.307,147.719,8.6,5.0
2015-09-21T15:37:08,-31.024,-71.794,25.6,5.4
2015-09-21T17:40:00,-31.728,-71.379,35.0,6.6
2015-09-21T18:36:53,-31.046,-71.82,27.0,5.5
2015-09-21T18:46:27,-2.591,138.701,8.8,5.0
2015-09-21T19:56:08,-31.782,-71.641,28.4,5.6
2015-09-21T20:26:22,-19.486,-173.318,10.0,5.1
2015-09-21T23:05:58,-5.986,151.408,10.0,5.0
2015-09-22T04:03:14,13.088,51.123,10.0,5.2
2015-09-22T07:13:00,-31.444,-71.265,58.0,6.0
2015-09-22T09:22:32,-15.967,168.131,228.9,5.3
2015-09-23T11:32:40,-31.619,-71.95,10.0,5.0
2015-09-23T16:18:37,-5.979,103.574,11.3,5.4
2015-09-23T16:19:34,-28.603,74.165,10.0,5.0
2015-09-23T18:47:51,-38.266,176.133,181.2,5.0
2015-09-24T13:48:58,50.783,-130.208,10.0,5.7
2015-09-24T15:53:27,-0.621,131.262,18.0,6.6
2015-09-24T15:56:56,-10.192,160.52,25.5,5.8
2015-09-24T15:57:19,-36.155,-100.962,10.1,5.2
2015-09-24T16:13:25,-30.73,-71.377,41.0,5.2
2015-09-25T08:47:47,1.284,122.691,6.6,5.0
2015-09-25T16:37:14,-56.455,-142.525,10.0,5.1
2015-09-25T22:58:40,16.992,145.896,16.0,5.2
2015-09-26T02:51:18,-30.815,-71.322,46.0,6.3
2015-09-26T03:03:20,-30.735,-71.573,29.0,5.0
2015-09-26T03:20:47,-20.955,169.013,15.4,5.4
2015-09-26T08:28:11,-5.703,68.348,10.0,5.0
2015-09-26T09:49:47,42.229,142.004,85.8,5.0
2015-09-26T15:35:05,-55.77,-124.931,10.0,5.1
2015-09-26T17:23:26,5.265,123.797,516.0,5.5
2015-09-26T18:17:24,-6.278,151.666,2.9,5.5
2015-09-26T21:40:35,-57.095,-142.438,10.0,5.9
2015-09-27T02:56:13,-7.177,129.605,107.0,5.5
2015-09-27T21:04:45,-31.669,-71.701,36.9,5.4
2015-09-27T21:19:39,20.267,-45.65,10.0,5.0
2015-09-27T22:00:26,20.275,-45.594,10.0,5.0
2015-09-28T00:32:34,20.278,-45.658,10.0,5.4
2015-09-28T00:42:23,20.093,-45.46,10.0,5.4
2015-09-28T00:44:25,20.036,-45.419,10.0,5.0
2015-09-28T01:02:05,20.127,-45.501,10.0,5.1
2015-09-28T15:28:05,-23.803,-66.613,219.0,5.9
2015-09-29T08:46:50,40.309,143.684,10.0,5.2
2015-09-29T15:02:13,17.808,-102.296,19.8,5.0
2015-09-29T15:35:16,-5.439,152.073,21.0,5.2
2015-09-29T17:50:14,1.61,128.558,53.1,5.0
2015-09-29T19:53:21,-3.382,146.404,12.3,5.2
2015-09-29T23:20:50,-2.559,140.198,19.0,5.4
2015-09-30T02:11:23,-7.202,154.464,22.1,5.0
2015-09-30T16:06:52,-56.195,-27.715,101.0,5.7
2015-09-30T17:25:54,18.04,-101.337,42.0,5.4
2015-10-01T00:05:00,-6.033,103.712,34.0,5.3
2015-10-01T02:49:52,-6.076,103.644,35.0,5.1
2015-10-01T22:49:30,-16.266,-173.861,91.5,5.4
2015-10-02T15:51:53,1.315,125.014,109.8,5.2
2015-10-03T04:14:09,-33.034,-178.279,10.0,5.0
2015-10-03T06:03:42,-37.456,-73.676,14.5,5.8
2015-10-03T06:26:55,-30.301,-71.551,38.0,5.9
2015-10-03T08:23:49,11.858,-43.735,10.0,5.0
2015-10-03T09:43:58,-26.242,70.816,10.0,5.4
2015-10-03T11:21:01,-29.82,-71.726,28.5,5.1
2015-10-04T03:49:49,-30.31,-72.102,5.9,5.5
2015-10-04T10:11:56,-30.656,-71.627,29.9,5.0
2015-10-04T14:50:34,-16.268,-72.105,92.0,5.3
2015-10-05T01:09:35,-35.119,179.959,41.6,5.0
2015-10-05T16:33:26,-30.304,-71.532,34.0,5.9
2015-10-05T17:35:54,51.949,-179.256,90.8,5.7
2015-10-06T09:21:23,12.118,-88.996,29.6,5.1
2015-10-06T21:27:33,36.168,29.895,22.4,5.2
2015-10-07T02:30:21,-3.932,-104.136,10.0,5.4
2015-10-07T03:50:33,-30.27,-177.88,27.6,5.0
2015-10-07T23:43:23,52.256,-168.464,9.3,5.1
2015-10-08T00:05:53,52.217,-168.438,25.0,5.1
2015-10-09T02:33:33,-57.412,-24.753,3.8,5.0
2015-10-09T14:39:15,40.685,36.69,5.0,5.1
2015-10-09T16:28:25,-0.024,123.893,96.3,5.1
2015-10-09T17:34:50,-32.19,-177.892,10.0,5.1
2015-10-09T18:27:36,-31.732,-71.732,35.0,5.5
2015-10-10T07:31:07,-19.069,169.516,257.0,5.1
2015-10-10T08:56:05,-60.717,-20.849,10.0,5.5
2015-10-10T09:04:01,-8.049,107.401,35.0,5.2
2015-10-11T00:58:27,-54.486,-135.708,10.0,6.1
2015-10-11T13:32:02,46.749,152.496,64.2,5.0
2015-10-12T03:15:19,-31.185,-71.823,21.0,5.6
2015-10-12T03:31:32,-31.187,-71.832,19.6,5.0
2015-10-12T04:35:40,7.536,-77.476,10.0,5.2
2015-10-12T07:23:25,11.877,57.81,10.0,5.2
2015-10-12T08:05:01,-40.584,176.288,22.0,5.6
2015-10-12T10:04:15,34.296,98.23,11.4,5.1
2015-10-14T02:47:07,1.812,128.32,88.2,5.1
2015-10-14T05:43:08,48.86,156.226,12.0,6.0
2015-10-14T05:49:43,49.014,156.173,10.0,5.0
2015-10-14T07:47:18,7.652,-73.304,125.7,5.0
2015-10-15T10:07:28,-2.502,-78.762,97.1,5.4
2015-10-16T06:38:26,55.596,159.211,285.0,5.6
2015-10-17T11:33:08,-25.467,-64.484,17.0,5.8
2015-10-17T11:39:05,-55.744,-27.546,3.4,5.0
2015-10-17T17:52:19,-42.661,-82.453,10.1,5.6
2015-10-17T20:44:53,-5.081,152.927,50.8,5.4
2015-10-17T21:02:30,-20.114,169.226,43.4,5.3
2015-10-18T13:00:20,2.881,126.499,42.6,5.0
2015-10-18T16:18:35,-16.202,-173.261,12.0,6.0
2015-10-18T16:23:37,-16.11,-173.303,10.0,5.1
2015-10-18T18:17:25,-16.13,-173.363,10.0,5.1
2015-10-19T02:17:37,24.77,122.048,10.0,5.3
2015-10-19T13:50:41,13.865,120.617,106.0,5.8
2015-10-19T14:30:58,-7.849,102.387,10.0,5.0
2015-10-20T00:36:54,12.868,143.901,78.0,5.4
2015-10-20T09:29:08,27.074,140.212,304.0,5.7
2015-10-20T10:06:14,-30.787,-71.404,46.0,5.0
2015-10-20T20:33:12,-57.433,-65.887,9.1,5.6
2015-10-20T21:52:02,-14.86,167.303,135.0,7.1
2015-10-21T06:04:49,37.319,141.077,24.2,5.3
2015-10-22T00:32:28,-27.774,74.061,10.0,5.2
2015-10-22T01:17:10,-60.339,-45.36,15.3,5.3
2015-10-22T07:50:29,-27.873,74.027,10.0,5.0
2015-10-22T17:47:42,17.921,147.192,4.2,5.3
2015-10-22T23:07:38,50.801,-129.962,10.0,5.1
2015-10-23T00:27:39,29.638,70.326,11.0,5.6
2015-10-23T01:40:06,-54.226,6.165,11.0,6.2
2015-10-23T04:04:18,-45.815,37.171,10.0,6.0
2015-10-23T22:03:22,-2.166,138.267,8.0,5.8
2015-10-24T17:31:19,-30.22,-179.332,313.7,5.5
2015-10-24T21:24:45,-31.442,-71.488,39.9,5.0
2015-10-25T14:47:51,18.263,-101.611,42.0,5.2
2015-10-25T14:58:57,-29.333,-177.796,10.0,5.8
2015-10-26T01:41:32,-25.231,178.717,546.0,5.0
2015-10-26T09:09:32,36.459,70.685,206.9,5.9
2015-10-26T09:09:42,36.524,70.368,231.0,7.5
2015-10-26T10:09:06,-1.454,97.056,21.0,5.1
2015-10-26T13:11:58,-17.986,-178.446,562.9,5.1
2015-10-26T14:38:58,-17.974,-69.463,115.7,5.0
2015-10-27T11:04:58,-16.622,66.548,10.0,5.4
2015-10-27T12:15:21,-16.306,67.075,10.0,5.3
2015-10-27T13:15:05,27.431,66.011,10.0,5.0
2015-10-28T20:46:40,-10.979,166.38,141.0,5.8
2015-10-29T02:49:28,51.814,178.525,93.9,5.3
2015-10-30T03:18:41,-60.916,-51.354,10.0,5.1
2015-10-30T06:58:57,12.489,125.708,71.7,5.0
2015-10-30T07:18:21,-60.928,-51.023,10.0,5.0
2015-10-30T10:27:00,-6.176,129.987,141.9,5.1
2015-10-30T11:26:43,25.091,99.572,24.6,5.2
2015-10-31T04:43:55,-9.059,124.064,53.7,5.3
2015-11-01T03:48:47,41.577,141.986,47.0,5.4
2015-11-01T05:42:11,-39.4,175.95,55.4,5.3
2015-11-01T15:16:17,-23.247,-68.417,111.0,5.8
2015-11-01T21:09:40,22.755,121.656,7.0,5.5
2015-11-02T03:04:08,-18.174,-177.838,608.4,5.2
2015-11-02T03:35:03,11.907,-88.903,28.3,5.1
2015-11-02T08:15:33,51.582,-173.334,13.0,5.8
2015-11-02T08:24:22,51.591,-173.331,10.0,5.1
2015-11-02T08:27:48,51.575,-173.24,10.0,5.0
2015-11-02T08:31:15,51.561,-173.271,10.0,5.3
2015-11-02T13:40:36,32.087,69.556,44.7,5.0
2015-11-02T16:36:47,-6.998,129.677,109.6,5.2
2015-11-03T01:10:44,13.442,145.978,26.0,5.1
2015-11-03T21:25:02,-8.282,124.907,10.3,5.7
2015-11-04T03:44:15,-8.338,124.875,20.0,6.5
2015-11-04T03:51:02,-8.203,124.859,10.0,5.3
2015-11-04T05:43:11,-3.371,149.81,10.0,5.1
2015-11-04T05:52:28,-3.549,149.707,10.0,5.6
2015-11-04T06:14:32,-6.749,105.049,10.0,5.1
2015-11-04T07:06:32,-3.584,149.792,10.0,5.0
2015-11-04T08:12:13,0.583,98.036,28.9,5.3
2015-11-04T08:14:57,-8.349,125.01,10.0,5.1
2015-11-04T13:47:50,43.335,146.109,95.6,5.0
2015-11-05T01:59:22,56.199,162.433,61.0,5.2
2015-11-05T16:24:13,-8.217,124.8,20.2,5.0
2015-11-05T16:32:38,-3.726,150.904,10.0,5.5
2015-11-05T18:02:54,39.427,143.414,10.0,5.0
2015-11-06T01:09:56,52.27,-169.449,18.8,5.3
2015-11-06T06:11:49,-6.265,147.564,86.1,5.0
2015-11-06T08:44:07,-30.142,-72.262,8.5,5.4
2015-11-06T09:43:50,-20.154,-173.553,10.0,5.0
2015-11-06T20:14:02,16.568,-95.88,48.7,5.0
2015-11-07T02:30:23,-3.071,137.441,45.2,5.0
2015-11-07T06:58:30,8.467,-71.396,15.1,5.3
2015-11-07T07:04:31,-29.464,-72.302,13.0,6.2
2015-11-07T07:31:43,-30.88,-71.452,46.0,6.8
2015-11-07T10:06:14,-18.231,-174.087,10.0,5.3
2015-11-07T10:53:44,-30.723,-71.39,42.0,5.7
2015-11-07T13:44:44,35.907,139.968,107.5,5.0
2015-11-07T19:40:13,16.49,119.846,37.0,5.5
2015-11-07T20:57:51,-10.175,111.199,10.0,5.0
2015-11-07T22:53:54,1.595,126.576,37.1,5.2
2015-11-08T08:13:37,-17.319,-69.429,159.9,5.7
2015-11-08T09:34:57,0.786,98.89,69.0,5.7
2015-11-08T10:42:01,6.878,94.546,8.0,5.5
2015-11-08T10:46:17,51.5,-172.911,16.0,5.6
2015-11-08T11:33:14,51.534,-172.978,20.0,5.7
2015-11-08T11:54:39,6.792,94.606,10.1,5.1
2015-11-08T13:23:47,6.769,94.479,9.8,5.2
2015-11-08T14:34:05,6.679,94.443,10.0,5.1
2015-11-08T15:40:56,48.396,154.753,49.5,5.2
2015-11-08T16:47:02,6.843,94.648,10.0,6.6
2015-11-08T16:59:20,6.934,94.762,10.0,5.2
2015-11-08T19:14:47,6.984,94.534,10.0,5.6
2015-11-08T23:47:43,-56.049,-27.314,75.1,5.1
2015-11-09T04:46:27,-23.576,-68.946,101.0,5.3
2015-11-09T06:12:13,6.518,94.883,11.8,5.3
2015-11-09T08:12:46,6.408,94.802,10.0,5.5
2015-11-09T13:57:36,-6.984,150.799,10.6,5.1
2015-11-09T16:03:46,51.639,-173.075,15.0,6.5
2015-11-09T17:03:06,17.969,147.035,48.8,5.0
2015-11-09T23:54:14,51.411,-172.903,44.4,5.0
2015-11-10T17:48:23,-22.225,-68.71,109.3,5.3
2015-11-11T00:26:57,6.239,147.644,13.0,5.6
2015-11-11T01:54:38,-29.507,-72.007,12.0,6.9
2015-11-11T02:01:05,-29.56,-72.11,10.0,5.1
2015-11-11T02:23:39,-29.466,-71.929,10.0,5.1
2015-11-11T02:46:19,-29.51,-72.058,10.0,6.9
2015-11-11T03:07:49,-29.526,-72.102,10.0,5.1
2015-11-11T06:26:33,-9.139,-108.644,10.0,5.6
2015-11-11T11:45:23,-8.942,110.219,83.0,5.5
2015-11-11T12:08:51,9.692,-85.676,36.1,5.1
2015-11-11T16:11:47,21.966,144.907,58.8,5.3
2015-11-11T18:18:54,48.433,149.052,388.4,5.0
2015-11-11T22:17:59,1.554,127.293,96.7,5.2
2015-11-11T23:36:19,-7.249,128.93,126.0,5.8
2015-11-12T17:28:39,51.5,-175.068,39.4,5.2
2015-11-13T06:04:17,-29.849,-64.499,27.0,5.6
2015-11-13T06:54:49,-8.504,-75.947,117.6,5.0
2015-11-13T12:21:37,17.275,147.207,16.0,5.4
2015-11-13T12:54:38,17.315,147.154,10.0,5.1
2015-11-13T20:51:31,31.001,128.873,12.0,6.7
2015-11-14T05:25:35,7.217,-34.268,10.0,5.3
2015-11-14T10:21:42,37.942,143.852,27.4,5.2
2015-11-14T16:53:31,6.833,94.532,10.0,5.3
2015-11-14T19:20:21,31.442,128.843,10.0,5.7
2015-11-14T20:34:29,31.33,128.853,10.0,5.1
2015-11-15T05:11:55,-24.766,-175.798,35.0,5.0
2015-11-16T00:39:33,17.84,-81.822,6.7,5.8
2015-11-16T03:31:42,52.104,173.596,31.3,5.1
2015-11-16T11:04:28,-26.451,67.786,10.0,5.0
2015-11-16T16:13:08,-24.808,-176.011,35.0,5.0
2015-11-16T16:49:13,48.333,154.244,34.0,5.9
2015-11-17T07:10:07,38.67,20.6,11.0,6.5
2015-11-17T08:33:40,38.65,20.56,9.0,5.1
2015-11-17T12:51:03,1.525,126.494,10.0,5.0
2015-11-17T17:29:36,40.376,73.204,18.0,5.6
2015-11-18T01:58:46,-6.464,130.277,116.0,5.2
2015-11-18T04:38:50,31.371,128.961,27.5,5.1
2015-11-18T10:36:56,-4.668,103.593,114.0,5.0
2015-11-18T12:15:37,38.841,20.555,10.0,5.0
2015-11-18T16:47:07,-6.328,103.664,29.7,5.1
2015-11-18T18:31:04,-8.899,158.422,12.6,6.8
2015-11-18T18:53:55,-9.048,158.507,10.0,5.1
2015-11-19T03:47:31,-32.533,-176.681,39.6,5.1
2015-11-19T04:15:52,27.852,85.678,16.5,5.0
2015-11-19T13:49:44,-7.636,-13.557,10.0,5.2
2015-11-19T18:15:34,-24.574,-175.939,10.0,5.1
2015-11-20T05:31:52,26.356,142.643,14.0,5.8
2015-11-20T05:33:58,26.29,142.679,10.0,5.1
2015-11-20T14:50:40,0.997,127.484,10.0,5.1
2015-11-20T23:25:41,-11.641,165.512,10.0,5.1
2015-11-21T09:06:13,-7.148,129.938,82.0,6.1
2015-11-21T19:45:35,-18.116,-172.609,10.0,5.3
2015-11-21T23:05:30,-30.575,-71.768,27.0,5.8
2015-11-22T08:11:15,16.853,-96.412,49.0,5.0
2015-11-22T15:34:07,-53.656,140.498,10.0,5.0
2015-11-22T18:16:04,36.434,71.423,102.0,5.7
2015-11-22T20:38:31,8.522,-71.387,10.0,5.1
2015-11-22T21:02:43,37.994,100.347,12.9,5.1
2015-11-23T11:18:53,-53.031,21.789,10.0,5.0
2015-11-23T20:41:21,16.976,-98.912,34.0,5.6
2015-11-24T02:46:18,-24.76,-175.573,10.0,5.4
2015-11-24T09:14:15,-31.801,-72.127,10.1,5.0
2015-11-24T13:21:35,18.779,145.266,586.9,6.0
2015-11-24T20:45:02,-0.098,-17.834,10.0,5.5
2015-11-24T22:45:38,-10.537,-70.944,606.2,7.6
2015-11-24T22:50:54,-10.06,-71.018,620.6,7.6
2015-11-25T04:46:50,31.433,140.148,124.7,5.0
2015-11-25T11:23:01,4.222,125.766,141.0,5.0
2015-11-25T18:57:41,1.43,126.29,33.2,5.7
2015-11-25T21:17:18,31.892,49.54,12.0,5.4
2015-11-26T00:17:22,-4.791,145.145,187.2,5.1
2015-11-26T05:45:18,-9.182,-71.257,602.8,6.7
2015-11-26T13:51:31,-17.653,179.843,604.1,5.1
2015-11-27T00:52:54,-9.292,-71.094,617.0,5.1
2015-11-27T11:40:34,34.831,73.93,5.0,5.0
2015-11-27T11:46:27,13.091,-88.948,52.0,5.6
2015-11-27T15:46:42,2.854,96.542,45.0,5.0
2015-11-27T21:00:22,-24.828,-70.601,34.0,6.2
2015-11-28T02:51:07,43.386,146.435,69.0,5.6
2015-11-28T05:44:40,-30.369,-72.151,10.0,5.6
2015-11-28T13:11:38,15.228,59.527,10.0,5.4
2015-11-28T13:39:23,3.664,126.953,68.6,5.2
2015-11-28T14:47:18,-7.055,106.0,51.3,5.4
2015-11-28T22:32:50,3.846,126.867,23.8,5.4
2015-11-28T23:47:37,10.464,-86.194,21.0,5.0
2015-11-29T18:52:49,-23.56,-64.652,11.0,5.8
2015-11-29T18:56:21,-23.478,-64.586,10.0,5.5
2015-11-30T14:45:24,-24.301,-67.182,179.3,5.3
2015-11-30T20:19:05,-8.791,67.697,10.0,5.5
2015-12-01T06:13:43,41.375,73.257,40.8,5.1
2015-12-01T12:14:21,1.011,127.503,10.0,5.1
2015-12-01T13:39:55,-16.379,-71.112,117.3,5.0
2015-12-01T17:08:25,-14.884,-176.557,10.0,5.8
2015-12-01T20:20:12,-6.981,155.56,51.9,5.0
2015-12-02T10:08:28,-6.244,154.678,56.1,5.3
2015-12-02T23:27:09,39.283,40.255,10.0,5.4
2015-12-03T00:23:55,-34.485,-109.21,10.0,5.0
2015-12-03T03:02:34,-34.574,-109.348,10.0,5.2
2015-12-03T14:31:12,22.6,121.401,21.8,5.1
2015-12-03T15:29:08,-5.66,149.754,144.2,5.3
2015-12-03T15:55:15,-33.98,-109.333,14.6,5.0
2015-12-04T04:25:50,21.489,145.748,10.0,5.4
2015-12-04T20:22:18,-54.007,-2.385,14.2,5.0
2015-12-04T22:25:00,-47.616,85.091,35.0,7.1
2015-12-05T02:10:00,-23.51,-64.64,11.6,5.3
2015-12-05T22:59:43,43.859,85.313,10.0,5.0
2015-12-06T04:03:08,-7.235,155.042,11.1,5.3
2015-12-06T17:09:29,-18.16,-178.694,547.0,5.6
2015-12-06T19:16:36,-48.212,-10.08,10.0,5.0
2015-12-06T19:51:35,-10.649,164.086,38.9,5.4
2015-12-07T01:47:08,-30.135,-177.602,32.5,5.4
2015-12-07T02:54:39,-17.653,-174.381,10.0,5.2
2015-12-07T07:50:05,38.211,72.78,22.0,7.2
2015-12-07T07:51:11,-31.398,-71.262,49.5,5.5
2015-12-07T07:59:09,38.747,72.846,17.9,5.3
2015-12-07T08:09:44,38.451,73.285,10.0,5.2
2015-12-07T08:30:56,41.731,74.605,21.5,5.5
2015-12-07T10:04:58,38.649,73.201,19.9,5.4
2015-12-07T22:53:35,14.22,-90.89,84.0,5.7
2015-12-08T12:56:07,-30.81,-71.752,25.0,5.6
2015-12-08T18:35:19,0.988,127.512,10.0,5.0
2015-12-09T10:21:48,-4.106,129.508,21.0,6.9
2015-12-09T11:15:29,-4.277,129.672,25.5,5.2
2015-12-09T12:06:24,-4.143,129.604,22.2,5.2
2015-12-09T12:17:19,-4.126,129.559,28.9,5.0
2015-12-09T12:39:11,-4.063,129.711,24.3,5.3
2015-12-09T12:58:01,-16.737,175.248,10.0,6.1
2015-12-09T13:32:56,-15.183,-177.76,401.5,5.3
2015-12-09T14:14:01,-4.058,129.603,10.0,5.4
2015-12-09T16:06:10,-4.037,129.548,25.8,5.0
2015-12-09T16:35:44,-4.15,129.465,26.8,5.0
2015-12-09T19:17:38,38.372,72.857,10.0,5.0
2015-12-09T21:52:42,-37.69,51.315,10.0,5.3
2015-12-10T00:09:32,-35.884,-73.276,10.0,5.5
2015-12-10T02:04:43,-4.232,129.543,30.2,5.2
2015-12-10T12:05:14,-58.88,-23.906,10.0,5.7
2015-12-10T15:03:26,-17.018,175.279,16.2,5.1
2015-12-10T18:55:31,-5.429,129.426,254.4,5.0
2015-12-11T03:20:48,-4.962,102.966,48.6,5.1
2015-12-11T22:05:36,-47.616,85.165,10.0,5.0
2015-12-12T23:32:54,-41.108,-90.07,10.0,5.5
2015-12-13T01:47:05,3.476,127.42,10.0,5.3
2015-12-13T01:52:17,46.724,152.586,56.7,5.3
2015-12-13T05:53:20,54.979,111.646,12.3,5.1
2015-12-13T06:42:09,-6.868,129.859,76.8,5.4
2015-12-14T01:34:00,-4.057,129.535,10.0,5.2
2015-12-14T01:45:58,-4.056,129.532,10.0,5.3
2015-12-14T21:12:01,52.835,-167.924,46.7,5.2
2015-12-14T22:56:17,-5.413,153.066,37.5,5.0
2015-12-15T00:20:33,25.721,141.946,55.5,5.1
2015-12-15T13:29:35,-15.623,167.286,28.5,5.2
2015-12-15T17:08:25,-56.377,-25.832,12.9,5.1
2015-12-15T17:48:50,-56.367,-25.738,20.1,5.0
2015-12-16T20:38:37,-19.583,-174.911,37.3,5.3
2015-12-17T12:44:03,17.754,120.582,69.6,5.3
2015-12-17T19:49:53,15.802,-93.633,85.0,6.6
2015-12-17T21:31:39,47.973,146.852,443.0,5.4
2015-12-18T11:46:48,-1.34,-15.831,10.0,5.4
2015-12-18T22:14:09,-17.072,-178.957,530.0,5.1
2015-12-18T22:16:56,29.398,81.654,10.0,5.4
2015-12-19T02:10:53,-18.382,169.386,10.0,6.0
2015-12-19T04:27:32,2.114,-84.427,29.6,5.0
2015-12-19T15:03:36,-8.368,107.022,27.0,5.7
2015-12-19T19:25:05,-30.605,-71.306,48.3,5.8
2015-12-20T07:29:11,-28.253,-176.257,10.0,5.2
2015-12-20T09:28:51,12.86,124.375,111.1,5.2
2015-12-20T18:47:36,3.646,117.636,14.0,6.1
2015-12-20T22:04:34,-6.278,154.676,52.9,5.0
2015-12-21T12:37:12,-18.157,-174.906,197.7,5.0
2015-12-21T15:44:04,-4.435,151.978,162.0,5.7
2015-12-22T13:05:10,-28.317,-176.421,10.0,5.2
2015-12-23T06:43:21,49.313,155.649,47.8,5.0
2015-12-23T10:08:49,-6.871,155.053,34.1,5.0
2015-12-23T15:36:53,-21.031,168.29,9.3,5.1
2015-12-23T16:17:51,45.11,-28.047,10.0,5.0
2015-12-23T16:55:09,-54.176,-1.494,10.0,5.8
2015-12-23T22:28:18,-17.336,-173.734,10.0,5.3
2015-12-24T19:44:03,-55.755,-123.116,12.3,6.2
2015-12-24T20:18:42,-3.673,151.321,10.0,5.1
2015-12-24T23:10:58,-7.218,128.977,119.0,5.8
2015-12-25T07:43:50,-15.279,167.554,121.4,5.1
2015-12-25T17:58:04,-40.728,-86.436,10.0,5.8
2015-12-25T19:14:47,36.494,71.126,206.0,6.3
2015-12-26T04:43:15,-42.007,84.558,10.0,5.4
2015-12-26T11:00:52,35.516,27.386,36.8,5.2
2015-12-26T17:58:08,-31.75,-72.179,11.7,5.0
2015-12-26T22:11:17,9.968,126.026,58.3,5.2
2015-12-27T15:19:49,-33.013,-108.824,10.0,5.3
2015-12-28T06:55:29,14.657,-61.345,150.0,5.6
2015-12-28T14:39:31,-5.197,152.797,35.0,5.1
2015-12-28T16:26:04,-3.746,128.361,50.7,5.2
2015-12-28T19:24:15,-0.509,-19.961,10.0,5.1
2015-12-29T01:51:41,-6.245,154.76,30.0,5.8
2015-12-29T02:54:06,6.862,-76.701,5.7,5.0
2015-12-30T02:58:36,-34.419,-109.354,10.0,5.0
2015-12-30T03:25:34,14.137,-91.11,81.0,5.0
2015-12-30T11:08:36,-21.978,-174.47,46.2,5.0
2015-12-31T10:56:58,11.154,-86.62,20.0,5.8
2015-12-31T21:29:38,-30.358,-178.007,27.3,5.4
2015-12-31T22:22:17,51.678,-173.489,39.8,5.0
2016-01-01T02:00:39,-50.558,139.449,10.0,6.3
2016-01-01T15:02:16,-28.628,-177.281,34.0,5.8
2016-01-01T23:04:52,-20.565,-179.156,642.8,5.0
2016-01-02T04:22:19,44.807,129.941,585.5,5.8
2016-01-02T08:37:22,36.543,70.932,189.0,5.2
2016-01-03T23:05:22,24.804,93.65,55.0,6.7
2016-01-04T14:36:13,19.142,121.065,10.0,5.2
2016-01-05T01:58:19,15.38,-95.352,19.1,5.0
2016-01-05T02:21:11,30.613,132.734,4.7,5.8
2016-01-05T05:28:30,-5.958,130.598,129.4,5.2
2016-01-05T09:34:14,-54.291,-136.26,10.0,6.0
2016-01-05T20:31:20,10.102,126.205,35.0,5.0
2016-01-05T20:36:17,10.124,126.176,25.4,5.2
2016-01-05T21:59:50,22.067,143.611,158.0,5.7
2016-01-06T04:58:56,-54.221,-136.875,13.9,5.3
2016-01-06T13:18:55,15.378,-95.24,10.0,5.3
2016-01-07T02:52:35,51.775,-175.359,44.4,5.1
2016-01-07T10:50:31,-1.08,-15.952,10.0,5.1
2016-01-07T15:40:42,-41.665,-74.088,22.6,5.0
2016-01-07T20:23:39,49.374,155.319,73.3,5.2
2016-01-08T01:12:01,-30.664,-71.638,24.0,5.7
2016-01-08T09:07:09,36.602,70.969,223.1,5.0
2016-01-08T14:45:28,-29.054,-111.763,15.0,5.0
2016-01-08T21:54:51,18.794,-107.182,10.0,5.3
2016-01-08T22:21:31,-9.442,117.691,74.5,5.4
2016-01-09T14:12:37,27.914,129.604,23.5,5.4
2016-01-10T12:12:02,-57.658,-147.949,4.0,5.6
2016-01-10T13:33:35,-31.327,-71.754,26.2,5.0
2016-01-10T17:40:49,39.565,34.337,10.0,5.0
2016-01-10T22:07:36,-11.596,166.378,65.1,5.0
2016-01-11T16:38:05,3.896,126.862,13.0,6.5
2016-01-11T17:08:03,44.476,141.087,238.8,6.2
2016-01-11T22:19:56,-23.075,179.12,552.6,5.3
2016-01-12T09:45:11,-31.338,58.192,10.0,5.9
2016-01-12T09:46:43,-31.396,58.12,10.0,5.2
2016-01-12T12:27:22,3.719,126.994,10.0,5.2
2016-01-12T18:02:13,-59.214,-25.82,62.9,5.0
2016-01-12T20:04:59,36.598,70.95,239.0,5.7
2016-01-13T05:47:30,0.447,92.267,10.0,5.1
2016-01-13T05:56:02,-15.17,-174.875,263.0,5.9
2016-01-13T07:52:40,12.227,125.586,83.0,5.0
2016-01-13T18:29:03,-21.498,-174.029,10.0,5.1
2016-01-13T20:34:58,32.653,91.626,10.0,5.2
2016-01-13T21:18:14,42.212,84.274,10.0,5.1
2016-01-13T21:37:37,38.733,73.203,13.3,5.0
2016-01-14T03:25:28,-19.76,-63.329,582.6,6.1
2016-01-14T03:25:33,41.972,142.781,46.0,6.7
2016-01-14T03:38:18,-8.6,122.931,158.2,5.1
2016-01-14T05:39:39,-16.206,-174.054,139.9,5.1
2016-01-14T11:04:18,-15.641,-177.156,10.0,5.6
2016-01-14T12:15:29,-53.26,159.752,10.0,5.5
2016-01-14T13:14:49,9.686,126.31,35.0,5.6
2016-01-15T00:56:52,-62.461,155.266,10.0,5.1
2016-01-16T04:35:56,-10.011,123.586,14.1,5.0
2016-01-16T16:58:00,8.913,-84.215,24.9,5.2
2016-01-16T18:54:33,-0.48,99.286,61.7,5.2
2016-01-16T22:38:06,-8.494,156.462,10.0,5.1
2016-01-16T23:22:29,-3.873,127.229,4.1,5.6
2016-01-17T08:30:23,19.72,-76.097,10.0,5.2
2016-01-17T15:28:38,-21.304,-68.763,90.3,5.0
2016-01-17T15:30:03,-5.449,130.156,131.8,5.2
2016-01-17T17:05:38,-26.437,-70.856,36.9,5.0
2016-01-17T19:25:16,-38.013,77.909,10.0,5.1
2016-01-18T03:20:38,17.133,-84.634,10.0,5.4
2016-01-18T13:43:58,-31.323,-178.732,95.0,5.1
2016-01-18T18:24:18,-21.409,176.124,7.0,5.8
2016-01-18T19:21:50,-0.272,129.523,10.0,5.2
2016-01-19T02:02:05,2.07,96.688,16.5,5.3
2016-01-19T02:13:27,22.863,121.321,27.1,5.6
2016-01-19T03:22:02,-6.762,155.151,46.4,5.2
2016-01-19T16:54:23,-22.906,171.48,10.0,5.3
2016-01-19T22:04:07,1.427,127.34,161.0,5.0
2016-01-20T12:01:10,-15.883,-74.038,49.1,5.0
2016-01-20T15:05:19,-56.184,-139.147,10.0,5.4
2016-01-20T17:13:13,37.671,101.641,9.0,5.9
2016-01-20T17:18:25,37.638,101.594,10.0,5.0
2016-01-20T21:53:41,43.11,146.017,38.4,5.1
2016-01-21T07:15:11,-22.265,-174.901,53.8,5.0
2016-01-21T08:16:51,1.602,126.92,112.4,5.0
2016-01-21T08:26:21,-30.884,-178.583,123.1,5.5
2016-01-21T13:02:00,-31.22,58.309,10.0,5.1
2016-01-21T13:47:19,35.625,-3.65,10.0,5.1
2016-01-21T18:06:57,18.824,-106.934,10.0,6.6
2016-01-21T20:10:38,3.777,126.783,10.0,5.0
2016-01-22T01:00:17,-24.465,-116.124,10.0,5.3
2016-01-22T16:34:35,-13.721,172.06,44.1,5.6
2016-01-22T18:56:07,-14.766,179.785,10.0,5.0
2016-01-22T20:51:46,28.345,55.294,19.5,5.1
2016-01-23T04:54:11,36.668,71.351,94.9,5.0
2016-01-23T07:49:44,-14.582,166.936,10.0,5.1
2016-01-23T10:08:01,-22.378,-114.014,10.0,5.4
2016-01-24T00:34:02,-22.895,171.495,12.4,5.1
2016-01-24T10:30:29,59.62,-153.339,125.6,7.1
2016-01-25T00:00:11,-19.532,-173.383,53.0,5.7
2016-01-25T02:05:21,8.006,134.722,16.2,5.0
2016-01-25T04:22:02,35.649,-3.682,12.0,6.3
2016-01-25T04:30:55,35.595,-3.817,10.0,5.0
2016-01-25T04:34:19,35.68,-3.723,10.0,5.3
2016-01-25T05:54:05,35.476,-3.773,10.0,5.1
2016-01-25T06:10:41,35.505,-3.878,10.0,5.2
2016-01-25T09:17:49,3.206,128.392,42.6,5.5
2016-01-26T03:10:20,-5.295,153.245,26.0,6.1
2016-01-26T03:46:36,-20.482,-177.542,504.1,5.2
2016-01-26T15:47:58,-5.295,153.196,32.9,5.0
2016-01-26T17:51:29,-9.38,158.085,33.2,5.2
2016-01-26T20:03:47,-5.31,153.253,35.0,5.5
2016-01-26T21:34:09,-5.285,153.184,22.0,5.1
2016-01-26T21:59:56,-10.331,119.42,19.7,5.2
2016-01-26T22:06:05,-5.228,153.215,27.4,5.0
2016-01-26T23:19:08,36.751,69.866,307.3,5.2
2016-01-27T01:24:30,8.312,137.761,10.0,5.1
2016-01-27T01:27:02,-20.614,-173.666,10.0,5.2
2016-01-27T15:11:17,1.025,-28.145,10.0,5.7
2016-01-28T03:46:53,1.049,-28.122,10.0,5.0
2016-01-28T20:03:03,-56.458,-143.595,10.0,5.1
2016-01-29T00:02:39,-11.402,166.229,62.0,5.2
2016-01-29T02:29:14,19.309,121.091,10.0,5.0
2016-01-29T04:30:46,-58.978,-25.825,97.7,5.1
2016-01-29T17:32:31,0.914,126.11,10.0,5.2
2016-01-29T20:07:15,-30.332,-71.633,35.8,5.2
2016-01-30T00:08:50,6.293,145.652,10.0,5.1
2016-01-30T00:16:39,48.529,153.465,152.9,5.2
2016-01-30T00:28:41,40.917,-127.207,10.0,5.1
2016-01-30T00:30:52,41.036,-127.384,10.0,5.0
2016-01-30T03:25:12,53.978,158.546,177.0,7.2
2016-01-30T12:02:47,-3.14,146.981,13.0,5.5
2016-01-30T22:23:53,-6.956,155.155,10.0,5.1
2016-01-30T23:46:44,-2.887,147.191,10.0,5.3
2016-01-31T02:50:05,-2.866,147.138,10.0,5.7
2016-01-31T07:41:50,-8.361,-74.258,156.7,5.0
2016-01-31T17:38:59,-63.263,169.148,10.0,6.1
2016-01-31T23:23:46,-6.924,155.154,10.0,5.3
2016-02-01T19:00:46,-30.754,-179.95,391.0,6.2
2016-02-02T05:31:47,39.71,142.946,12.2,5.3
2016-02-02T14:19:23,25.574,123.448,196.0,5.7
2016-02-02T19:36:19,16.86,-86.225,19.0,5.0
2016-02-03T11:44:47,47.354,153.946,41.6,5.0
2016-02-03T20:27:28,-10.078,123.57,10.0,5.2
2016-02-04T00:07:47,-30.448,-177.675,17.0,5.2
2016-02-04T00:48:14,-30.419,-177.577,25.3,5.1
2016-02-04T00:58:43,-30.505,-177.577,10.0,5.0
2016-02-04T01:34:00,47.604,151.961,44.6,5.1
2016-02-04T06:59:26,-6.406,147.446,66.4,5.1
2016-02-04T08:52:15,-30.487,-177.566,10.0,5.0
2016-02-04T12:43:59,-1.57,28.418,10.0,5.1
2016-02-04T15:30:49,14.293,93.204,10.0,5.1
2016-02-04T16:13:03,1.558,126.454,10.0,5.3
2016-02-04T22:41:37,13.815,122.259,27.8,5.2
2016-02-05T05:00:46,13.794,122.331,10.0,5.3
2016-02-05T05:24:40,-31.079,-71.785,24.7,5.0
2016-02-05T05:28:08,-31.074,-71.671,23.7,5.1
2016-02-05T16:20:11,27.878,85.338,23.5,5.2
2016-02-05T17:48:43,-4.434,153.617,95.8,5.1
2016-02-05T19:57:27,22.938,120.601,23.0,6.4
2016-02-05T20:11:08,-5.279,141.586,4.4,5.1
2016-02-06T01:39:18,-16.99,174.939,10.0,5.7
2016-02-06T01:40:39,-14.894,-172.895,12.7,5.0
2016-02-06T04:51:35,-17.265,174.952,10.0,5.1
2016-02-07T02:03:40,-15.222,-173.395,51.0,5.8
2016-02-07T07:11:45,-9.056,158.694,10.0,5.0
2016-02-07T07:25:39,14.093,145.22,89.1,5.1
2016-02-08T16:19:12,-6.621,154.742,29.0,6.4
2016-02-08T20:39:45,28.313,-43.803,10.0,5.0
2016-02-08T20:59:29,-19.091,-172.474,35.6,5.3
2016-02-08T23:03:26,28.382,-43.764,10.0,5.4
2016-02-08T23:26:45,28.383,-43.766,10.0,5.3
2016-02-09T00:39:00,-42.12,173.075,53.7,5.2
2016-02-09T07:19:31,28.305,-43.616,10.0,5.3
2016-02-09T07:22:44,28.293,-43.76,10.0,5.0
2016-02-09T12:12:06,51.408,179.7,44.7,5.3
2016-02-09T12:12:58,11.196,-86.717,33.4,5.1
2016-02-09T12:28:48,-57.89,-26.047,98.8,5.2
2016-02-09T13:50:43,2.142,66.831,10.0,5.0
2016-02-10T00:33:05,-30.572,-71.584,29.0,6.3
2016-02-10T00:34:01,-19.617,-172.911,27.7,5.0
2016-02-10T00:47:09,-30.581,-71.666,28.8,5.0
2016-02-10T01:14:06,-30.676,-71.654,33.8,5.1
2016-02-10T15:10:33,-20.229,-174.702,35.0,5.4
2016-02-10T19:11:48,-10.198,161.635,70.4,5.0
2016-02-10T21:30:20,-20.414,-174.619,41.1,5.0
2016-02-11T17:00:32,-25.706,-13.786,9.9,5.2
2016-02-12T10:02:24,-9.634,119.401,28.0,6.3
2016-02-12T19:19:28,-11.173,164.152,13.7,5.1
2016-02-12T20:56:48,-11.329,162.819,10.0,5.4
2016-02-13T03:46:45,-16.923,-70.806,104.6,5.0
2016-02-13T17:07:06,36.49,-98.709,8.3,5.1
2016-02-13T20:31:46,56.169,112.111,16.5,5.0
2016-02-13T20:45:34,-9.464,108.571,8.1,5.1
2016-02-14T00:13:44,-43.48,172.772,7.6,5.8
2016-02-14T07:10:45,-17.42,-171.89,22.8,5.3
2016-02-14T18:09:26,30.297,138.882,410.0,5.7
2016-02-15T15:02:32,-20.998,-175.479,10.0,6.0
2016-02-15T18:55:02,37.566,21.783,28.6,5.3
2016-02-15T19:28:04,-49.048,164.499,10.0,5.9
2016-02-16T10:46:30,-16.444,-73.604,29.0,5.7
2016-02-16T19:07:15,-4.66,152.635,50.2,5.0
2016-02-16T23:48:35,-55.784,-125.166,13.0,6.1
2016-02-17T07:44:26,-30.479,-177.666,23.9,5.1
2016-02-17T17:26:02,0.86,129.06,9.0,6.0
2016-02-18T01:07:11,-56.255,-27.566,99.0,5.6
2016-02-18T20:29:39,17.21,60.057,10.0,5.0
2016-02-19T04:42:38,13.807,-88.839,201.3,5.0
2016-02-19T09:29:58,-56.42,-123.347,10.0,5.2
2016-02-19T13:13:52,37.253,142.243,18.9,5.1
2016-02-20T01:26:32,-3.038,129.416,10.0,5.0
2016-02-20T02:05:50,-15.72,-71.821,10.0,5.0
2016-02-20T11:08:37,-7.438,128.165,137.2,5.1
2016-02-20T14:38:40,-22.341,179.334,592.7,5.0
2016-02-20T14:59:58,4.494,-32.621,10.0,5.2
2016-02-20T15:51:23,-21.956,-179.407,582.6,5.8
2016-02-20T15:56:16,-21.918,-179.395,582.2,5.2
2016-02-20T16:48:25,4.828,-32.629,10.0,5.1
2016-02-20T22:42:08,-3.585,141.388,10.0,5.0
2016-02-21T01:26:02,4.7,-32.627,10.0,5.5
2016-02-21T02:26:21,4.507,-32.657,10.0,5.0
2016-02-21T09:12:08,36.489,70.861,174.0,5.2
2016-02-21T18:10:00,27.963,84.694,16.7,5.1
2016-02-21T21:26:42,24.553,142.407,21.0,5.6
2016-02-22T03:46:02,35.738,-3.511,10.0,5.1
2016-02-22T06:36:59,-30.424,-72.297,12.0,6.0
2016-02-23T00:33:38,32.056,95.045,10.0,5.1
2016-02-23T18:08:46,-63.043,145.002,10.0,5.8
2016-02-23T20:47:34,1.065,127.428,13.7,5.4
2016-02-25T12:17:48,-7.502,128.529,158.6,5.0
2016-02-25T15:35:06,-23.105,-68.967,85.5,5.2
2016-02-25T22:39:48,-47.097,33.126,10.0,5.3
2016-02-25T23:35:19,-8.746,111.509,57.4,5.1
2016-02-26T01:49:36,-62.209,155.257,10.0,5.7
2016-02-26T04:47:43,-15.648,167.78,123.5,5.0
2016-02-27T02:41:46,4.535,-32.672,10.0,5.4
2016-02-27T18:20:43,-17.996,-178.42,557.0,5.1
2016-02-27T21:29:43,-51.79,139.596,10.0,6.1
2016-02-27T22:37:05,-8.935,124.155,93.6,5.0
2016-02-28T09:06:25,5.276,125.332,175.4,5.5
2016-02-29T19:47:38,23.919,123.417,23.5,5.1
2016-02-29T21:33:48,-18.528,-174.61,89.7,5.2
2016-03-01T01:08:43,13.084,-88.819,59.5,5.1
2016-03-01T09:26:45,-32.937,-178.386,10.0,5.6
2016-03-02T06:09:12,-8.619,112.536,78.3,5.1
2016-03-02T09:49:53,-18.69,-70.74,33.4,5.2
2016-03-02T12:49:48,-4.952,94.33,24.0,7.8
2016-03-02T15:12:05,-4.822,94.274,12.3,5.1
2016-03-02T16:34:14,-31.011,59.13,10.0,5.4
2016-03-03T00:10:50,-4.794,94.41,10.0,5.6
2016-03-03T07:11:16,31.748,131.427,55.5,5.3
2016-03-03T08:34:55,-9.412,125.188,20.0,5.4
2016-03-03T08:36:32,-9.764,125.316,29.5,5.6
2016-03-03T10:09:41,-16.096,-73.991,45.7,5.0
2016-03-03T11:36:26,35.486,-3.785,10.0,5.0
2016-03-03T16:23:07,3.998,126.011,101.9,5.1
2016-03-03T19:28:31,-56.469,-26.943,95.3,5.2
2016-03-03T21:47:50,-3.33,148.824,10.0,5.9
2016-03-03T21:58:00,-3.099,148.839,10.0,5.6
2016-03-04T04:25:15,-20.994,-178.952,608.4,5.3
2016-03-04T20:20:54,-4.188,94.42,10.0,5.4
2016-03-05T00:33:21,41.654,144.23,14.1,5.1
2016-03-05T17:28:49,-20.31,-173.318,10.0,5.0
2016-03-05T18:45:30,-32.962,-178.222,10.0,5.5
2016-03-05T22:01:47,15.362,-93.87,65.4,5.0
2016-03-06T00:54:41,-1.428,-80.401,10.0,5.1
2016-03-06T07:02:30,28.588,142.931,10.0,5.1
2016-03-06T13:19:09,56.286,-162.01,205.0,5.0
2016-03-07T11:43:41,2.413,128.362,130.1,5.0
2016-03-08T05:36:28,-15.108,-173.428,33.0,5.9
2016-03-08T18:18:45,60.907,165.621,30.4,5.2
2016-03-09T06:27:17,6.826,-73.042,148.9,5.0
2016-03-09T12:04:00,11.662,144.666,10.0,5.1
2016-03-09T15:50:25,-54.633,-39.67,18.5,5.4
2016-03-10T02:16:23,-18.983,169.308,214.7,5.1
2016-03-10T03:24:06,-57.506,-66.469,15.0,5.2
2016-03-10T08:34:12,-18.804,-69.629,94.4,5.0
2016-03-10T14:59:58,-56.434,-26.563,56.5,5.0
2016-03-10T18:38:57,43.174,149.06,10.0,5.0
2016-03-11T04:16:47,35.699,-3.595,10.0,5.0
2016-03-11T21:56:28,-15.097,-172.779,0.0,5.3
2016-03-12T04:00:27,18.204,120.178,10.0,5.4
2016-03-12T04:25:58,-7.881,125.8,10.0,5.0
2016-03-12T13:23:38,51.45,-173.972,12.7,5.6
2016-03-12T16:05:15,-30.25,-71.65,36.8,5.1
2016-03-12T18:06:44,51.565,-173.942,19.0,6.3
2016-03-13T03:20:02,51.478,-173.978,10.0,5.0
2016-03-13T04:19:25,51.552,-173.883,10.0,5.4
2016-03-13T15:20:18,1.077,126.262,18.8,5.3
2016-03-14T07:03:17,29.889,128.957,210.5,5.5
2016-03-14T07:26:40,-56.428,-27.009,84.0,5.6
2016-03-14T15:39:29,-16.032,-172.844,10.0,5.1
2016-03-14T23:25:39,-52.614,18.798,10.0,5.6
2016-03-15T04:40:39,35.688,-3.634,10.0,5.2
2016-03-15T13:35:17,-56.015,-27.058,41.0,5.2
2016-03-15T19:35:35,11.515,141.71,10.0,5.2
2016-03-15T19:49:19,11.506,141.637,10.0,5.0
2016-03-16T03:49:32,-31.241,-71.731,25.4,5.3
2016-03-16T09:13:36,-55.689,146.793,10.0,5.0
2016-03-16T09:24:24,-58.989,-23.625,10.0,5.0
2016-03-16T12:04:52,4.669,125.006,10.0,5.2
2016-03-16T13:09:52,4.725,125.148,10.0,5.5
2016-03-18T00:17:07,-22.333,171.413,89.4,5.2
2016-03-18T00:31:25,-4.547,153.096,34.9,5.6
2016-03-18T09:38:06,51.546,-173.542,10.0,5.1
2016-03-18T10:52:01,-56.336,-27.215,108.2,5.3
2016-03-18T12:49:12,-12.511,166.621,29.0,5.5
2016-03-18T14:10:12,-10.176,160.975,43.4,5.0
2016-03-18T14:12:51,28.877,142.972,10.5,5.1
2016-03-18T16:11:00,38.023,72.411,10.0,5.6
2016-03-18T22:46:56,49.673,-129.848,10.0,5.5
2016-03-19T01:22:16,51.382,-174.206,10.0,5.0
2016-03-19T01:35:12,51.514,-174.142,17.0,6.0
2016-03-19T08:51:24,-5.566,129.492,269.8,5.7
2016-03-19T10:24:45,11.868,-88.768,10.0,5.6
2016-03-19T11:26:33,17.996,-60.702,26.0,6.0
2016-03-20T22:50:20,54.294,162.813,30.0,6.4
2016-03-21T14:48:51,27.768,66.096,10.0,5.6
2016-03-22T18:47:04,1.735,125.382,117.6,5.0
2016-03-24T05:40:23,-59.669,-26.264,35.0,5.0
2016-03-24T15:05:59,-14.89,167.327,138.4,5.1
2016-03-24T15:06:17,-14.735,167.402,213.3,5.0
2016-03-25T06:25:58,-0.989,126.788,37.2,5.0
2016-03-25T19:49:11,-5.982,130.827,112.2,5.0
2016-03-25T21:36:27,54.208,163.057,35.0,5.0
2016-03-26T03:24:24,-2.65,68.025,10.0,5.6
2016-03-26T16:18:47,-14.658,-173.715,16.5,5.3
2016-03-27T15:48:23,14.96,-94.654,4.7,5.3
2016-03-27T18:01:30,52.175,-168.655,16.0,5.8
2016-03-28T00:03:41,30.222,-114.278,10.0,5.1
2016-03-28T00:12:54,30.207,-114.308,10.0,5.5
2016-03-28T03:57:00,-4.184,151.157,10.0,5.2
2016-03-28T06:21:37,-5.02,140.701,10.0,5.1
2016-03-28T17:14:55,52.29,-168.693,11.2,5.5
2016-03-28T19:07:08,-56.254,-27.641,29.7,5.5
2016-03-29T01:05:29,37.517,20.164,10.3,5.4
2016-03-29T06:24:48,-2.807,102.319,159.9,5.1
2016-03-29T09:18:11,2.387,126.102,55.0,5.5
2016-03-29T10:32:07,77.79,20.434,10.0,5.1
2016-03-29T11:03:07,-33.008,179.69,262.4,5.3
2016-03-29T20:53:20,6.59,60.367,15.9,5.0
2016-03-30T03:59:46,-14.892,66.806,10.0,5.0
2016-03-30T04:05:27,-14.78,66.936,10.0,5.1
2016-03-30T06:01:28,-6.242,154.886,77.5,5.1
2016-03-30T13:38:28,-4.195,129.396,30.7,5.4
2016-03-31T12:30:29,12.08,143.854,10.0,5.2
2016-03-31T19:38:42,3.121,96.2,11.1,5.1
2016-04-01T01:01:43,12.01,143.817,10.0,5.3
2016-04-01T02:39:08,33.381,136.39,14.0,5.9
2016-04-01T19:24:55,-3.358,144.887,6.0,6.2
2016-04-01T19:38:02,-56.298,-26.555,40.3,5.0
2016-04-02T05:50:00,57.008,-157.932,11.4,6.2
2016-04-02T13:01:37,-15.866,166.426,18.5,5.1
2016-04-03T00:46:15,34.19,25.73,9.0,5.1
2016-04-03T08:23:52,-14.324,166.855,26.0,6.9
2016-04-03T14:48:03,-14.17,166.77,17.3,5.0
2016-04-03T18:18:57,-14.268,166.762,35.0,5.2
2016-04-04T08:22:06,-14.35,166.851,35.0,5.0
2016-04-04T12:32:45,-31.237,-71.77,24.4,5.3
2016-04-04T13:23:10,-14.184,166.658,22.7,5.3
2016-04-04T13:35:27,-10.238,162.83,46.0,5.0
2016-04-05T07:42:24,25.76,90.545,10.0,5.0
2016-04-05T08:29:20,4.207,126.652,35.0,5.9
2016-04-05T08:52:34,-0.424,126.906,58.1,5.1
2016-04-05T12:12:06,39.114,67.1,24.2,5.0
2016-04-05T14:10:33,-4.228,152.867,40.4,5.0
2016-04-05T16:21:03,20.07,121.996,16.7,5.1
2016-04-06T06:54:53,-14.152,166.701,35.0,5.8
2016-04-06T06:58:48,-14.068,166.624,24.0,6.7
2016-04-06T07:57:37,-14.203,166.639,35.0,5.9
2016-04-06T08:00:09,-14.066,166.686,35.0,5.1
2016-04-06T14:45:29,-8.204,107.386,29.0,6.1
2016-04-06T17:35:38,-31.483,-71.783,29.7,5.3
2016-04-06T20:35:14,-6.029,130.43,118.0,5.5
2016-04-06T22:19:23,4.159,126.609,35.0,5.0
2016-04-07T03:32:53,-13.98,166.594,27.6,6.7
2016-04-07T12:22:21,10.542,-62.588,86.2,5.2
2016-04-08T07:17:20,-59.875,-29.57,17.3,5.3
2016-04-08T14:48:35,16.801,146.716,10.0,5.1
2016-04-08T19:05:21,-18.269,167.425,35.0,5.0
2016-04-08T21:00:15,-57.878,-139.96,10.0,5.1
2016-04-09T07:12:08,-26.848,-176.38,40.3,5.0
2016-04-09T09:59:01,-9.269,159.035,10.0,5.0
2016-04-09T10:03:16,-26.867,-176.103,35.0,5.0
2016-04-10T02:14:34,-4.149,102.211,41.0,5.7
2016-04-10T07:11:21,16.056,-96.256,25.0,5.5
2016-04-10T10:28:58,36.472,71.131,212.0,6.6
2016-04-10T15:46:11,-41.066,-91.274,11.7,5.2
2016-04-10T19:34:02,51.124,179.539,19.0,5.6
2016-04-11T03:52:57,-14.173,166.517,13.1,5.0
2016-04-11T09:29:28,7.025,-76.615,21.9,5.1
2016-04-11T20:10:35,51.854,176.675,23.0,5.6
2016-04-11T23:34:35,-63.362,144.989,10.0,5.0
2016-04-12T03:22:47,-3.757,-103.937,10.0,5.8
2016-04-12T05:41:13,-4.553,152.958,64.7,5.2
2016-04-12T09:52:44,-14.436,166.681,35.0,5.2
2016-04-12T11:24:50,11.319,140.826,10.0,5.3
2016-04-12T12:07:55,-55.25,146.174,9.0,5.5
2016-04-12T14:51:47,11.363,140.902,10.0,5.4
2016-04-12T15:16:46,-10.768,41.435,10.0,5.2
2016-04-12T18:43:01,50.236,-28.982,14.8,5.2
2016-04-12T20:23:10,-53.668,140.964,10.0,5.0
2016-04-12T22:34:17,-50.722,29.21,10.0,5.1
2016-04-12T23:22:58,11.324,140.851,10.0,5.1
2016-04-13T13:55:17,23.094,94.865,136.0,6.9
2016-04-13T17:31:26,1.64,126.449,11.7,5.3
2016-04-13T18:21:52,7.792,122.023,17.0,6.0
2016-04-13T20:01:57,-20.938,-66.478,220.9,5.3
2016-04-14T01:37:21,51.383,-174.061,15.2,5.2
2016-04-14T02:23:31,-16.444,-177.18,35.0,5.1
2016-04-14T03:06:09,53.77,160.804,32.0,5.8
2016-04-14T09:38:44,-33.883,-70.419,110.5,5.1
2016-04-14T12:17:05,-14.491,166.503,7.5,5.9
2016-04-14T12:26:35,32.788,130.704,9.0,6.2
2016-04-14T13:07:35,32.743,130.824,10.0,5.4
2016-04-14T15:03:47,32.697,130.72,8.0,6.0
2016-04-14T15:06:22,32.716,130.69,10.0,5.3
2016-04-14T16:44:33,-0.537,-11.582,10.0,5.2
2016-04-14T21:50:27,-14.528,166.433,16.0,6.4
2016-04-14T22:23:28,-14.186,166.537,16.0,5.2
2016-04-14T23:15:07,-7.459,128.124,136.8,5.6
2016-04-15T03:43:04,-14.552,166.643,35.0,5.4
2016-04-15T04:50:11,2.013,127.0,90.0,5.6
2016-04-15T08:54:40,-13.761,166.616,41.5,5.1
2016-04-15T11:05:31,4.081,126.626,35.0,5.1
2016-04-15T14:11:26,13.401,-92.367,22.4,6.1
2016-04-15T16:25:06,32.791,130.754,10.0,7.0
2016-04-15T16:30:46,32.86,131.801,10.0,5.1
2016-04-15T16:33:20,32.766,130.823,10.0,5.3
2016-04-15T16:43:07,32.698,130.806,10.0,5.2
2016-04-15T16:44:06,32.709,130.719,10.0,5.3
2016-04-15T16:45:56,32.924,130.809,10.0,5.7
2016-04-15T18:03:10,32.92,131.021,4.4,5.4
2016-04-15T18:47:08,-14.501,166.742,11.4,5.3
2016-04-15T18:55:53,33.005,131.157,13.2,5.5
2016-04-15T22:11:40,33.253,131.374,10.0,5.1
2016-04-16T00:10:41,34.937,25.758,10.0,5.0
2016-04-16T00:48:32,32.84,130.777,9.1,5.2
2016-04-16T06:05:22,-26.461,-69.86,59.3,5.3
2016-04-16T07:02:01,32.723,130.663,9.1,5.1
2016-04-16T07:34:20,-29.576,-111.574,10.0,5.5
2016-04-16T15:20:11,10.153,-104.333,10.0,5.0
2016-04-16T21:09:12,0.45,97.971,10.0,5.1
2016-04-16T23:58:36,0.382,-79.922,20.6,7.8
2016-04-17T00:29:31,-0.265,-80.464,15.5,5.5
2016-04-17T07:14:00,-0.385,-80.201,24.0,5.8
2016-04-17T07:31:00,-23.495,-174.247,10.0,5.7
2016-04-17T09:23:41,-0.234,-80.694,10.0,5.6
2016-04-17T19:33:45,-57.983,-25.316,47.3,5.2
2016-04-18T11:38:38,-31.727,-71.287,42.0,5.2
2016-04-18T11:42:00,33.014,131.099,10.5,5.5
2016-04-18T13:06:10,-19.492,169.093,76.0,5.9
2016-04-19T02:47:01,26.528,130.2,35.1,5.0
2016-04-19T04:18:19,-55.656,-27.232,10.0,5.1
2016-04-19T05:25:39,-55.728,-27.231,14.0,6.2
2016-04-19T08:52:14,32.557,130.614,5.4,5.3
2016-04-19T10:40:49,-14.261,166.152,16.3,5.0
2016-04-19T17:17:36,8.008,126.591,93.3,5.0
2016-04-19T20:32:57,10.215,93.69,10.0,5.3
2016-04-19T22:22:25,0.578,-80.025,11.0,5.6
2016-04-20T07:12:30,-14.554,166.237,10.1,5.2
2016-04-20T08:33:47,0.639,-80.21,14.0,6.2
2016-04-20T08:35:10,0.708,-80.035,10.0,6.0
2016-04-20T10:41:56,-5.201,153.28,47.2,5.1
2016-04-20T10:51:42,13.2,-55.887,28.0,5.6
2016-04-20T11:33:28,-19.199,-177.156,342.2,5.4
2016-04-20T12:19:43,37.801,141.622,33.1,5.9
2016-04-21T14:28:12,-3.75,142.732,35.4,5.3
2016-04-21T18:53:06,-14.52,166.337,35.0,5.1
2016-04-22T03:03:41,-0.292,-80.504,10.0,6.0
2016-04-22T03:20:13,-0.281,-80.504,10.3,5.9
2016-04-22T04:31:34,-0.421,-80.544,10.0,5.0
2016-04-22T04:47:49,-6.993,129.683,158.8,5.0
2016-04-22T07:28:44,-29.466,-111.778,10.0,5.0
2016-04-22T18:47:57,1.554,126.511,56.6,5.1
2016-04-22T19:38:11,-4.51,94.371,15.1,5.2
2016-04-22T23:14:23,-10.364,165.114,10.0,5.4
2016-04-23T01:24:33,0.613,-80.252,10.0,5.7
2016-04-23T23:11:08,-17.278,-172.393,10.0,5.3
2016-04-24T04:32:26,-7.025,102.575,10.0,5.2
2016-04-24T08:37:59,-59.307,-27.027,10.0,5.5
2016-04-24T21:43:10,37.002,71.48,114.8,5.1
2016-04-24T22:24:36,-17.698,-173.203,27.2,5.7
2016-04-25T07:07:08,14.479,-93.151,16.0,6.0
2016-04-25T08:02:45,-17.983,-178.431,591.5,5.3
2016-04-25T18:13:13,21.217,121.126,10.0,5.3
2016-04-25T21:47:15,-55.59,-26.777,10.0,5.2
2016-04-26T04:19:55,-4.51,140.192,107.0,5.6
2016-04-26T12:08:39,-59.387,-26.936,10.0,5.1
2016-04-26T15:01:24,38.212,141.644,44.0,5.0
2016-04-26T21:58:34,-0.194,-80.731,10.0,5.4
2016-04-27T02:04:03,-52.613,25.874,10.0,5.4
2016-04-27T02:16:51,-31.64,-67.747,17.5,5.0
2016-04-27T10:13:50,-24.13,-66.782,173.5,5.1
2016-04-27T12:51:19,14.518,-93.088,16.0,6.0
2016-04-27T15:17:14,24.231,121.801,13.0,5.5
2016-04-27T18:19:05,23.319,121.391,10.0,5.0
2016-04-28T01:17:12,-6.077,155.012,122.0,5.4
2016-04-28T19:33:24,-16.043,167.379,24.0,7.0
2016-04-29T01:33:38,10.275,-103.736,10.0,6.6
2016-04-29T22:09:02,-16.244,167.194,35.0,5.0
2016-04-30T00:36:03,-31.282,-13.582,10.0,5.4
2016-04-30T04:38:27,-16.314,167.14,4.3,5.0
2016-04-30T08:35:42,-16.349,167.2,3.0,5.8
2016-04-30T09:26:29,-16.272,167.377,10.4,5.1
2016-04-30T20:30:39,-16.328,167.472,6.3,5.2
2016-05-01T18:56:05,-20.753,169.939,62.6,5.1
2016-05-02T00:26:47,-37.338,177.37,151.1,5.1
2016-05-02T04:21:24,-5.026,104.627,117.0,5.7
2016-05-02T05:24:42,11.851,143.338,10.0,5.3
2016-05-02T07:37:47,-59.861,-25.929,10.0,5.1
2016-05-02T08:10:19,-4.547,152.493,99.2,5.1
2016-05-02T12:17:16,-6.078,-107.163,15.0,5.6
2016-05-03T00:00:51,43.695,147.506,61.0,5.7
2016-05-03T02:34:58,-55.764,-143.906,10.0,5.5
2016-05-03T23:05:59,-16.302,167.326,7.2,5.0
2016-05-04T01:49:28,51.816,176.286,49.6,5.0
2016-05-04T14:36:23,-14.855,166.934,26.0,5.7
2016-05-05T07:01:47,13.772,51.768,10.0,5.5
2016-05-05T09:05:34,-7.587,158.423,40.7,5.0
2016-05-05T11:01:46,-8.942,-108.239,10.0,5.6
2016-05-05T20:39:16,1.454,126.436,38.6,5.1
2016-05-05T22:27:07,18.703,-107.086,10.0,5.4
2016-05-06T02:04:08,-6.471,104.266,29.2,5.2
2016-05-07T00:18:36,18.375,-105.337,10.0,5.6
2016-05-07T01:06:01,18.28,-105.304,10.0,5.0
2016-05-07T02:46:20,-6.54,154.087,10.0,5.0
2016-05-07T05:42:13,31.262,129.297,10.0,5.3
2016-05-07T13:59:01,-17.603,-178.578,538.8,5.2
2016-05-07T16:07:08,-0.272,-18.94,10.0,5.2
2016-05-08T07:34:00,16.411,-97.842,22.0,5.8
2016-05-09T01:33:33,-62.58,165.344,10.0,5.5
2016-05-09T15:19:04,-6.672,129.633,140.8,5.0
2016-05-09T15:23:51,-23.692,-13.353,10.0,5.0
2016-05-09T16:03:47,11.351,91.505,10.0,5.2
2016-05-10T04:02:25,43.851,148.403,25.0,5.0
2016-05-10T09:44:38,-16.385,118.867,10.0,5.0
2016-05-10T17:20:59,57.581,-32.882,10.0,5.0
2016-05-11T01:15:47,32.022,95.027,8.0,5.2
2016-05-11T13:11:34,-30.663,-71.748,24.7,5.4
2016-05-12T03:17:15,24.695,121.984,8.0,5.8
2016-05-12T04:29:55,24.683,122.053,9.0,5.7
2016-05-12T06:32:29,43.33,146.619,60.6,5.0
2016-05-13T06:59:32,30.66,66.424,10.0,5.2
2016-05-13T07:01:10,30.659,66.388,10.0,5.5
2016-05-13T08:24:12,24.721,122.024,9.2,5.1
2016-05-13T10:03:17,4.966,127.56,111.3,5.1
2016-05-13T12:57:27,-25.482,179.34,506.4,5.6
2016-05-14T18:21:05,8.56,-102.792,10.0,5.8
2016-05-14T20:52:12,-6.858,101.795,10.0,5.3
2016-05-15T05:51:00,63.076,-150.946,131.5,5.3
2016-05-15T07:23:28,-14.35,166.815,12.4,5.0
2016-05-15T12:04:54,52.511,-167.94,10.0,5.4
2016-05-16T00:41:53,-22.517,172.988,10.0,5.8
2016-05-16T01:45:59,28.652,34.619,10.0,5.0
2016-05-16T06:39:04,8.504,-103.112,10.0,5.5
2016-05-16T11:24:07,-17.23,175.907,17.3,5.3
2016-05-16T12:23:02,36.023,139.806,44.5,5.4
2016-05-17T01:47:47,24.327,141.765,74.7,5.3
2016-05-17T04:56:00,-5.229,151.857,63.4,5.1
2016-05-17T21:08:56,-10.071,107.538,10.0,5.2
2016-05-18T07:57:02,0.426,-79.79,16.0,6.7
2016-05-18T14:49:02,-24.394,-66.93,148.4,5.2
2016-05-18T15:07:47,-32.804,-109.186,10.0,5.3
2016-05-18T16:46:43,0.495,-79.616,30.0,6.9
2016-05-19T20:25:42,-27.98,-66.469,156.6,5.1
2016-05-20T07:01:05,43.79,-128.459,10.0,5.0
2016-05-20T18:14:04,-25.566,129.884,10.0,6.0
2016-05-21T06:06:42,30.956,140.081,124.5,5.5
2016-05-22T01:48:48,28.454,87.533,9.4,5.4
2016-05-22T02:05:54,28.565,87.48,4.4,5.1
2016-05-22T11:47:09,-30.611,-71.688,25.8,5.1
2016-05-22T12:20:42,-22.347,-64.228,9.5,5.3
2016-05-22T14:51:22,13.711,-90.449,75.7,5.0
2016-05-23T03:43:12,-22.031,-67.327,174.6,5.0
2016-05-23T19:20:39,16.706,-93.898,124.0,5.4
2016-05-25T08:36:13,34.952,26.211,10.0,5.3
2016-05-26T01:02:36,11.498,-85.724,196.7,5.2
2016-05-26T10:53:57,-8.305,128.512,10.0,5.0
2016-05-26T13:09:55,-33.708,-178.464,10.0,5.2
2016-05-27T03:44:29,26.992,130.137,10.0,5.9
2016-05-27T03:46:51,27.689,128.583,10.0,5.5
2016-05-27T04:08:43,-20.81,-178.648,567.5,6.4
2016-05-27T05:31:22,-17.229,167.627,4.9,5.0
2016-05-27T10:00:48,-8.455,-74.998,131.6,5.0
2016-05-27T15:03:42,-4.899,152.536,45.7,5.2
2016-05-28T04:43:30,7.393,-35.929,10.0,5.2
2016-05-28T05:38:50,-21.972,-178.204,405.7,6.9
2016-05-28T09:46:59,-56.241,-26.935,78.0,7.2
2016-05-28T23:54:53,36.431,3.517,11.4,5.4
2016-05-29T05:58:38,10.612,-40.991,10.0,5.0
2016-05-29T18:20:18,-7.269,128.93,154.4,5.1
2016-05-30T07:14:18,-30.269,-177.979,47.0,5.7
2016-05-30T07:35:57,-49.302,-7.962,10.0,5.3
2016-05-30T09:47:47,24.437,126.449,10.0,5.2
2016-05-30T10:55:17,-30.32,-177.932,29.9,5.3
2016-05-30T22:27:32,-3.899,129.399,10.0,5.1
2016-05-31T05:23:47,25.562,122.546,246.4,6.4
2016-05-31T10:04:00,47.548,154.364,18.4,5.9
2016-05-31T20:51:23,55.362,-158.442,25.8,5.7
2016-06-01T08:30:21,17.913,-105.772,10.0,5.4
2016-06-01T15:24:58,-5.235,151.78,56.4,5.1
2016-06-01T15:37:23,-30.223,-177.954,43.8,5.5
2016-06-01T22:56:00,-2.097,100.665,50.0,6.6
2016-06-02T02:23:05,18.022,-105.834,10.0,5.8
2016-06-03T13:40:12,-49.243,148.468,10.0,5.2
2016-06-03T18:23:10,54.156,169.351,15.4,5.3
2016-06-04T09:18:39,-15.552,-173.093,24.8,5.4
2016-06-04T10:44:08,0.426,126.33,10.0,5.4
2016-06-04T21:59:16,-18.253,168.28,43.8,5.2
2016-06-05T04:07:05,-15.957,-74.104,37.3,5.1
2016-06-05T05:51:11,-29.342,-71.859,28.0,5.8
2016-06-05T10:38:28,-2.984,125.339,13.6,5.0
2016-06-05T15:05:33,-19.408,-69.032,97.2,5.1
2016-06-05T16:25:33,-4.587,125.626,429.6,6.3
2016-06-05T21:20:30,8.509,-82.937,24.0,5.0
2016-06-05T21:42:36,-9.466,-109.884,10.0,5.0
2016-06-05T22:33:49,-17.647,-172.632,10.0,5.6
2016-06-06T02:35:32,-30.024,-177.836,43.8,6.1
2016-06-06T13:16:02,-30.043,-71.464,28.3,5.5
2016-06-06T13:21:59,-30.069,-71.524,29.5,5.4
2016-06-07T02:55:23,-45.153,166.828,39.6,5.5
2016-06-07T05:16:38,43.85,148.034,12.8,5.1
2016-06-07T07:02:52,-23.641,-179.882,520.4,5.4
2016-06-07T10:51:37,18.364,-105.173,10.0,6.3
2016-06-07T10:58:00,18.504,-105.203,10.0,5.5
2016-06-07T19:15:15,1.279,126.371,31.0,6.3
2016-06-08T08:31:39,-4.061,-104.553,10.0,5.9
2016-06-08T10:38:27,13.52,-90.879,35.0,5.2
2016-06-08T10:51:16,-29.158,74.978,10.0,5.0
2016-06-08T12:24:41,-42.688,-16.081,10.0,5.3
2016-06-09T04:13:08,-11.249,116.267,19.0,6.1
2016-06-09T19:54:34,16.574,121.099,8.0,5.4
2016-06-10T00:45:51,11.369,140.951,35.0,5.0
2016-06-10T03:25:22,12.832,-86.963,10.0,6.1
2016-06-10T03:28:06,12.856,-86.94,10.0,5.2
2016-06-10T04:17:44,-8.676,160.559,30.4,6.2
2016-06-10T08:04:38,33.432,-116.443,12.3,5.2
2016-06-10T09:26:53,-7.458,-13.6,10.0,5.5
2016-06-10T10:52:35,-16.876,-173.532,40.1,5.2
2016-06-10T12:07:03,38.365,144.576,35.0,5.0
2016-06-10T18:29:50,-16.482,-177.214,10.0,5.8
2016-06-10T18:52:08,16.554,121.012,36.7,5.1
2016-06-11T22:54:22,35.978,139.969,34.7,5.0
2016-06-12T17:11:36,43.887,147.943,19.9,5.3
2016-06-13T00:59:39,-4.428,-104.811,10.0,5.7
2016-06-13T04:21:43,27.011,130.2,10.0,5.6
2016-06-13T04:27:04,26.926,130.254,10.0,5.3
2016-06-13T17:41:00,-50.906,139.44,10.0,5.0
2016-06-14T03:45:29,12.797,-87.031,12.2,5.2
2016-06-14T13:49:22,-18.761,168.828,111.0,6.2
2016-06-14T15:01:56,26.96,130.194,5.4,5.6
2016-06-14T17:13:27,51.628,-177.053,54.2,5.1
2016-06-14T22:09:28,-4.597,137.97,26.6,5.2
2016-06-14T22:42:17,-20.628,-11.576,10.0,5.0
2016-06-15T06:58:27,-62.366,166.58,10.0,5.7
2016-06-15T13:31:15,-13.43,167.217,203.6,5.4
2016-06-15T13:46:55,14.112,-91.646,61.0,5.4
2016-06-16T00:48:03,-20.781,-178.609,560.8,5.1
2016-06-16T05:21:29,41.984,140.935,14.3,5.2
2016-06-16T10:31:20,-20.546,168.887,40.2,5.3
2016-06-16T13:46:24,-20.582,168.922,10.0,5.7
2016-06-16T21:42:01,28.311,130.43,27.7,5.1
2016-06-17T08:39:41,-7.489,128.331,135.8,5.1
2016-06-17T21:26:17,-11.615,166.37,45.6,5.7
2016-06-18T01:12:49,53.573,-163.509,10.0,5.0
2016-06-18T17:29:46,-24.147,-67.153,186.0,5.7
2016-06-18T20:38:04,-20.402,168.7,10.0,5.1
2016-06-18T21:15:51,-3.329,101.269,39.8,5.4
2016-06-19T01:16:11,-31.883,57.184,10.0,5.3
2016-06-19T05:00:08,1.023,126.107,7.9,5.2
2016-06-19T09:47:23,-20.279,169.074,13.0,6.3
2016-06-19T10:04:27,-20.261,168.578,10.0,5.1
2016-06-19T10:31:51,-20.431,168.574,10.0,5.0
2016-06-19T18:20:50,20.173,121.378,16.0,5.6
2016-06-19T23:13:44,-5.647,-11.57,10.0,5.4
2016-06-20T03:50:55,-20.207,168.76,15.0,6.0
2016-06-20T12:49:35,-20.632,168.654,10.0,5.2
2016-06-20T13:41:52,-15.962,167.55,60.9,5.0
2016-06-20T16:42:36,-3.467,139.87,45.7,5.0
2016-06-21T04:53:16,-6.299,130.305,132.3,5.2
2016-06-21T07:51:44,-31.744,179.222,487.5,5.2
2016-06-21T11:40:39,-23.395,179.123,550.1,5.3
2016-06-21T14:10:20,-2.186,99.411,6.8,5.3
2016-06-21T16:26:34,22.658,-45.14,10.0,6.1
2016-06-21T17:12:07,-3.42,151.88,354.0,6.3
2016-06-21T18:47:36,-43.8,-16.133,10.0,5.2
2016-06-22T02:42:06,0.984,97.407,36.2,5.1
2016-06-22T03:54:40,-30.635,-71.692,26.0,5.1
2016-06-22T10:59:59,0.5,127.034,85.4,5.2
2016-06-22T20:10:14,-55.544,-26.875,20.0,5.2
2016-06-22T21:43:36,-17.908,167.333,10.0,5.1
2016-06-23T03:05:39,-60.673,-42.912,10.0,5.5
2016-06-23T07:44:37,-27.88,-176.976,54.2,5.2
2016-06-23T11:35:38,36.47,70.689,210.0,5.3
2016-06-23T14:55:48,-30.154,-177.839,25.0,5.3
2016-06-23T21:05:30,23.694,123.37,10.0,5.8
2016-06-24T21:29:19,-25.77,-69.342,119.0,5.5
2016-06-25T06:40:29,6.576,126.108,49.9,5.2
2016-06-25T17:54:19,53.902,-35.361,10.0,5.5
2016-06-25T19:55:59,12.164,143.942,10.0,5.1
2016-06-26T05:19:05,12.486,146.894,33.4,5.0
2016-06-26T07:21:12,-56.617,146.931,10.0,5.0
2016-06-26T11:17:11,39.479,73.339,13.0,6.4
2016-06-26T14:18:42,12.057,143.342,10.0,5.4
2016-06-26T22:57:06,36.997,142.223,12.8,5.7
2016-06-27T12:51:13,-31.781,-71.42,45.7,5.0
2016-06-27T19:28:49,39.461,73.584,10.0,5.3
2016-06-27T20:50:34,16.55,-97.833,19.0,5.7
2016-06-28T03:32:44,-5.992,105.344,10.0,5.3
2016-06-28T09:32:34,55.158,159.566,35.0,5.3
2016-06-28T13:55:51,-4.214,133.787,10.0,5.1
2016-06-28T21:38:04,39.474,73.341,13.6,5.5
2016-06-28T22:46:46,-14.644,166.458,9.0,5.8
2016-06-29T08:08:14,39.428,73.377,10.0,5.1
2016-06-29T08:36:37,-5.45,154.197,124.8,5.2
2016-06-29T08:37:22,56.311,-161.802,199.5,5.3
2016-06-29T09:58:56,-12.819,-14.671,10.0,5.1
2016-06-29T09:59:31,-12.912,-14.609,10.0,5.1
2016-06-29T11:07:08,-19.853,-11.937,10.0,5.2
2016-06-29T11:17:37,-19.87,-11.819,10.0,5.1
2016-06-29T17:19:18,50.516,-175.655,10.0,5.0
2016-06-29T18:12:38,39.727,144.877,10.0,5.0
2016-06-30T11:30:33,-16.056,167.47,27.0,6.0
2016-06-30T11:43:11,0.499,123.618,253.5,5.0
2016-06-30T12:20:19,-29.074,61.142,10.0,5.1
2016-07-01T14:58:54,38.881,70.559,10.0,5.0
2016-07-02T01:47:48,43.3,146.921,45.3,5.0
2016-07-02T05:35:48,-20.555,169.816,122.1,5.4
2016-07-02T09:28:55,-10.327,119.217,49.2,5.0
2016-07-03T01:58:32,10.687,-85.138,8.4,5.3
2016-07-03T02:16:13,10.663,-85.032,7.4,5.1
2016-07-03T16:13:34,51.614,-178.479,37.5,5.3
2016-07-04T09:25:39,-10.627,164.968,44.0,5.9
2016-07-04T17:38:47,-30.056,-177.866,44.0,5.4
2016-07-04T18:40:44,52.659,172.76,35.1,5.3
2016-07-05T02:29:03,-20.19,-70.946,11.1,5.1
2016-07-05T15:22:14,21.873,145.309,13.0,5.0
2016-07-05T19:06:44,-32.935,-177.868,10.0,5.2
2016-07-06T01:01:57,-56.77,-142.08,10.0,5.8
2016-07-06T13:13:58,-18.658,-173.662,10.0,5.2
2016-07-06T23:58:26,27.657,56.429,16.4,5.1
2016-07-07T04:16:27,-6.122,148.605,54.3,5.0
2016-07-07T09:55:55,-7.866,126.782,21.9,5.3
2016-07-07T10:12:06,-7.914,126.756,26.6,5.4
2016-07-08T03:11:28,-60.988,-37.362,10.0,5.1
2016-07-08T03:19:58,-55.263,-128.033,10.0,5.4
2016-07-08T04:28:43,-0.407,-80.808,7.1,5.5
2016-07-08T09:40:50,-32.458,122.511,0.0,5.2
2016-07-08T16:48:42,-54.234,140.813,10.0,5.4
2016-07-08T23:16:44,8.648,125.833,10.0,5.2
2016-07-10T02:32:42,-35.811,-103.251,10.0,5.6
2016-07-10T09:31:56,0.031,100.09,8.1,5.1
2016-07-10T13:41:53,-15.028,-172.876,8.0,5.8
2016-07-10T13:44:40,-15.083,-173.201,8.0,6.0
2016-07-10T16:32:49,-14.619,167.386,164.8,5.6
2016-07-10T23:59:46,-62.609,-161.99,14.8,5.4
2016-07-11T02:01:09,0.587,-79.636,17.0,5.9
2016-07-11T02:11:04,0.581,-79.638,21.0,6.3
2016-07-11T05:10:42,26.888,130.264,10.0,5.0
2016-07-11T20:28:42,-4.507,102.301,70.2,5.2
2016-07-12T06:41:54,-31.897,57.234,10.0,5.4
2016-07-12T08:48:44,-6.439,147.461,43.2,5.6
2016-07-13T00:58:42,11.331,139.996,22.8,5.0
2016-07-13T03:01:14,-5.509,35.966,10.0,5.1
2016-07-13T11:56:58,-28.01,-176.414,10.0,5.9
2016-07-13T12:11:12,-28.005,-176.443,12.0,6.3
2016-07-13T12:18:33,-28.109,-176.531,10.0,5.9
2016-07-13T12:58:02,-28.189,-175.45,10.0,5.2
2016-07-13T13:04:25,-27.924,-176.525,10.0,5.8
2016-07-13T13:16:40,-28.079,-176.462,10.0,5.1
2016-07-13T13:32:06,-28.013,-176.614,10.0,5.0
2016-07-14T02:05:50,-28.165,-176.27,10.0,5.0
2016-07-14T02:24:02,-27.896,-176.347,10.0,5.1
2016-07-14T06:34:46,52.734,160.8,11.8,5.1
2016-07-14T08:36:29,41.493,-29.333,10.0,5.4
2016-07-14T18:28:04,-10.469,108.012,10.0,5.4
2016-07-14T21:25:16,-19.411,-63.86,588.4,5.1
2016-07-15T10:16:54,-28.176,-176.352,10.0,5.6
2016-07-15T11:42:23,-56.089,-27.143,95.0,5.1
2016-07-15T18:02:49,35.208,-35.224,16.0,5.5
2016-07-15T18:58:26,-23.954,82.461,12.4,5.2
2016-07-16T08:21:25,16.578,145.84,130.4,5.1
2016-07-17T01:31:46,30.667,-41.783,10.0,5.2
2016-07-17T04:24:01,36.005,139.923,40.2,5.0
2016-07-17T10:55:44,-62.566,165.629,10.0,5.0
2016-07-17T13:08:57,-17.677,-174.199,120.0,5.4
2016-07-17T23:07:17,-14.873,167.265,140.2,5.1
2016-07-18T01:35:52,-11.204,-77.737,75.4,5.2
2016-07-18T02:58:50,-30.754,-71.794,24.0,5.2
2016-07-18T05:32:00,-8.085,129.219,35.0,5.1
2016-07-18T08:59:43,-30.356,-71.862,35.0,5.0
2016-07-18T10:27:17,-31.832,-177.967,45.0,5.1
2016-07-18T21:09:26,-19.146,-177.435,568.8,5.0
2016-07-18T21:16:33,-2.613,126.423,35.0,5.1
2016-07-19T05:18:40,-30.252,-71.972,8.0,5.8
2016-07-19T12:32:55,41.555,79.006,10.0,5.1
2016-07-19T13:42:44,17.5,-98.738,44.2,5.1
2016-07-19T22:25:32,35.991,140.032,39.3,5.0
2016-07-19T23:50:21,39.32,142.261,41.6,5.0
2016-07-20T01:20:23,-0.936,-80.427,10.0,5.1
2016-07-20T03:30:12,-15.598,-13.188,10.0,5.4
2016-07-20T03:58:30,0.037,122.951,166.6,5.3
2016-07-20T07:57:58,-15.527,-13.195,10.0,5.2
2016-07-20T15:13:16,-18.928,169.055,167.0,6.1
2016-07-20T22:48:50,-7.623,127.719,14.6,5.0
2016-07-21T05:45:45,-7.198,155.116,10.0,5.3
2016-07-21T15:18:44,-23.576,-175.566,10.0,5.3
2016-07-21T16:28:42,-23.622,-175.053,10.0,5.4
2016-07-22T11:31:43,19.214,121.275,10.0,5.0
2016-07-23T01:00:20,47.698,146.921,408.0,5.8
2016-07-23T07:41:44,-6.76,101.218,9.0,5.5
2016-07-23T08:51:58,14.89,-103.525,10.0,5.5
2016-07-23T09:59:01,58.473,-156.457,203.6,5.5
2016-07-23T12:38:46,-24.025,-179.522,486.1,5.1
2016-07-23T18:21:49,-10.835,165.73,27.6,5.2
2016-07-23T20:09:23,-15.131,-173.672,37.0,5.9
2016-07-23T22:17:57,-22.412,-67.172,27.5,5.0
2016-07-24T14:10:51,0.915,-28.97,10.0,5.7
2016-07-24T18:03:32,46.062,150.786,91.1,5.2
2016-07-24T22:09:59,-7.192,155.14,56.3,5.2
2016-07-24T23:09:49,14.975,96.434,27.8,5.0
2016-07-25T08:38:44,-4.705,143.984,87.4,5.1
2016-07-25T08:58:30,-49.485,126.266,10.0,5.8
2016-07-25T09:00:28,-49.424,126.371,10.0,5.5
2016-07-25T15:11:54,26.508,128.702,21.0,5.2
2016-07-25T17:26:50,-26.107,-70.511,72.0,6.1
2016-07-25T19:38:45,-2.969,148.034,14.0,6.4
2016-07-25T19:50:02,-3.818,151.528,21.7,5.2
2016-07-26T05:49:19,-0.271,-18.643,10.0,5.9
2016-07-26T06:31:29,-3.829,151.524,10.0,5.0
2016-07-26T08:04:20,-16.036,167.45,31.0,5.8
2016-07-26T12:52:59,-24.126,-177.067,46.4,5.0
2016-07-26T14:29:08,9.731,125.518,10.1,5.2
2016-07-26T16:32:02,-55.658,-26.675,35.0,5.4
2016-07-26T19:46:31,52.833,-166.774,17.0,5.4
2016-07-27T00:02:43,-18.585,-172.489,12.3,5.0
2016-07-27T01:25:12,-44.411,-79.059,10.0,5.9
2016-07-27T06:43:48,-24.065,-67.793,121.0,5.4
2016-07-27T14:47:17,36.492,140.758,46.0,5.3
2016-07-28T15:44:22,-16.824,-172.532,10.0,5.1
2016-07-29T08:29:26,0.083,123.411,142.0,5.4
2016-07-29T09:07:10,-9.553,107.018,10.0,5.0
2016-07-29T21:18:24,18.543,145.507,196.0,7.7
2016-07-29T21:26:59,18.756,145.488,187.8,5.6
2016-07-29T21:28:50,18.458,145.953,206.3,5.3
2016-07-30T00:11:45,-20.793,169.954,132.3,5.2
2016-07-30T13:19:07,-6.946,155.809,37.0,5.6
2016-07-30T17:26:22,35.29,22.949,23.4,5.2
2016-07-30T22:42:09,2.014,96.746,27.6,5.0
2016-07-31T01:07:53,-2.448,138.496,4.0,5.2
2016-07-31T09:34:57,-59.612,-26.318,75.4,5.0
2016-07-31T11:33:20,-56.256,-27.537,99.0,5.9
2016-07-31T23:40:01,-8.194,117.814,21.0,5.6
2016-08-01T04:46:34,39.954,47.976,16.0,5.0
2016-08-01T05:51:24,-18.049,-172.357,10.0,5.0
2016-08-01T07:42:51,-23.965,82.556,10.0,5.6
2016-08-01T10:01:08,21.311,94.93,131.5,5.1
2016-08-01T10:29:22,-23.914,82.421,10.0,5.4
2016-08-01T21:24:19,-9.386,159.425,19.6,5.0
2016-08-02T07:32:29,-58.75,-25.549,34.0,5.6
2016-08-02T12:40:24,-23.877,82.58,10.0,5.0
2016-08-03T10:52:29,55.416,165.18,39.4,5.0
2016-08-03T15:15:17,-55.783,-27.18,7.6,5.1
2016-08-04T09:01:21,-4.268,143.449,73.3,5.2
2016-08-04T14:15:12,-22.334,-66.008,270.0,6.2
2016-08-04T16:24:33,24.945,142.014,510.0,6.3
2016-08-05T09:40:52,-6.056,100.376,10.0,5.0
2016-08-05T12:34:15,-23.924,82.434,10.0,5.5
2016-08-05T15:04:38,-6.717,155.679,77.9,5.1
2016-08-05T17:49:31,14.609,-45.106,10.0,5.4
2016-08-06T04:19:12,4.744,132.449,6.8,5.3
2016-08-06T09:08:23,6.114,125.307,87.8,5.4
2016-08-06T10:55:56,-6.869,129.304,179.6,5.2
2016-08-06T12:23:17,-29.121,61.14,14.5,5.0
2016-08-06T19:56:23,-22.949,169.595,10.0,5.2
2016-08-07T14:02:40,-5.963,104.164,49.0,5.0
2016-08-07T21:21:06,-54.022,-132.822,10.0,5.1
2016-08-08T12:24:32,-31.586,-71.654,30.0,5.0
2016-08-08T18:11:04,18.322,145.577,196.4,5.1
2016-08-08T19:03:23,-14.517,-76.246,10.0,5.1
2016-08-09T13:43:01,-31.64,-179.792,227.2,5.0
2016-08-10T02:57:17,39.329,-122.802,14.4,5.1
2016-08-10T04:06:58,5.567,125.715,127.0,5.2
2016-08-11T18:06:06,-58.959,-25.337,43.9,5.0
2016-08-12T01:26:36,-22.476,173.117,16.4,7.2
2016-08-12T01:32:49,-22.098,173.046,10.0,5.4
2016-08-12T01:36:05,-23.14,173.146,10.0,5.3
2016-08-12T01:38:35,-22.623,173.406,10.0,5.4
2016-08-12T01:42:28,-22.668,173.24,10.0,5.2
2016-08-12T02:34:44,-22.605,173.292,10.0,5.0
2016-08-12T03:29:32,-25.176,-177.343,112.8,6.1
2016-08-12T07:17:14,-6.587,104.848,44.2,5.1
2016-08-12T08:11:48,-29.236,60.949,10.0,5.0
2016-08-12T08:30:07,-6.544,104.918,56.4,5.2
2016-08-12T18:01:01,40.714,78.286,39.0,5.2
2016-08-12T18:20:12,-9.648,119.905,48.9,5.4
2016-08-12T18:38:42,-3.394,127.305,65.2,5.3
2016-08-12T20:47:32,84.025,-1.516,10.0,5.0
2016-08-12T21:32:57,-22.604,173.419,10.0,5.2
2016-08-13T08:29:50,37.714,101.546,21.0,5.2
2016-08-13T14:05:04,11.544,124.491,30.5,5.1
2016-08-13T20:15:07,34.522,140.373,38.4,5.2
2016-08-13T22:59:07,-22.726,173.03,10.0,5.1
2016-08-14T04:09:47,-27.348,-176.261,10.0,5.5
2016-08-14T11:15:14,50.47,142.275,11.0,5.7
2016-08-14T13:28:42,-20.2,-69.17,100.0,5.0
2016-08-14T15:05:20,38.769,72.526,4.8,5.0
2016-08-14T16:28:55,51.544,179.502,65.0,5.6
2016-08-15T02:59:00,-15.654,-72.009,20.0,5.5
2016-08-15T07:04:41,37.412,141.72,33.0,5.6
2016-08-15T11:32:02,10.903,122.194,29.0,5.4
2016-08-15T18:00:59,-22.497,172.883,10.0,5.1
2016-08-16T02:58:38,-22.505,-68.677,107.2,5.4
2016-08-16T18:17:32,-19.758,-71.097,17.6,5.1
2016-08-17T22:14:15,-15.946,173.494,10.0,5.0
2016-08-17T22:26:19,-15.976,173.475,10.0,5.2
2016-08-18T03:29:49,-22.475,172.377,10.0,5.0
2016-08-18T04:30:08,-19.835,148.723,10.0,5.7
2016-08-18T07:54:04,-6.241,149.99,63.5,5.1
2016-08-18T11:19:15,-7.376,128.202,137.5,5.3
2016-08-18T15:25:12,-28.134,-176.335,11.4,5.1
2016-08-18T16:25:07,-22.91,173.268,10.0,5.2
2016-08-18T18:09:43,-55.904,-123.241,10.0,6.0
2016-08-18T18:49:43,-55.727,-123.277,10.0,5.5
2016-08-19T04:55:01,-33.611,-178.58,10.0,5.0
2016-08-19T07:32:22,-55.285,-31.877,10.0,7.4
2016-08-19T07:36:01,-55.335,-30.771,10.0,5.7
2016-08-19T07:38:50,-55.504,-32.151,10.0,5.4
2016-08-19T07:42:04,-54.745,-30.191,10.0,5.0
2016-08-19T07:46:39,-55.195,-31.892,10.0,5.2
2016-08-19T07:54:53,-54.967,-31.288,10.0,5.1
2016-08-19T08:13:40,-55.233,-31.328,10.0,5.1
2016-08-19T08:21:03,-55.22,-31.211,10.0,5.2
2016-08-19T08:32:50,-55.247,-30.783,10.0,5.1
2016-08-19T09:49:10,-17.024,-72.349,44.9,5.3
2016-08-19T10:00:25,-55.07,-31.606,10.0,5.0
2016-08-19T10:31:19,-55.311,-30.703,10.0,5.1
2016-08-19T10:59:59,-55.289,-31.34,10.0,5.0
2016-08-19T12:07:42,36.613,141.21,37.2,5.0
2016-08-19T12:08:59,-30.16,-177.744,34.1,5.2
2016-08-19T12:56:10,-55.229,-32.091,15.1,5.1
2016-08-19T13:00:06,-55.147,-31.61,10.0,5.1
2016-08-19T13:42:23,-55.166,-31.498,10.0,5.0
2016-08-19T17:33:40,-55.215,-32.066,3.4,5.8
2016-08-19T20:37:15,-55.201,-32.113,6.8,5.5
2016-08-19T22:56:59,-55.22,-31.042,10.0,5.0
2016-08-20T00:04:22,-55.159,-31.206,10.0,5.3
2016-08-20T00:15:39,-55.06,-32.011,10.0,5.3
2016-08-20T03:13:45,-22.946,173.275,10.0,5.5
2016-08-20T05:14:57,39.56,143.54,23.4,5.3
2016-08-20T09:01:26,40.394,143.68,10.0,6.0
2016-08-20T11:07:15,-5.136,102.801,49.1,5.0
2016-08-20T11:17:54,-54.918,-31.546,5.4,5.4
2016-08-20T11:27:19,-54.869,-31.48,10.0,5.3
2016-08-20T15:58:04,40.314,143.728,11.0,5.8
2016-08-20T16:10:34,40.421,143.634,10.0,5.2
2016-08-20T16:28:12,40.317,143.744,10.0,5.2
2016-08-20T20:23:07,-55.187,-31.099,10.0,5.2
2016-08-20T21:46:58,-55.289,-30.431,10.0,5.0
2016-08-21T00:42:49,-3.6,131.419,10.0,5.0
2016-08-21T02:30:49,-14.787,167.206,91.3,5.1
2016-08-21T03:45:23,-55.313,-31.751,12.0,6.1
2016-08-21T04:28:59,-55.09,-31.536,10.0,5.0
2016-08-21T12:46:58,28.552,141.82,63.1,5.1
2016-08-21T12:49:13,40.68,143.75,10.0,5.2
2016-08-21T14:55:17,18.463,145.57,207.2,5.1
2016-08-21T23:13:09,39.755,143.637,5.8,5.3
2016-08-22T02:39:13,55.128,165.267,27.3,5.2
2016-08-22T04:52:49,-55.197,-31.164,10.0,5.0
2016-08-22T06:11:08,38.325,142.113,35.0,5.1
2016-08-22T08:32:38,-55.279,-31.99,10.0,5.2
2016-08-22T09:33:07,29.881,139.136,391.0,5.6
2016-08-22T11:11:15,-55.1,-32.664,14.8,5.0
2016-08-22T20:43:59,-55.069,-31.161,10.0,5.0
2016-08-23T02:11:12,23.897,94.698,101.7,5.0
2016-08-23T02:52:05,-55.237,-30.719,10.0,5.3
2016-08-23T09:02:28,-20.378,-173.214,10.0,5.0
2016-08-23T17:47:43,-1.245,-15.836,10.0,5.0
2016-08-23T19:39:44,-7.287,122.434,533.0,6.0
2016-08-23T19:40:46,-7.213,122.539,520.3,5.8
2016-08-23T20:15:43,-4.855,153.173,41.4,5.2
2016-08-24T01:36:32,42.723,13.188,4.4,6.2
2016-08-24T02:33:29,42.841,13.153,3.2,5.6
2016-08-24T10:34:54,20.923,94.569,82.0,6.8
2016-08-24T13:48:45,-2.91,100.178,19.0,5.6
2016-08-24T14:18:18,-22.042,169.238,3.2,5.0
2016-08-25T17:04:43,30.614,137.854,456.0,5.9
2016-08-26T15:48:38,-8.7,146.584,23.3,5.2
2016-08-27T02:34:40,13.322,57.978,10.0,5.0
2016-08-27T04:51:05,-56.292,-26.887,58.6,5.4
2016-08-27T15:14:04,55.705,-158.273,13.3,5.1
2016-08-28T07:23:52,-2.786,138.428,41.8,5.5
2016-08-28T09:55:01,38.499,-34.952,14.8,5.0
2016-08-28T14:26:05,-55.082,-31.349,10.0,5.1
2016-08-28T18:14:11,-28.377,-176.276,10.0,5.2
2016-08-28T23:29:19,-22.989,173.169,10.0,5.2
2016-08-29T04:29:57,-0.046,-17.826,10.0,7.1
2016-08-29T08:20:36,-0.117,-17.973,10.0,5.0
2016-08-29T21:40:38,-56.073,-4.883,10.0,5.4
2016-08-30T08:09:09,-34.896,-72.555,14.2,5.4
2016-08-30T14:47:32,-55.126,-30.357,10.0,5.1
2016-08-30T15:46:02,-55.301,-30.363,10.0,5.3
2016-08-31T03:11:34,-3.685,152.792,476.0,6.8
2016-08-31T03:16:08,-55.222,-31.743,10.0,5.0
2016-08-31T13:17:10,-53.105,-118.359,10.0,5.1
2016-08-31T15:39:07,-56.132,-27.349,103.4,5.1
2016-08-31T22:04:35,-37.132,178.928,15.4,5.8
2016-09-01T06:00:08,46.776,153.736,10.0,5.1
2016-09-01T10:14:12,-22.03,-175.525,10.0,5.2
2016-09-01T16:22:38,-6.304,154.904,89.0,5.0
2016-09-01T16:37:57,-37.359,179.146,19.0,7.0
2016-09-01T16:43:53,-37.066,178.896,10.0,5.4
2016-09-01T16:47:14,-37.44,179.494,10.4,5.5
2016-09-01T16:48:03,-37.226,179.093,16.8,5.5
2016-09-01T16:49:17,-36.906,179.166,10.0,5.4
2016-09-01T16:49:47,-37.18,179.054,10.0,5.4
2016-09-01T16:51:31,-37.201,179.147,10.0,5.3
2016-09-01T16:53:07,-37.009,179.05,10.0,5.3
2016-09-01T16:55:45,-37.406,179.495,10.0,5.0
2016-09-01T17:01:07,-37.017,178.891,10.0,5.7
2016-09-01T17:08:00,-37.232,179.65,10.0,5.3
2016-09-01T17:14:06,-37.052,178.929,13.7,6.1
2016-09-01T17:23:38,-37.26,179.867,10.0,5.0
2016-09-01T17:36:00,-37.027,179.018,8.9,5.5
2016-09-01T18:59:17,-36.99,179.077,10.0,5.3
2016-09-01T19:18:32,-37.231,178.603,10.5,5.5
2016-09-01T19:22:19,-37.156,179.107,10.0,5.2
2016-09-01T19:48:50,-37.516,179.317,10.0,5.0
2016-09-01T20:04:17,0.553,98.614,35.0,5.5
2016-09-01T20:06:10,-37.318,178.715,10.0,5.5
2016-09-01T22:56:34,-55.253,-30.968,10.0,5.1
2016-09-02T01:57:50,-55.33,-30.918,8.0,5.5
2016-09-02T02:57:26,-37.262,179.1,10.0,5.2
2016-09-02T06:48:53,-55.23,-30.63,10.0,5.3
2016-09-02T11:23:06,-19.5,-173.706,10.0,5.5
2016-09-02T12:02:51,6.156,123.917,26.3,5.0
2016-09-02T13:29:37,34.455,141.498,10.0,5.3
2016-09-02T16:38:28,-55.415,-30.927,10.0,5.0
2016-09-02T17:28:03,-17.267,-172.083,10.0,5.2
2016-09-03T03:27:57,40.321,-125.688,28.6,5.6
2016-09-03T04:30:14,-37.501,178.727,22.0,5.3
2016-09-03T04:58:38,-37.206,178.898,18.4,5.3
2016-09-03T06:55:37,71.018,-7.559,10.0,5.0
2016-09-03T08:18:40,-29.174,60.969,10.0,5.1
2016-09-03T10:59:22,-27.912,-112.124,10.0,5.1
2016-09-03T12:02:44,36.425,-96.929,5.6,5.8
2016-09-03T12:26:43,31.45,138.489,326.7,5.0
2016-09-03T13:30:25,-37.249,179.035,10.0,5.0
2016-09-03T14:04:47,20.282,147.396,10.0,5.5
2016-09-04T02:38:12,8.399,125.887,16.0,5.8
2016-09-04T06:19:38,-37.176,179.381,10.0,5.1
2016-09-04T07:54:37,8.435,126.046,10.0,5.0
2016-09-04T15:40:19,49.757,155.835,48.3,5.0
2016-09-04T20:00:26,-37.329,178.97,10.0,5.0
2016-09-05T02:35:25,-54.819,-118.966,16.0,5.3
2016-09-05T02:46:30,-17.435,66.692,10.0,5.1
2016-09-05T06:14:09,3.67,126.934,43.5,5.2
2016-09-05T15:19:03,-37.127,178.699,27.0,5.9
2016-09-05T17:01:56,-36.962,178.994,10.0,5.3
2016-09-05T20:06:24,31.107,-41.364,10.0,5.2
2016-09-05T22:54:03,54.415,168.542,8.0,6.1
2016-09-05T23:00:12,-37.19,179.221,12.1,5.0
2016-09-06T04:13:31,-10.889,165.98,40.1,5.6
2016-09-06T07:37:45,-21.226,-67.697,148.5,5.0
2016-09-06T12:07:57,-45.803,95.771,10.0,5.3
2016-09-06T15:22:52,24.782,125.202,35.3,5.1
2016-09-07T09:42:03,42.38,142.638,112.1,5.0
2016-09-07T14:32:41,-0.939,120.41,27.2,5.1
2016-09-07T20:03:23,-20.045,-69.005,98.8,5.3
2016-09-07T20:07:36,54.55,168.651,10.0,5.4
2016-09-07T20:47:07,54.503,168.768,10.0,5.2
2016-09-08T02:34:04,-21.799,-68.622,121.4,5.0
2016-09-08T12:13:53,44.475,149.156,43.7,5.2
2016-09-08T21:46:20,-54.614,158.713,10.0,6.1
2016-09-09T00:03:44,-31.378,-65.825,157.6,5.6
2016-09-09T11:53:15,36.392,141.126,32.1,5.4
2016-09-09T17:17:54,22.132,-45.884,10.0,5.3
2016-09-10T00:25:16,11.69,-86.844,36.5,5.0
2016-09-10T02:49:54,-9.865,111.655,10.0,5.2
2016-09-10T10:08:20,-5.573,-76.954,121.0,6.1
2016-09-10T12:27:33,-1.036,31.618,40.0,5.9
2016-09-10T16:08:18,-5.677,149.72,140.5,5.0
2016-09-10T16:29:07,5.652,126.788,65.3,5.3
2016-09-10T20:54:09,-6.45,146.818,74.1,5.0
2016-09-11T13:10:08,42.008,21.488,13.2,5.1
2016-09-11T15:35:05,-6.309,105.206,10.0,5.0
2016-09-12T06:51:53,-28.755,-112.305,10.0,5.8
2016-09-12T11:32:55,35.781,129.216,13.0,5.4
2016-09-12T15:10:10,-4.906,101.767,18.3,5.3
2016-09-12T23:34:46,-19.704,-173.142,35.0,5.0
2016-09-13T10:12:26,35.898,139.784,74.0,5.0
2016-09-14T01:58:31,7.374,-76.169,18.0,6.0
2016-09-14T07:25:00,-9.329,159.167,14.0,6.0
2016-09-14T09:18:25,-1.229,-14.312,10.0,5.0
2016-09-14T17:55:39,-37.494,179.21,18.9,5.2
2016-09-14T18:03:27,-56.04,-27.527,120.9,5.1
2016-09-15T02:30:46,10.164,91.711,20.9,5.0
2016-09-15T05:57:24,12.44,-86.642,10.0,5.7
2016-09-15T13:46:43,17.13,-94.914,50.8,5.2
2016-09-15T19:45:55,-3.849,128.996,114.0,5.4
2016-09-15T20:48:55,-28.096,-176.281,10.0,5.0
2016-09-16T07:50:46,5.681,125.501,193.0,5.4
2016-09-16T12:04:39,-54.672,-30.972,14.3,5.3
2016-09-16T18:38:05,-29.155,60.916,10.0,5.5
2016-09-17T01:20:17,-2.083,140.572,9.0,6.0
2016-09-17T02:06:35,-2.073,140.546,10.0,5.2
2016-09-17T02:30:56,-4.435,102.754,59.0,5.5
2016-09-17T02:31:58,-16.057,167.486,31.0,5.8
2016-09-17T14:34:07,-2.043,140.625,10.0,5.1
2016-09-17T18:00:35,-55.244,-31.482,10.0,5.2
2016-09-17T20:00:49,-1.988,140.628,12.4,5.0
2016-09-18T07:17:36,-2.035,140.48,10.0,5.8
2016-09-18T11:02:19,-29.231,60.945,10.0,5.0
2016-09-20T01:31:39,-30.919,59.037,10.0,5.4
2016-09-20T05:05:21,-17.524,-70.493,101.3,5.0
2016-09-20T13:10:47,-1.986,138.746,10.0,5.4
2016-09-20T13:24:42,-23.576,-68.183,127.4,5.0
2016-09-20T16:21:16,30.502,142.048,9.0,6.1
2016-09-21T00:05:53,-54.791,-30.516,10.0,5.2
2016-09-21T01:08:44,-12.47,43.304,10.0,5.1
2016-09-21T05:44:05,-18.084,-175.407,240.6,5.2
2016-09-21T07:19:47,-54.81,-30.497,16.7,5.1
2016-09-21T14:46:08,-55.806,-27.557,34.9,5.0
2016-09-21T16:19:49,-4.309,152.92,41.4,5.2
2016-09-22T08:48:09,-28.073,-111.655,10.0,5.0
2016-09-22T15:56:05,34.473,141.832,10.0,5.3
2016-09-22T15:57:06,34.371,141.759,19.2,5.3
2016-09-22T16:00:46,34.43,141.796,18.4,5.0
2016-09-22T16:07:27,-59.472,-27.488,8.0,5.5
2016-09-22T16:47:16,30.182,99.691,22.0,5.2
2016-09-22T17:23:15,30.177,99.65,21.0,5.3
2016-09-22T20:06:11,-21.552,33.411,10.0,5.6
2016-09-23T00:14:34,34.462,141.637,10.0,6.2
2016-09-23T02:56:41,-7.345,156.353,10.0,5.2
2016-09-23T05:09:27,-6.467,130.398,131.8,5.1
2016-09-23T05:34:31,34.521,141.796,10.0,5.2
2016-09-23T06:13:19,34.905,141.461,10.0,5.3
2016-09-23T10:28:20,34.595,141.232,10.0,5.0
2016-09-23T15:05:17,30.492,141.794,35.0,5.1
2016-09-23T22:53:10,6.572,126.492,65.0,6.3
2016-09-23T23:11:20,45.728,26.61,92.0,5.6
2016-09-24T01:32:55,-54.915,-30.699,15.1,5.0
2016-09-24T04:02:15,-32.608,-178.008,10.0,5.6
2016-09-24T07:50:21,-54.823,-30.621,10.0,5.0
2016-09-24T09:41:57,-1.945,140.532,10.0,5.2
2016-09-24T11:04:29,-1.953,140.597,8.0,5.9
2016-09-24T11:09:43,-1.85,140.56,13.8,5.7
2016-09-24T11:27:44,-6.637,128.916,236.2,5.0
2016-09-24T20:27:18,-21.536,-68.354,104.4,5.1
2016-09-24T21:07:15,-18.171,-174.984,202.0,6.4
2016-09-24T21:28:41,-19.782,-178.244,596.4,6.9
2016-09-24T21:35:02,-19.912,-178.345,585.4,5.2
2016-09-24T21:37:01,-19.926,-178.175,591.3,5.0
2016-09-24T21:55:06,-19.862,-178.287,586.6,5.1
2016-09-24T23:27:20,-32.298,-178.131,10.0,5.2
2016-09-24T23:42:49,-32.371,-178.246,10.0,5.0
2016-09-24T23:52:03,-32.361,-178.118,10.0,5.2
2016-09-25T01:10:10,-19.666,-178.004,580.8,5.1
2016-09-25T04:28:39,-32.399,-177.767,10.0,5.6
2016-09-26T02:24:37,41.88,142.204,64.0,5.0
2016-09-26T05:13:25,41.699,143.078,33.7,5.3
2016-09-26T05:19:58,27.465,128.578,38.0,5.7
2016-09-26T11:19:04,-28.245,-111.615,15.8,5.0
2016-09-26T20:15:09,-19.576,177.656,10.0,5.2
2016-09-26T20:30:45,-19.563,177.73,10.0,5.0
2016-09-27T08:01:24,-16.02,-174.175,125.6,5.2
2016-09-27T10:30:21,-22.25,-179.701,564.6,5.1
2016-09-27T16:22:56,17.558,145.62,475.6,5.0
2016-09-27T20:57:08,36.389,27.614,85.2,5.1
2016-09-28T07:17:35,36.774,21.912,46.5,5.0
2016-09-28T09:41:17,-6.926,-12.594,10.0,5.0
2016-09-28T12:50:34,20.976,144.63,45.9,5.0
2016-09-28T16:48:55,12.442,-86.515,7.6,5.5
2016-09-28T22:12:13,0.024,-17.817,10.0,5.0
2016-09-28T23:49:34,15.852,147.412,10.0,5.0
2016-09-29T00:21:09,-35.601,-103.897,10.0,5.5
2016-09-29T01:34:03,-30.292,-177.652,16.8,5.3
2016-09-29T08:55:16,16.209,-98.462,18.0,5.1
2016-09-29T08:56:18,15.921,-98.753,10.0,5.1
2016-09-29T11:32:11,-51.283,139.016,10.0,5.0
2016-09-29T20:23:14,16.118,-84.975,10.0,5.3
2016-09-29T23:21:01,34.523,141.792,10.0,5.1
2016-09-30T05:27:29,-59.602,159.476,10.0,5.1
2016-09-30T19:49:33,-16.086,-173.089,10.0,5.0
2016-09-30T23:06:49,19.886,-74.383,10.0,5.0
2016-10-01T00:33:00,-23.681,-174.926,10.0,5.6
2016-10-01T02:33:02,-13.108,167.198,206.4,5.1
2016-10-01T04:25:43,-23.57,-179.945,522.4,5.3
2016-10-01T08:04:34,34.905,73.682,10.0,5.4
2016-10-01T13:17:16,40.783,-29.336,10.0,5.2
2016-10-01T19:52:07,-27.806,-176.815,10.0,5.1
2016-10-01T22:07:55,52.723,-162.807,28.4,5.0
2016-10-02T01:50:37,-6.443,155.455,120.3,5.3
2016-10-02T13:40:04,16.479,119.749,10.0,5.4
2016-10-03T15:02:13,2.494,99.194,158.4,5.1
2016-10-03T18:07:40,-23.648,-175.475,10.0,5.2
2016-10-04T12:13:49,34.727,141.443,19.4,5.2
2016-10-04T14:00:47,27.852,141.944,35.0,5.7
2016-10-05T08:40:35,-55.221,-128.767,10.0,5.4
2016-10-05T11:03:05,-58.821,-25.28,35.0,5.1
2016-10-05T16:06:14,-9.798,-74.853,102.8,5.3
2016-10-05T18:47:49,-41.416,-85.716,10.0,5.2
2016-10-05T20:53:39,7.143,-34.334,10.0,5.5
2016-10-06T15:51:59,22.626,121.436,14.0,5.8
2016-10-06T19:09:50,12.152,125.057,65.5,5.0
2016-10-06T20:57:08,-4.043,-103.917,10.0,5.6
2016-10-07T12:18:29,-56.643,-141.387,10.0,5.0
2016-10-08T02:02:01,-17.516,66.651,14.0,5.1
2016-10-08T04:37:41,-36.028,-101.009,10.0,5.6
2016-10-08T07:32:49,13.658,120.707,118.7,5.1
2016-10-08T18:10:13,20.024,146.763,10.0,5.4
2016-10-08T19:41:21,-37.124,178.64,35.0,5.8
2016-10-08T22:25:27,-15.023,-174.34,10.0,5.0
2016-10-09T14:46:26,1.77,127.449,128.0,5.8
2016-10-09T16:48:15,-22.82,-174.594,10.0,5.1
2016-10-09T19:08:47,44.278,-129.362,10.0,5.0
2016-10-10T08:35:05,-15.372,-174.82,10.0,5.6
2016-10-10T13:16:11,-15.281,-175.174,10.0,5.2
2016-10-11T23:29:11,-2.302,133.855,38.6,5.3
2016-10-12T01:39:24,13.612,120.797,124.0,5.2
2016-10-12T03:21:24,-5.415,153.505,11.0,5.6
2016-10-12T04:16:24,-20.873,-178.602,576.2,5.4
2016-10-12T10:39:13,10.721,144.754,10.0,5.0
2016-10-12T20:32:53,-54.442,5.902,10.0,5.1
2016-10-13T03:55:12,25.476,-109.735,24.0,5.3
2016-10-13T16:19:06,-17.305,-172.208,10.0,5.2
2016-10-13T18:55:09,25.113,143.135,10.0,5.0
2016-10-13T20:18:44,4.287,126.376,74.0,5.0
2016-10-13T20:40:50,-35.499,-103.993,10.0,5.5
2016-10-14T18:29:04,9.125,125.603,40.3,5.4
2016-10-15T08:03:38,-4.274,150.361,442.0,6.3
2016-10-15T08:18:32,42.209,30.724,6.4,5.1
2016-10-15T20:14:49,39.806,20.646,22.0,5.5
2016-10-16T00:09:58,39.766,20.714,10.0,5.0
2016-10-16T00:41:14,39.817,20.591,13.3,5.2
2016-10-16T02:21:04,39.787,20.611,19.4,5.0
2016-10-16T09:03:20,-24.19,-64.37,10.0,5.0
2016-10-16T13:04:26,-7.009,-80.125,40.7,5.0
2016-10-17T06:14:58,-6.003,148.887,42.0,6.8
2016-10-17T07:14:50,32.896,94.877,35.0,5.9
2016-10-17T21:45:05,10.013,126.102,49.7,5.1
2016-10-18T04:26:06,-60.296,-47.178,10.0,5.3
2016-10-18T07:51:20,5.643,61.451,10.0,5.4
2016-10-18T16:36:41,-23.326,-179.843,540.0,5.9
2016-10-18T22:08:14,15.223,-61.506,146.0,5.6
2016-10-19T00:26:01,-4.863,108.163,614.0,6.6
2016-10-20T00:09:26,13.312,-44.878,10.0,5.6
2016-10-20T00:40:01,36.444,71.269,107.0,5.1
2016-10-20T02:49:53,35.82,140.508,18.9,5.3
2016-10-20T06:25:55,22.243,143.755,104.5,5.6
2016-10-20T07:49:42,-17.975,-179.48,653.5,5.0
2016-10-20T20:50:13,-8.958,123.947,95.8,5.2
2016-10-21T05:07:22,35.374,133.809,5.6,6.2
2016-10-21T16:32:32,-3.42,145.542,10.0,5.0
2016-10-22T17:49:34,-6.304,129.824,21.6,5.0
2016-10-23T11:46:14,23.184,142.102,42.0,5.0
2016-10-23T20:25:26,44.05,148.104,29.0,5.9
2016-10-23T22:59:29,18.902,-104.571,12.0,5.6
2016-10-24T01:55:06,-35.993,-102.634,10.0,5.5
2016-10-25T07:18:20,-26.701,-71.069,10.0,5.0
2016-10-25T16:01:00,-13.731,165.85,30.5,5.1
2016-10-25T16:10:01,-15.389,-174.828,10.0,5.8
2016-10-25T18:15:00,-4.669,152.881,60.8,5.0
2016-10-26T05:19:49,-15.437,-174.862,10.0,6.1
2016-10-26T14:08:07,-9.315,-75.418,32.0,5.1
2016-10-26T14:15:40,39.485,54.509,26.0,5.4
2016-10-26T17:10:37,42.858,13.053,6.0,5.5
2016-10-26T19:16:02,-11.498,-13.751,10.0,5.1
2016-10-26T19:18:08,42.956,13.067,10.0,6.1
2016-10-27T01:03:12,-1.506,-15.591,10.0,5.6
2016-10-27T08:17:50,1.37,125.758,61.0,5.8
2016-10-27T11:53:17,53.586,-163.265,13.9,5.9
2016-10-27T12:44:59,53.652,-163.297,18.8,5.1
2016-10-27T20:32:55,-33.777,-72.532,12.6,6.0
2016-10-28T00:41:58,-2.24,140.184,10.0,5.3
2016-10-28T01:31:28,51.682,-173.525,38.8,5.0
2016-10-28T05:26:55,-4.672,153.216,45.2,5.9
2016-10-28T20:02:49,39.388,13.52,457.9,5.8
2016-10-28T21:57:37,25.682,125.127,32.2,5.1
2016-10-29T00:33:48,-47.368,32.456,10.0,5.2
2016-10-29T00:40:04,-56.578,-25.208,10.0,5.0
2016-10-29T03:21:33,-14.804,166.882,31.3,5.1
2016-10-29T12:20:15,29.97,-42.494,10.0,5.2
2016-10-29T22:01:39,-33.843,-72.586,10.0,5.2
2016-10-30T04:49:41,-25.183,-70.365,53.0,5.3
2016-10-30T06:40:18,42.862,13.096,8.0,6.6
2016-10-30T17:06:55,-23.641,-175.156,10.0,5.3
2016-10-31T00:00:43,-40.276,-91.953,10.0,5.2
2016-10-31T00:20:11,3.447,-74.495,33.0,5.6
2016-10-31T02:05:58,3.403,-74.502,36.2,5.0
2016-10-31T05:44:30,-22.39,-68.486,91.9,5.1
2016-10-31T16:02:43,20.877,61.697,10.0,5.4
2016-11-01T08:27:14,-35.236,-15.068,10.0,5.2
2016-11-01T19:03:30,-6.104,148.659,52.0,6.0
2016-11-01T20:35:34,-13.662,166.878,109.6,5.0
2016-11-01T22:31:55,25.776,128.459,10.0,5.2
2016-11-01T22:37:32,37.517,141.702,14.4,5.0
2016-11-02T03:44:31,54.748,163.693,10.0,5.4
2016-11-02T16:15:24,-30.502,-177.652,35.0,5.0
2016-11-03T04:59:12,12.274,-87.832,40.5,5.1
2016-11-03T16:11:39,-2.97,129.406,30.0,5.0
2016-11-04T05:45:03,-18.92,169.262,211.9,5.0
2016-11-04T16:20:44,-35.094,-71.046,90.0,6.3
2016-11-04T17:29:14,-6.753,155.366,85.5,5.0
2016-11-04T23:26:48,2.878,95.471,30.4,5.0
2016-11-05T05:46:07,30.733,-41.074,10.0,5.0
2016-11-05T13:18:15,-55.031,-129.54,10.0,5.4
2016-11-05T23:38:17,-4.413,153.607,105.6,5.0
2016-11-06T20:25:50,26.317,128.741,14.6,5.2
2016-11-07T01:44:24,35.991,-96.803,4.4,5.0
2016-11-07T21:31:28,-8.11,104.84,33.0,5.8
2016-11-08T00:58:43,-5.755,146.523,53.2,5.4
2016-11-08T03:09:25,-58.113,148.191,10.0,5.7
2016-11-08T04:27:13,-58.155,148.532,10.0,5.0
2016-11-08T04:55:45,-36.578,-73.56,20.0,6.0
2016-11-08T07:32:20,51.899,-178.861,94.6,5.0
2016-11-08T23:30:20,-27.251,-63.311,558.6,5.1
2016-11-09T04:33:00,-33.257,-179.013,10.0,5.0
2016-11-09T08:15:30,-14.927,167.054,105.5,5.0
2016-11-09T14:50:59,-4.74,149.871,448.8,5.9
2016-11-09T14:51:25,-4.68,150.459,488.3,5.0
2016-11-09T22:20:41,38.726,142.162,48.2,5.0
2016-11-10T11:49:27,-15.999,-173.115,10.0,5.0
2016-11-10T12:24:10,-50.047,114.382,10.0,5.7
2016-11-10T13:54:07,-20.03,66.491,16.0,5.1
2016-11-10T17:35:38,-20.428,-178.223,543.9,5.6
2016-11-11T00:26:46,-8.824,111.482,61.7,5.0
2016-11-11T08:13:45,52.7,174.487,96.1,5.3
2016-11-11T14:53:04,-8.601,-74.507,136.5,5.2
2016-11-11T21:42:59,38.497,141.566,42.4,6.1
2016-11-12T16:15:49,-24.966,178.785,548.0,5.9
2016-11-12T20:08:46,6.114,-82.591,10.0,5.6
2016-11-12T21:52:36,57.069,-157.662,10.3,5.0
2016-11-13T01:01:51,-28.122,-67.307,118.8,5.3
2016-11-13T05:15:13,-55.938,-143.666,10.0,5.1
2016-11-13T11:02:56,-42.737,173.054,15.1,7.8
2016-11-13T11:12:39,-42.406,173.661,9.9,5.7
2016-11-13T11:19:34,-42.213,173.432,10.0,5.5
2016-11-13T11:24:18,-41.94,173.709,18.0,5.3
2016-11-13T11:32:06,-42.32,173.669,10.0,6.5
2016-11-13T11:33:45,-42.051,174.304,10.1,5.8
2016-11-13T11:41:49,-41.688,174.206,14.6,5.7
2016-11-13T11:52:45,-42.176,173.623,14.0,6.1
2016-11-13T12:04:15,-41.687,174.506,17.2,5.0
2016-11-13T12:22:12,-41.812,174.269,12.7,5.2
2016-11-13T12:23:02,-43.49,173.75,10.0,5.0
2016-11-13T12:25:55,-42.736,172.836,8.8,5.2
2016-11-13T12:27:59,-42.396,173.758,7.5,5.2
2016-11-13T12:36:35,-41.435,173.97,20.7,5.1
2016-11-13T12:37:45,-42.394,173.366,10.0,5.2
2016-11-13T12:38:38,-41.737,174.256,15.4,5.2
2016-11-13T12:43:53,-42.292,173.295,11.2,5.1
2016-11-13T13:21:12,-41.81,174.218,10.0,5.3
2016-11-13T13:31:25,-42.309,173.696,2.1,6.2
2016-11-13T13:49:59,-41.78,174.367,11.1,5.2
2016-11-13T13:53:59,-6.268,147.849,51.9,5.0
2016-11-13T14:01:01,-28.865,-67.456,109.1,5.7
2016-11-13T14:04:22,-42.674,173.025,10.0,5.0
2016-11-13T14:08:08,-34.324,-178.977,10.0,5.3
2016-11-13T15:33:03,-41.858,174.29,12.1,5.1
2016-11-13T15:42:50,-37.091,178.862,26.0,5.1
2016-11-13T15:58:36,-41.956,173.721,10.0,5.0
2016-11-13T17:17:38,-42.578,173.825,10.0,5.2
2016-11-13T18:59:07,-42.387,173.953,10.0,5.2
2016-11-13T19:28:56,-42.374,173.937,10.0,5.7
2016-11-13T20:52:05,-6.094,149.366,68.4,5.2
2016-11-13T22:00:58,-16.174,167.839,48.4,5.1
2016-11-13T22:19:32,-42.353,173.073,10.0,5.1
2016-11-13T22:33:18,7.305,126.845,82.4,5.0
2016-11-14T00:34:22,-42.606,173.254,9.0,6.5
2016-11-14T01:28:20,-42.076,173.993,10.0,5.3
2016-11-14T01:30:12,-42.422,173.815,12.3,5.2
2016-11-14T02:12:17,51.074,178.84,34.3,5.6
2016-11-14T02:13:34,51.038,178.799,23.2,5.2
2016-11-14T06:43:00,-41.818,174.28,18.5,5.2
2016-11-14T06:47:52,-42.332,173.903,12.0,5.7
2016-11-14T07:21:04,-41.76,174.299,17.2,5.5
2016-11-14T10:12:17,51.783,-176.005,72.8,5.0
2016-11-14T22:54:34,54.165,-160.154,17.2,5.2
2016-11-15T01:34:44,-41.788,174.306,10.0,5.5
2016-11-15T05:09:25,-42.354,173.745,10.0,5.1
2016-11-15T06:30:30,-42.356,173.944,10.0,5.3
2016-11-15T12:31:08,-53.9,2.553,10.0,5.2
2016-11-15T13:49:58,-45.964,-14.642,10.0,5.0
2016-11-15T16:02:56,36.524,70.842,191.0,5.4
2016-11-16T00:30:29,-20.239,-173.016,20.0,5.8
2016-11-16T15:10:11,-9.003,113.244,85.0,5.7
2016-11-16T20:26:14,-22.095,-177.566,296.0,5.3
2016-11-17T14:29:22,-55.827,-27.294,35.0,5.1
2016-11-17T16:56:44,-6.258,130.479,112.2,5.5
2016-11-17T21:45:56,32.687,96.151,10.0,5.0
2016-11-18T07:42:24,34.747,6.235,26.4,5.2
2016-11-18T14:22:57,-42.591,173.262,6.8,5.3
2016-11-18T20:54:47,-28.14,-177.02,10.0,5.6
2016-11-19T02:48:01,33.814,135.42,42.0,5.3
2016-11-19T12:00:57,-6.539,129.872,168.5,5.0
2016-11-19T12:47:05,-44.21,39.055,16.2,5.1
2016-11-19T17:36:26,3.582,125.994,106.7,5.1
2016-11-20T00:58:10,-61.416,-56.891,10.0,5.1
2016-11-20T03:19:56,-44.346,39.128,10.0,5.1
2016-11-20T09:08:02,-44.398,39.212,12.0,5.2
2016-11-20T15:29:35,-44.246,39.152,10.0,5.0
2016-11-20T17:56:13,-44.261,39.233,10.0,5.2
2016-11-20T20:57:44,-31.623,-68.626,108.0,6.4
2016-11-20T21:59:26,35.916,140.968,18.7,5.0
2016-11-20T22:44:36,-44.241,39.13,10.0,5.0
2016-11-21T08:31:38,-53.75,140.525,10.0,5.5
2016-11-21T08:36:25,-53.739,140.819,10.0,5.0
2016-11-21T13:00:24,-44.15,38.29,10.0,5.1
2016-11-21T20:59:49,37.393,141.387,9.0,6.9
2016-11-21T21:08:08,37.209,141.479,10.0,5.0
2016-11-21T21:10:20,37.252,141.472,10.0,5.4
2016-11-21T21:16:16,37.223,141.216,10.0,5.0
2016-11-21T21:39:44,37.302,141.197,24.9,5.3
2016-11-21T21:42:37,37.137,141.453,10.0,5.0
2016-11-21T21:43:07,37.2,141.224,10.0,5.1
2016-11-22T00:19:43,-40.602,177.039,9.1,5.9
2016-11-22T00:45:42,-52.908,-133.336,10.0,5.0
2016-11-22T05:13:35,-42.93,172.996,10.0,5.5
2016-11-22T11:37:12,55.832,114.153,10.0,5.0
2016-11-22T14:03:59,37.234,141.366,15.9,5.2
2016-11-22T16:03:28,-24.91,179.801,495.1,5.0
2016-11-22T17:41:16,37.274,141.336,31.6,5.1
2016-11-22T17:53:01,25.352,125.191,78.7,5.1
2016-11-22T19:38:17,-37.07,177.02,203.6,5.1
2016-11-23T07:13:04,52.415,-174.623,152.5,5.0
2016-11-23T09:59:57,27.177,140.025,481.0,5.8
2016-11-23T16:08:43,51.693,-179.954,94.1,5.2
2016-11-23T21:23:36,37.214,141.321,9.0,5.9
2016-11-24T00:35:09,31.746,138.194,346.0,5.2
2016-11-24T10:37:03,31.505,-40.926,10.0,5.0
2016-11-24T13:15:51,-32.97,-178.75,10.0,5.0
2016-11-24T18:43:47,11.91,-88.897,10.0,6.9
2016-11-24T18:53:03,12.038,-88.904,10.0,5.1
2016-11-24T21:55:54,24.089,122.432,24.1,5.3
2016-11-24T22:31:01,55.205,164.754,35.0,5.5
2016-11-25T04:06:54,55.146,164.742,34.6,5.1
2016-11-25T07:26:23,54.463,160.554,87.9,5.6
2016-11-25T11:01:44,-31.96,-178.679,10.0,5.1
2016-11-25T14:18:59,39.187,73.916,10.0,5.2
2016-11-25T14:24:30,39.273,73.978,17.0,6.6
2016-11-25T14:40:03,39.357,73.971,10.0,5.1
2016-11-26T02:39:05,3.79,-32.102,10.0,5.0
2016-11-26T07:21:41,-38.883,177.623,18.6,5.0
2016-11-26T09:23:26,39.285,74.258,10.0,5.1
2016-11-26T12:40:22,26.353,141.237,90.1,5.0
2016-11-27T00:18:38,-37.005,178.992,10.0,5.1
2016-11-27T06:10:58,-19.628,-175.201,35.0,5.1
2016-11-27T09:12:39,-3.002,136.869,35.0,5.0
2016-11-27T22:08:20,-50.282,-114.948,10.0,5.4
2016-11-27T23:35:21,27.802,86.532,10.0,5.4
2016-11-28T04:12:57,-56.763,-141.126,10.0,5.4
2016-11-28T04:34:44,43.367,-127.022,29.8,5.5
2016-11-28T08:07:21,-41.829,88.468,10.0,5.5
2016-11-28T08:17:25,-55.212,-128.513,10.0,5.0
2016-11-28T11:26:15,14.566,53.736,10.0,5.4
2016-11-28T21:42:30,-23.164,-175.025,10.0,5.0
2016-11-29T03:53:53,-0.171,125.676,39.6,5.2
2016-11-29T18:07:45,-20.479,-175.416,72.5,5.1
2016-11-29T18:26:51,-17.417,-176.575,12.5,5.0
2016-11-30T02:29:12,-6.955,131.944,24.4,5.0
2016-11-30T02:42:14,-6.986,131.82,24.0,5.7
2016-11-30T21:44:05,51.943,178.445,100.1,5.3
2016-11-30T22:07:29,-21.33,-179.144,596.3,5.1
2016-12-01T00:25:21,9.948,-83.807,1.3,5.3
2016-12-01T02:23:23,-3.368,149.079,19.0,5.1
2016-12-01T02:33:46,-3.779,148.859,19.0,5.3
2016-12-01T05:16:26,52.42,157.769,116.3,5.0
2016-12-01T16:52:50,29.979,80.632,32.0,5.2
2016-12-01T20:51:55,-35.202,54.022,10.0,5.5
2016-12-01T22:40:26,-15.312,-70.827,12.0,6.2
2016-12-02T00:14:40,-49.686,126.249,10.0,5.4
2016-12-02T01:00:36,-10.055,160.426,42.0,5.0
2016-12-02T13:57:54,17.371,-101.298,23.8,5.0
2016-12-03T09:23:34,52.253,174.17,28.4,5.9
2016-12-03T14:11:12,-22.637,-176.338,155.0,5.5
2016-12-03T22:48:10,3.488,96.687,69.6,5.0
2016-12-03T22:57:03,-53.924,-133.7,10.0,5.2
2016-12-04T03:15:47,-41.71,174.201,17.5,5.3
2016-12-04T04:41:11,-5.357,151.717,48.9,5.0
2016-12-04T05:24:05,4.505,127.834,139.0,5.7
2016-12-04T05:59:19,-52.096,139.516,10.0,5.0
2016-12-04T21:34:23,32.42,92.116,10.0,5.2
2016-12-05T00:44:34,-17.267,-174.006,75.4,5.0
2016-12-05T01:13:04,-7.316,123.38,526.0,6.3
2016-12-05T07:33:19,-47.154,-75.308,35.0,5.2
2016-12-05T14:24:52,27.703,59.194,62.4,5.1
2016-12-05T18:06:04,-23.185,-66.656,223.0,5.0
2016-12-06T01:21:18,-14.914,167.29,108.3,5.2
2016-12-06T14:51:14,-18.002,167.97,18.2,5.0
2016-12-06T16:49:19,-31.002,-179.903,404.1,5.0
2016-12-06T21:42:20,11.032,-60.9,31.8,5.9
2016-12-06T22:03:33,5.283,96.168,13.0,6.5
2016-12-06T22:10:35,5.23,96.186,10.0,5.2
2016-12-07T13:42:39,-3.028,128.841,49.7,5.0
2016-12-08T00:07:34,36.454,71.16,87.5,5.0
2016-12-08T05:15:04,43.823,86.345,17.6,6.0
2016-12-08T14:49:45,40.454,-126.194,8.4,6.6
2016-12-08T17:38:46,-10.681,161.327,40.0,7.8
2016-12-08T17:46:23,-10.223,161.079,35.0,5.7
2016-12-08T17:48:12,-10.907,161.6,35.0,5.0
2016-12-08T17:58:53,-10.859,161.409,35.0,5.2
2016-12-08T18:03:05,-10.386,161.298,42.8,5.4
2016-12-08T18:23:53,-10.778,161.093,40.3,5.1
2016-12-08T18:52:16,-10.624,161.364,34.8,5.0
2016-12-08T19:03:33,-10.848,161.488,35.0,5.0
2016-12-08T19:15:38,-10.458,161.284,37.6,5.1
2016-12-08T19:57:53,-10.845,161.105,37.0,5.1
2016-12-08T20:03:11,-10.821,161.417,43.6,5.2
2016-12-08T20:42:36,-31.548,-71.798,41.2,5.2
2016-12-08T20:50:27,-10.53,161.208,48.2,5.2
2016-12-08T21:30:01,-10.52,161.338,50.7,5.0
2016-12-08T21:35:41,-10.764,161.245,24.4,5.3
2016-12-08T21:41:23,-10.621,161.021,36.5,5.0
2016-12-08T21:48:33,-10.869,161.23,27.2,5.5
2016-12-08T21:56:07,-10.842,161.314,12.3,6.5
2016-12-08T21:58:10,-11.156,161.185,35.0,5.5
2016-12-08T22:02:43,-10.797,161.467,39.6,5.4
2016-12-08T22:49:29,-11.003,161.293,42.2,5.0
2016-12-09T00:53:50,-10.691,161.474,38.5,5.1
2016-12-09T01:58:55,-11.022,161.139,10.0,5.3
2016-12-09T02:46:10,-10.893,161.128,14.6,5.1
2016-12-09T06:33:51,-11.034,161.495,37.3,5.1
2016-12-09T09:10:24,-10.696,161.492,21.0,5.3
2016-12-09T09:42:57,-10.845,161.132,10.0,5.2
2016-12-09T10:06:10,12.035,-88.744,35.7,5.0
2016-12-09T12:50:26,-10.558,161.12,17.0,5.2
2016-12-09T13:09:52,-10.618,161.136,10.0,5.0
2016-12-09T17:24:41,-10.493,161.166,33.9,5.2
2016-12-09T17:55:51,-10.831,161.094,35.2,5.4
2016-12-09T18:11:59,-10.76,161.052,30.1,5.0
2016-12-09T18:13:11,-10.53,161.382,62.0,5.3
2016-12-09T19:10:06,-10.749,161.132,19.7,6.9
2016-12-09T19:13:22,-11.07,161.455,39.0,5.5
2016-12-09T19:15:39,-10.917,160.999,10.0,5.2
2016-12-09T19:21:50,-11.219,161.677,41.3,5.0
2016-12-09T19:27:46,-11.001,161.083,35.0,5.0
2016-12-09T19:34:56,-10.98,161.164,33.8,5.0
2016-12-09T19:38:34,-10.809,161.17,34.2,5.3
2016-12-09T19:43:24,-10.969,161.308,18.4,5.9
2016-12-09T20:35:13,-10.985,161.329,10.0,5.1
2016-12-09T20:44:44,-10.906,161.402,29.8,5.0
2016-12-09T21:33:17,-10.786,161.11,10.0,5.0
2016-12-09T21:38:23,-10.955,161.359,10.0,5.8
2016-12-09T23:39:43,-10.394,161.329,48.6,5.5
2016-12-10T02:38:22,-10.342,161.326,51.8,5.6
2016-12-10T02:45:39,-10.883,161.279,7.7,5.8
2016-12-10T03:28:10,-10.644,161.131,44.0,5.0
2016-12-10T04:44:57,40.179,142.385,52.0,5.0
2016-12-10T12:17:09,-10.39,161.232,27.2,5.1
2016-12-10T13:22:23,-10.711,161.778,10.0,5.1
2016-12-10T16:24:34,-5.659,154.473,142.6,6.0
2016-12-10T17:27:38,-21.044,-173.842,20.9,5.1
2016-12-10T20:08:10,-10.528,161.35,36.5,5.0
2016-12-11T09:32:00,-10.25,160.828,35.3,5.3
2016-12-11T14:33:12,-9.124,-109.849,10.0,5.8
2016-12-11T17:26:09,-10.964,161.572,10.0,5.5
2016-12-11T20:17:37,-11.191,161.379,10.0,5.0
2016-12-11T20:57:54,-24.232,-179.541,467.1,5.3
2016-12-11T21:39:05,-10.903,161.456,10.2,5.0
2016-12-12T02:56:58,-30.972,-68.062,10.0,5.0
2016-12-12T15:54:00,0.853,-79.786,34.9,5.2
2016-12-13T02:46:34,-18.851,-177.922,450.6,5.4
2016-12-13T03:46:16,-10.209,161.538,35.0,5.2
2016-12-13T04:54:25,-6.252,146.662,11.8,5.1
2016-12-13T05:38:49,-10.845,161.208,12.0,5.2
2016-12-13T09:46:42,-2.341,133.842,38.7,5.1
2016-12-13T15:50:29,-10.536,161.168,21.7,5.0
2016-12-13T23:51:31,-20.612,-173.631,10.0,5.2
2016-12-14T02:01:22,21.29,144.404,22.4,6.0
2016-12-14T03:24:07,-10.496,161.382,41.2,5.4
2016-12-14T08:14:30,38.582,90.049,10.0,5.1
2016-12-14T09:16:17,-31.727,-176.152,10.0,5.0
2016-12-14T16:34:58,-10.2,161.493,35.0,5.4
2016-12-14T16:41:05,38.822,-122.841,1.5,5.0
2016-12-14T21:14:55,21.37,144.218,10.0,5.5
2016-12-14T21:26:47,-21.922,-174.509,10.0,5.3
2016-12-15T00:18:43,-21.815,-174.787,10.0,5.2
2016-12-15T01:06:26,10.239,126.128,73.6,5.1
2016-12-15T01:29:26,-29.162,60.957,10.0,5.3
2016-12-15T22:23:26,-9.909,160.519,16.2,5.4
2016-12-16T11:34:58,14.089,-90.87,70.6,5.5
2016-12-16T22:39:31,-3.124,139.082,49.2,5.1
2016-12-16T23:11:43,-30.423,-71.619,35.6,5.2
2016-12-17T07:23:30,-10.888,-78.796,37.7,5.0
2016-12-17T09:30:38,51.533,177.168,47.8,5.0
2016-12-17T10:51:10,-4.505,153.522,94.5,7.9
2016-12-17T11:09:29,-3.819,154.311,97.9,5.2
2016-12-17T11:22:39,-4.429,153.557,82.3,5.6
2016-12-17T11:25:03,-5.998,154.327,65.6,5.0
2016-12-17T11:27:36,-5.629,154.022,8.4,6.3
2016-12-17T11:32:08,-2.652,152.719,41.9,5.0
2016-12-17T11:45:43,-5.419,154.509,76.1,5.0
2016-12-17T12:01:07,-6.297,154.44,82.6,5.0
2016-12-17T12:27:28,-6.118,154.273,48.7,5.3
2016-12-17T12:52:40,-5.705,153.722,53.9,5.0
2016-12-17T13:16:28,-4.613,153.76,103.7,5.1
2016-12-17T13:22:29,-6.304,154.554,9.1,5.4
2016-12-17T13:40:44,-5.231,153.776,57.4,5.2
2016-12-17T13:52:22,-6.327,154.508,10.0,5.1
2016-12-17T13:54:50,-6.167,154.155,10.0,5.1
2016-12-17T15:29:47,-5.785,154.062,33.9,5.2
2016-12-17T16:12:11,15.121,-93.543,65.3,5.0
2016-12-17T16:13:59,-5.398,153.663,59.3,5.0
2016-12-17T17:16:50,-6.089,153.904,21.3,5.1
2016-12-17T17:46:35,-6.176,153.984,10.0,5.1
2016-12-17T18:02:23,-6.007,153.656,23.5,5.0
2016-12-17T18:20:58,-6.376,154.514,34.7,5.0
2016-12-17T18:45:06,-29.213,61.144,10.0,5.1
2016-12-17T18:49:28,-21.765,-174.904,10.0,5.2
2016-12-17T18:54:23,-6.317,154.339,10.0,5.2
2016-12-17T20:00:12,-6.966,154.718,10.0,5.0
2016-12-17T21:17:36,16.375,145.765,129.5,5.0
2016-12-17T22:21:32,-26.789,-177.524,132.5,5.4
2016-12-18T00:43:36,-6.017,153.984,10.0,5.0
2016-12-18T02:24:46,-23.102,-175.75,50.5,5.1
2016-12-18T03:30:59,-29.218,61.138,10.0,5.1
2016-12-18T05:46:25,-10.234,161.199,39.0,5.9
2016-12-18T06:15:45,-34.989,-107.869,10.0,5.5
2016-12-18T06:39:42,-6.3,154.351,12.0,5.9
2016-12-18T07:13:03,-6.352,154.538,10.0,5.1
2016-12-18T09:47:06,8.372,137.674,19.0,6.2
2016-12-18T09:47:40,-5.11,153.171,35.0,5.0
2016-12-18T09:57:38,-10.919,164.462,40.1,5.4
2016-12-18T10:07:02,-6.387,154.443,10.0,5.0
2016-12-18T11:35:48,-10.197,161.22,59.2,5.3
2016-12-18T12:49:50,-22.278,170.064,32.0,5.5
2016-12-18T13:30:10,-9.974,-70.97,612.0,6.4
2016-12-18T14:41:57,-5.734,153.724,10.0,5.0
2016-12-18T19:17:40,-19.937,-173.164,10.0,5.4
2016-12-18T19:24:43,5.411,94.611,50.7,5.3
2016-12-18T19:49:41,-6.367,154.249,10.0,5.0
2016-12-18T19:55:17,-6.269,154.505,10.0,5.0
2016-12-18T19:57:53,-6.105,154.672,32.9,5.4
2016-12-18T22:07:51,-6.306,154.203,10.0,5.0
2016-12-19T02:50:52,-5.625,153.539,36.9,5.1
2016-12-19T07:11:39,0.875,-79.708,10.0,5.4
2016-12-19T10:59:37,-5.749,153.779,10.0,5.3
2016-12-19T11:05:47,-5.69,153.717,69.2,5.1
2016-12-19T16:41:12,37.399,141.561,10.0,5.1
2016-12-19T19:03:31,-5.807,153.4,15.6,5.1
2016-12-19T20:44:40,10.204,125.817,57.0,5.4
2016-12-20T04:20:33,-15.158,167.548,116.6,5.0
2016-12-20T04:21:29,-10.175,161.227,20.0,6.4
2016-12-20T04:33:46,-6.728,153.875,10.0,5.1
2016-12-20T06:03:44,36.539,26.919,129.9,5.4
2016-12-20T06:14:41,-5.797,153.571,10.0,5.6
2016-12-20T07:14:41,-6.389,130.646,81.3,5.1
2016-12-20T08:11:33,-10.115,161.02,36.5,5.2
2016-12-20T08:49:23,-10.18,161.001,19.4,5.3
2016-12-20T10:04:39,37.144,84.958,10.0,5.6
2016-12-20T10:21:33,3.659,126.594,39.8,5.0
2016-12-20T12:33:14,-10.178,160.915,10.0,6.0
2016-12-20T13:51:17,16.09,119.665,50.2,5.0
2016-12-20T14:44:22,-20.951,168.603,12.2,5.1
2016-12-20T17:16:39,16.098,119.597,56.8,5.0
2016-12-20T20:07:52,-10.155,160.782,10.4,5.5
2016-12-20T23:22:03,-10.036,160.748,35.4,5.1
2016-12-21T00:17:14,-7.508,127.921,152.0,6.7
2016-12-21T08:28:49,-15.046,-175.988,10.0,5.3
2016-12-21T11:18:58,-13.528,-75.105,83.0,5.0
2016-12-21T16:43:56,21.514,145.408,8.0,5.9
2016-12-21T23:27:34,-5.75,153.633,15.4,5.1
2016-12-22T00:59:26,-5.684,153.648,15.8,5.1
2016-12-22T03:02:29,11.468,125.67,51.2,5.1
2016-12-22T07:19:56,-34.659,-178.729,10.0,5.3
2016-12-22T16:05:10,55.212,164.719,36.1,5.2
2016-12-22T23:23:37,-48.878,121.175,10.0,5.0
2016-12-23T01:01:03,18.562,145.339,267.8,5.0
2016-12-23T14:28:30,-5.488,153.315,14.1,5.1
2016-12-23T16:09:35,9.957,126.271,54.2,5.1
2016-12-23T17:25:02,36.716,142.002,23.5,5.1
2016-12-23T19:15:39,-0.246,124.479,73.2,5.0
2016-12-23T20:23:13,-19.116,168.91,71.1,5.0
2016-12-23T21:28:06,-6.465,153.929,10.0,5.0
2016-12-23T22:32:20,-6.571,153.848,20.1,5.0
2016-12-24T00:27:07,-5.607,153.618,47.6,5.0
2016-12-24T01:32:16,-5.245,153.575,35.0,6.0
2016-12-24T03:58:54,-5.146,153.517,30.0,5.8
2016-12-24T11:30:12,20.744,144.756,23.2,5.4
2016-12-24T12:01:46,-6.454,153.885,10.0,5.0
2016-12-24T12:10:45,20.845,144.783,10.0,5.2
2016-12-24T22:03:21,-5.433,153.451,14.5,5.0
2016-12-24T23:34:07,-6.158,153.756,10.0,5.0
2016-12-25T14:01:33,-19.877,-68.662,103.3,5.1
2016-12-25T14:22:27,-43.406,-73.941,38.0,7.6
2016-12-25T14:32:13,-43.481,-74.477,14.9,5.6
2016-12-25T22:54:34,-43.256,-74.443,18.0,5.2
2016-12-26T01:23:37,19.152,121.174,34.4,5.2
2016-12-26T04:48:38,-4.286,-105.196,10.0,5.4
2016-12-27T02:30:24,-10.143,161.067,49.6,5.4
2016-12-27T15:25:28,-3.748,152.095,10.0,5.1
2016-12-27T18:04:31,-60.695,-26.083,34.9,5.4
2016-12-27T22:38:04,-5.824,153.646,10.0,5.4
2016-12-27T23:20:56,45.714,26.528,97.0,5.6
2016-12-28T04:31:00,-42.857,83.53,10.0,5.0
2016-12-28T08:18:00,38.376,-118.899,11.3,5.6
2016-12-28T08:22:12,38.39,-118.897,12.2,5.6
2016-12-28T09:13:47,38.378,-118.896,8.8,5.5
2016-12-28T12:38:49,36.86,140.442,7.0,5.9
2016-12-28T14:24:24,-5.117,144.011,102.0,5.4
2016-12-29T02:34:33,-41.701,174.557,17.9,5.3
2016-12-29T16:27:12,-10.692,161.35,32.9,5.1
2016-12-29T22:30:19,-9.028,118.664,79.0,6.3
2016-12-30T02:58:10,-33.552,-177.859,10.0,5.0
2016-12-30T07:10:05,1.736,126.503,42.2,5.0
2016-12-30T12:56:10,-30.578,-177.776,10.0,5.4
2016-12-30T19:48:39,-5.41,153.046,19.1,5.0
2016-12-30T20:08:26,37.373,141.459,9.1,5.1
2016-12-31T05:21:21,51.952,177.049,82.3,5.2
2016-12-31T21:43:55,-5.999,153.758,10.0,5.1
2017-01-01T00:13:25,2.833,127.579,78.9,5.0
2017-01-01T14:12:05,3.636,128.591,11.0,5.2
2017-01-01T14:13:34,3.589,128.236,10.0,5.3
2017-01-02T00:13:06,-36.036,51.929,10.0,5.7
2017-01-02T00:18:49,-37.157,52.329,10.0,5.0
2017-01-02T03:21:37,-10.74,162.052,50.7,5.1
2017-01-02T10:15:15,-23.277,179.261,547.8,5.3
2017-01-02T13:13:48,-4.895,-76.368,106.0,5.9
2017-01-02T13:14:02,-23.251,179.238,551.6,6.3
2017-01-02T21:02:25,-8.746,108.797,38.1,5.2
2017-01-03T09:09:02,24.015,92.018,32.0,5.7
2017-01-03T10:49:36,-8.251,148.003,50.4,5.1
2017-01-03T13:41:52,-19.907,-70.409,43.1,5.2
2017-01-03T18:49:53,23.317,94.504,88.6,5.1
2017-01-03T19:27:59,-23.253,179.231,551.0,5.0
2017-01-03T21:19:07,-43.353,-74.502,10.3,5.5
2017-01-03T21:52:30,-19.373,176.052,12.0,6.9
2017-01-03T21:55:37,-19.398,175.953,10.0,5.7
2017-01-03T22:40:12,-19.121,176.188,10.0,6.0
2017-01-03T22:43:10,-18.991,176.427,10.0,5.0
2017-01-03T23:03:52,-19.225,176.201,19.1,5.3
2017-01-03T23:34:13,-18.975,176.287,19.4,5.5
2017-01-03T23:46:12,-19.182,176.323,10.0,5.1
2017-01-03T23:47:12,-19.419,176.187,10.0,5.0
2017-01-03T23:56:05,-19.001,176.343,10.0,5.0
2017-01-04T00:09:43,-18.916,176.325,18.5,5.4
2017-01-04T01:06:10,-17.869,167.124,22.1,5.6
2017-01-04T03:10:25,-6.022,153.668,10.0,5.1
2017-01-04T03:10:50,-19.27,176.196,10.0,5.3
2017-01-04T04:01:20,-18.988,176.354,10.0,5.3
2017-01-04T05:36:09,-19.132,175.999,10.0,5.3
2017-01-04T05:58:44,-19.386,176.053,10.0,5.3
2017-01-04T14:31:17,-19.182,176.237,10.0,5.1
2017-01-04T15:43:59,36.902,140.943,53.4,5.2
2017-01-04T16:45:08,13.101,-89.364,68.2,5.0
2017-01-04T17:53:20,37.152,141.312,10.0,5.3
2017-01-04T20:03:52,-18.794,176.257,7.0,5.7
2017-01-04T21:03:47,-10.48,161.402,49.2,5.2
2017-01-05T03:23:53,-22.597,-12.647,10.0,5.3
2017-01-05T11:17:34,-41.834,174.061,17.0,5.4
2017-01-06T02:33:29,28.2,53.107,10.0,5.0
2017-01-06T06:30:35,-22.318,-67.795,172.0,5.8
2017-01-06T10:24:59,1.527,98.136,42.4,5.1
2017-01-06T15:48:59,50.161,-130.075,10.0,5.3
2017-01-06T22:55:33,-11.32,-78.193,37.9,5.1
2017-01-07T03:13:54,50.206,-130.152,10.0,5.4
2017-01-07T09:11:59,-9.32,120.21,76.4,5.2
2017-01-08T01:04:42,-24.051,-66.86,187.1,5.1
2017-01-08T04:19:46,-3.856,-12.124,10.0,5.0
2017-01-08T08:52:07,-6.227,147.477,61.0,5.9
2017-01-08T11:41:06,21.491,145.436,47.5,5.0
2017-01-08T14:20:06,-54.327,-135.858,10.0,5.6
2017-01-08T23:47:14,74.386,-92.416,31.0,6.0
2017-01-09T00:51:50,-60.527,159.939,10.0,5.2
2017-01-09T05:59:10,36.907,68.314,25.8,5.2
2017-01-09T11:28:36,-1.715,100.35,44.0,5.4
2017-01-09T12:41:29,2.443,127.209,66.7,5.0
2017-01-09T17:55:35,74.329,-92.249,18.0,5.2
2017-01-09T19:20:03,53.086,-169.867,80.6,5.2
2017-01-10T03:01:32,-48.78,126.406,10.0,5.2
2017-01-10T06:13:48,4.478,122.617,627.2,7.3
2017-01-10T06:25:44,4.332,122.63,623.7,5.1
2017-01-10T10:01:33,14.69,144.34,10.0,5.7
2017-01-10T15:27:14,-10.113,161.027,26.0,6.3
2017-01-11T02:49:19,-6.122,154.463,68.7,5.1
2017-01-11T14:38:38,12.219,141.066,8.0,5.2
2017-01-11T21:41:07,12.262,141.147,21.2,5.0
2017-01-11T21:58:18,-22.821,-69.803,72.0,5.8
2017-01-11T22:06:58,-20.16,46.647,7.3,5.5
2017-01-12T03:22:46,13.909,-91.244,53.5,5.3
2017-01-12T10:26:55,16.592,-98.48,21.2,5.0
2017-01-12T13:29:06,-5.267,102.724,23.0,5.5
2017-01-12T16:06:32,6.06,-77.94,6.0,5.2
2017-01-12T17:04:59,41.747,132.987,497.9,5.4
2017-01-13T03:25:30,35.659,140.772,49.5,5.0
2017-01-13T05:30:51,-6.739,68.529,10.0,5.1
2017-01-13T13:14:47,-58.854,-26.239,145.2,5.1
2017-01-13T16:39:25,0.03,125.077,42.0,5.7
2017-01-14T06:11:40,-18.62,176.236,3.9,5.9
2017-01-14T10:34:50,-15.112,-173.268,5.2,5.5
2017-01-14T11:41:19,1.268,126.405,22.7,5.4
2017-01-14T18:25:43,-18.654,176.089,4.4,5.7
2017-01-14T18:43:32,-10.946,161.453,36.6,5.2
2017-01-14T18:56:48,-18.48,176.484,25.8,5.1
2017-01-14T23:10:09,-5.613,146.818,147.0,5.0
2017-01-16T01:16:38,-13.642,166.522,14.0,5.8
2017-01-16T12:42:10,3.317,98.47,6.0,5.6
2017-01-16T15:06:36,-7.635,129.993,10.0,5.3
2017-01-16T20:47:39,-13.554,166.417,14.9,5.9
2017-01-17T01:17:46,-13.592,166.636,37.3,5.1
2017-01-17T09:08:02,19.853,-76.594,11.0,5.8
2017-01-17T09:21:52,-56.734,-25.863,10.0,5.1
2017-01-17T11:48:46,5.418,94.558,35.0,5.1
2017-01-18T02:02:26,-52.857,9.983,10.0,5.2
2017-01-18T09:25:41,42.66,13.21,10.0,5.3
2017-01-18T10:14:10,42.601,13.227,7.0,5.7
2017-01-18T10:25:25,42.586,13.19,10.0,5.6
2017-01-18T11:18:15,51.098,-179.582,52.3,5.1
2017-01-18T13:33:38,42.558,13.249,7.4,5.2
2017-01-18T14:52:56,-57.521,-25.996,57.0,5.0
2017-01-19T10:15:58,-49.006,127.52,10.0,5.3
2017-01-19T16:53:16,-18.192,-13.664,10.0,5.0
2017-01-19T23:04:21,-10.351,161.336,36.0,6.5
2017-01-20T09:54:06,38.291,76.729,37.2,5.3
2017-01-20T17:36:08,-17.241,-174.069,109.9,5.1
2017-01-21T01:52:32,-5.401,152.28,43.0,5.2
2017-01-21T05:16:31,2.827,128.208,46.8,5.6
2017-01-21T06:30:49,-6.12,130.334,118.0,5.0
2017-01-21T17:53:32,-33.061,-177.688,10.0,5.0
2017-01-21T19:52:31,-15.605,-172.97,36.8,5.0
2017-01-22T04:30:22,-6.246,155.172,135.0,7.9
2017-01-22T04:44:52,-6.736,153.602,10.0,5.6
2017-01-22T07:44:24,-41.665,-83.584,10.0,5.3
2017-01-22T17:14:56,-35.415,-99.4,10.0,5.1
2017-01-22T21:00:15,-37.952,177.788,63.5,5.0
2017-01-22T21:41:53,-33.478,-177.945,31.8,5.0
2017-01-23T07:13:41,-48.943,31.266,10.0,5.1
2017-01-23T10:17:14,33.688,-37.842,10.0,5.1
2017-01-24T02:38:37,-55.071,-31.413,10.0,5.0
2017-01-24T03:47:08,-6.056,148.915,77.6,5.1
2017-01-24T09:38:31,12.089,146.257,10.0,5.5
2017-01-24T16:17:50,-19.183,169.44,241.1,5.1
2017-01-24T20:37:59,-6.094,154.167,35.0,5.2
2017-01-25T10:21:26,-10.395,161.107,47.8,5.1
2017-01-25T13:48:59,-5.767,133.777,10.0,5.2
2017-01-25T18:50:51,35.358,26.42,56.6,5.2
2017-01-25T20:54:37,17.754,-94.559,160.1,5.0
2017-01-26T08:06:30,40.244,142.434,42.4,5.1
2017-01-26T21:49:21,-0.116,-18.624,10.0,5.0
2017-01-27T14:58:10,2.109,127.326,70.3,5.0
2017-01-27T16:29:22,7.671,38.668,10.0,5.3
2017-01-27T18:46:36,28.183,104.828,32.2,5.3
2017-01-28T04:14:35,-5.626,151.765,10.0,5.3
2017-01-28T06:42:31,-9.351,-79.002,50.2,5.3
2017-01-28T09:24:55,-5.596,151.837,27.4,5.2
2017-01-28T22:32:56,-15.23,-173.076,37.2,5.4
2017-01-28T23:12:03,-4.644,153.119,60.9,5.0
2017-01-29T13:47:41,12.694,145.154,10.0,5.0
2017-01-29T14:59:51,-30.094,-177.453,18.0,5.9
2017-01-29T16:42:27,-29.198,61.277,10.0,5.4
2017-01-29T17:38:49,-58.042,-64.891,10.0,5.4
2017-01-29T23:37:01,-55.344,-31.962,10.0,5.0
2017-01-30T02:43:55,9.935,126.035,53.3,5.1
2017-01-30T06:01:16,-5.47,151.755,48.7,5.0
2017-01-30T13:37:24,34.601,-36.591,10.0,5.2
2017-01-30T14:04:10,-11.804,166.459,58.0,5.1
2017-01-30T23:35:24,-14.774,167.158,79.0,5.9
2017-01-31T00:55:01,34.611,-36.439,10.0,5.4
2017-01-31T09:38:37,63.082,-150.943,132.9,5.2
2017-01-31T11:43:09,-40.217,45.842,10.0,5.0
2017-01-31T14:22:38,0.702,-79.677,10.0,5.5
2017-01-31T15:55:57,-6.997,125.412,492.5,5.4
2017-02-01T10:07:44,30.688,83.367,10.0,5.1
2017-02-02T00:18:43,12.114,141.027,9.0,5.6
2017-02-03T00:52:26,-33.088,-69.716,10.0,5.4
2017-02-03T10:29:49,-8.131,119.665,168.3,5.1
2017-02-03T19:54:22,15.07,-60.525,44.0,5.8
2017-02-05T07:11:20,-36.905,-96.016,10.0,5.2
2017-02-05T13:46:25,39.258,54.816,10.0,5.2
2017-02-05T15:59:09,39.298,54.734,10.0,5.0
2017-02-06T03:51:40,39.599,26.065,10.0,5.3
2017-02-06T10:58:02,39.573,26.076,7.2,5.2
2017-02-06T11:58:06,33.638,142.47,16.9,5.0
2017-02-06T13:02:45,3.449,-74.672,38.0,5.5
2017-02-06T13:23:55,-56.954,-150.426,10.0,5.2
2017-02-06T15:43:08,-37.391,178.555,38.8,5.0
2017-02-06T17:03:06,30.654,79.164,16.0,5.1
2017-02-06T18:23:22,-56.959,-150.616,10.0,5.3
2017-02-06T22:46:30,-19.004,176.274,10.0,5.1
2017-02-07T02:24:04,39.528,26.099,8.4,5.3
2017-02-07T12:23:23,-21.822,-179.389,581.3,5.0
2017-02-07T14:26:38,-56.411,-25.873,10.0,5.1
2017-02-07T17:21:47,-8.429,113.131,140.7,5.2
2017-02-07T22:03:56,25.191,63.264,29.1,6.3
2017-02-08T00:06:44,-18.066,-178.413,623.8,5.1
2017-02-08T08:34:18,-7.556,106.95,74.9,5.0
2017-02-08T11:02:37,25.144,63.31,10.0,5.2
2017-02-08T13:44:32,-41.693,-83.812,10.0,5.2
2017-02-09T02:21:49,-2.253,140.894,17.6,5.3
2017-02-09T08:31:42,-16.532,67.747,10.0,5.0
2017-02-09T19:10:10,-56.981,-150.743,10.0,5.2
2017-02-10T02:58:55,-17.83,-12.904,10.0,5.3
2017-02-10T07:18:21,-21.246,-175.207,10.0,5.3
2017-02-10T14:03:43,9.907,125.452,15.0,6.5
2017-02-10T15:01:49,74.301,-92.339,15.7,5.2
2017-02-10T16:43:38,-17.908,35.612,10.0,5.1
2017-02-10T17:12:53,22.827,120.22,15.8,5.3
2017-02-10T18:28:02,-0.185,123.02,81.1,5.0
2017-02-10T19:10:17,-6.156,149.794,71.0,5.1
2017-02-10T21:05:26,37.275,141.704,6.8,5.2
2017-02-11T04:27:59,-57.094,-150.614,10.0,5.4
2017-02-11T07:33:13,-5.686,153.63,37.0,5.0
2017-02-11T11:15:57,-23.754,-179.904,497.0,5.0
2017-02-11T22:53:19,-3.603,151.219,10.0,5.1
2017-02-12T03:47:40,49.308,-129.355,10.0,5.0
2017-02-12T04:01:33,-56.384,-27.058,74.2,5.1
2017-02-12T09:32:26,12.293,-72.991,7.4,5.2
2017-02-12T09:32:32,-2.244,139.011,48.6,5.1
2017-02-12T13:36:55,40.218,142.308,43.6,5.0
2017-02-12T13:48:16,39.6,26.088,6.0,5.3
2017-02-12T16:21:11,-27.872,-71.34,16.2,5.1
2017-02-13T03:08:34,-8.105,117.65,212.3,5.2
2017-02-13T07:17:12,62.512,-142.748,8.9,5.3
2017-02-13T12:31:54,-15.694,-177.391,387.6,5.1
2017-02-13T20:03:58,9.838,125.458,10.0,5.0
2017-02-14T09:38:32,-23.842,-66.61,179.9,5.4
2017-02-14T16:26:19,23.207,125.088,10.0,5.1
2017-02-14T22:19:56,-5.879,154.618,75.2,5.1
2017-02-15T03:05:31,-56.067,-26.677,42.8,5.1
2017-02-15T14:07:29,3.916,126.806,44.6,5.0
2017-02-15T18:53:38,-7.516,107.388,77.3,5.0
2017-02-15T19:47:07,5.296,96.066,13.0,5.4
2017-02-15T19:53:27,5.246,96.15,10.0,5.0
2017-02-16T05:38:34,-17.823,-13.737,10.0,5.0
2017-02-16T07:02:05,-30.168,-72.109,9.8,5.4
2017-02-16T12:10:01,-20.752,-178.565,598.9,5.3
2017-02-16T21:44:05,18.736,145.145,345.6,5.0
2017-02-17T11:21:28,-2.444,140.015,15.0,5.1
2017-02-18T12:10:17,-23.861,-66.659,222.0,6.4
2017-02-19T09:19:31,35.662,140.752,42.0,5.4
2017-02-19T10:42:08,13.767,147.528,10.0,5.1
2017-02-19T14:08:44,-11.615,166.568,126.1,5.0
2017-02-19T15:14:07,-6.402,104.653,45.9,5.1
2017-02-19T19:10:04,-6.471,152.57,27.3,5.0
2017-02-20T03:56:45,-11.546,166.35,49.7,5.0
2017-02-20T06:10:35,2.394,95.298,17.3,5.0
2017-02-20T07:45:10,-5.148,-74.909,10.2,5.1
2017-02-20T07:53:01,-37.64,179.011,11.4,5.1
2017-02-20T14:59:06,-5.008,153.579,56.9,5.0
2017-02-20T23:55:48,-14.977,-176.381,6.0,5.5
2017-02-21T11:08:16,-29.064,61.197,10.0,5.1
2017-02-21T14:09:04,-19.281,-63.905,596.0,6.5
2017-02-22T05:31:44,4.767,127.589,64.6,5.1
2017-02-22T08:25:29,-60.784,-51.032,10.0,5.3
2017-02-22T23:25:50,-44.263,-15.798,10.0,5.0
2017-02-23T00:42:15,-58.269,-139.541,10.0,5.2
2017-02-23T06:04:58,49.706,-129.246,10.0,5.1
2017-02-23T15:11:05,-5.846,146.745,116.0,5.4
2017-02-23T17:03:18,-22.408,-178.43,396.8,5.1
2017-02-23T20:13:40,86.156,74.258,10.0,5.0
2017-02-23T21:10:31,-21.262,174.375,10.0,5.5
2017-02-24T00:32:17,-8.44,30.03,30.0,5.9
2017-02-24T05:59:07,-55.303,-30.678,10.0,5.3
2017-02-24T08:22:36,4.704,96.962,174.8,5.0
2017-02-24T12:02:50,24.044,93.482,59.8,5.0
2017-02-24T12:28:24,49.67,-129.149,10.0,5.2
2017-02-24T16:39:41,-29.941,-177.014,10.0,5.1
2017-02-24T17:28:44,-23.259,-178.804,414.5,6.9
2017-02-24T23:46:45,-17.965,-178.438,581.6,5.9
2017-02-25T02:31:24,-19.488,-69.094,108.5,5.2
2017-02-25T13:24:40,-5.975,147.391,100.3,5.0
2017-02-25T18:57:24,10.541,126.769,10.0,5.2
2017-02-25T23:08:52,-14.816,167.431,163.9,5.0
2017-02-26T06:44:22,-18.614,169.404,255.0,5.5
2017-02-26T08:59:16,-28.96,-71.588,34.7,5.0
2017-02-26T15:22:00,-4.207,102.017,42.7,5.4
2017-02-26T23:17:08,26.908,144.054,14.6,5.2
2017-02-27T01:21:22,52.098,158.952,64.2,5.0
2017-02-28T03:50:22,-48.027,-9.97,10.0,5.1
2017-02-28T07:49:02,37.567,141.335,47.0,5.7
2017-02-28T13:42:18,37.687,72.101,127.1,5.2
2017-02-28T17:35:40,-44.793,-80.897,10.0,5.6
2017-02-28T19:08:34,-1.32,127.575,32.3,5.0
2017-03-01T02:48:35,-57.292,-142.622,21.3,5.5
2017-03-01T06:08:53,21.64,143.186,293.7,5.1
2017-03-01T06:43:05,37.569,141.411,53.9,5.0
2017-03-01T06:59:41,-6.366,130.037,141.0,5.3
2017-03-01T10:39:48,52.171,-173.372,52.1,5.2
2017-03-02T02:11:30,59.578,-152.655,78.0,5.6
2017-03-02T11:07:26,37.616,38.43,10.0,5.6
2017-03-02T14:53:42,32.634,132.102,44.4,5.3
2017-03-02T19:13:15,61.35,-27.43,10.0,5.0
2017-03-03T08:27:34,43.113,145.668,66.3,5.1
2017-03-03T23:53:36,-54.894,-129.581,10.0,5.1
2017-03-04T00:14:54,-55.006,-129.106,10.0,5.0
2017-03-04T02:11:53,25.186,94.666,74.1,5.1
2017-03-04T02:58:20,-7.328,155.748,17.0,6.1
2017-03-04T03:16:31,-7.267,155.706,23.6,5.2
2017-03-04T03:18:39,-7.318,155.822,25.2,5.0
2017-03-04T03:49:55,-7.171,155.813,10.0,5.0
2017-03-04T20:11:49,-59.116,-17.737,10.0,5.0
2017-03-05T00:08:18,9.831,125.496,10.5,5.7
2017-03-05T12:22:16,-55.182,-129.177,10.0,5.6
2017-03-05T22:28:10,-58.304,-139.633,10.0,5.1
2017-03-05T22:47:53,-5.994,149.362,37.0,6.3
2017-03-06T03:06:21,-19.609,178.357,35.8,5.3
2017-03-06T17:30:49,60.881,167.225,17.4,5.2
2017-03-06T18:18:02,-24.018,179.018,557.9,5.0
2017-03-07T10:55:37,-22.93,171.379,13.6,5.4
2017-03-07T11:03:36,-37.524,179.213,21.0,5.1
2017-03-07T15:45:39,-6.262,102.187,10.0,5.5
2017-03-07T16:08:19,41.515,141.902,56.0,5.7
2017-03-07T23:38:22,-15.023,168.163,8.0,5.6
2017-03-08T01:38:44,2.302,128.655,57.8,5.2
2017-03-08T14:03:30,-54.045,-133.91,10.0,5.1
2017-03-09T02:26:18,52.054,178.398,119.4,5.2
2017-03-09T11:14:26,-60.15,150.299,10.0,5.9
2017-03-10T06:22:20,-30.58,-72.08,14.1,5.2
2017-03-10T13:46:40,11.977,-69.566,15.0,5.2
2017-03-10T15:53:52,29.689,140.968,109.7,5.0
2017-03-10T16:41:12,72.828,4.645,10.0,5.0
2017-03-11T12:53:41,23.471,-44.995,10.0,5.0
2017-03-11T14:04:49,-6.784,130.275,112.6,5.2
2017-03-11T17:10:38,-30.518,-177.52,22.0,5.6
2017-03-11T18:48:41,30.997,130.387,138.3,5.3
2017-03-11T19:57:48,37.529,141.514,43.9,5.3
2017-03-12T10:09:36,-21.635,-179.237,584.4,5.1
2017-03-13T07:15:53,-2.027,140.666,28.4,5.1
2017-03-13T08:49:05,14.388,145.213,99.0,5.5
2017-03-13T14:19:06,17.399,96.0,10.0,5.1
2017-03-13T15:05:56,-30.432,-71.395,46.3,5.1
2017-03-14T02:51:16,6.146,92.304,10.0,6.0
2017-03-14T04:36:30,-5.622,110.184,545.7,5.1
2017-03-14T05:55:21,0.652,121.146,75.5,5.4
2017-03-14T09:13:25,-3.277,137.556,50.3,5.0
2017-03-14T11:07:15,39.252,73.468,41.2,5.0
2017-03-14T12:36:43,-21.013,170.068,127.0,5.6
2017-03-14T13:13:38,3.642,95.859,44.8,5.2
2017-03-14T15:03:39,-15.669,-177.121,10.0,5.7
2017-03-14T18:16:52,-30.296,-177.479,32.7,5.3
2017-03-14T20:31:27,-24.393,-175.573,10.0,5.1
2017-03-14T21:01:12,52.284,-170.5,54.1,5.1
2017-03-15T01:38:57,1.763,127.033,62.6,5.1
2017-03-15T22:19:40,51.079,179.076,19.0,5.6
2017-03-15T22:19:41,-55.696,-27.347,36.8,5.0
2017-03-16T06:30:42,-20.442,-173.134,10.0,5.2
2017-03-16T08:08:05,-24.149,-66.857,176.6,5.1
2017-03-16T08:29:14,-23.717,179.157,536.8,5.0
2017-03-16T15:38:10,4.893,-72.602,17.5,5.2
2017-03-16T18:25:23,-8.067,160.818,10.0,5.1
2017-03-16T18:39:26,-11.539,114.574,10.0,5.5
2017-03-16T19:37:32,-35.424,-179.584,35.0,5.0
2017-03-17T06:59:48,1.013,126.233,55.6,5.1
2017-03-17T10:18:40,-23.576,-176.774,115.0,5.4
2017-03-17T14:52:55,-6.52,129.759,180.9,5.1
2017-03-17T18:05:50,-8.0,161.023,10.0,5.1
2017-03-18T00:31:03,-59.571,-28.015,227.4,5.3
2017-03-18T00:57:49,-7.975,160.937,10.0,5.0
2017-03-18T02:17:27,-7.962,160.952,10.0,5.1
2017-03-19T04:49:58,-41.41,-90.551,10.0,5.0
2017-03-19T11:38:15,-33.146,-179.09,33.4,5.2
2017-03-19T15:43:25,-8.136,160.754,8.4,6.0
2017-03-19T20:34:59,-60.062,150.683,10.0,5.3
2017-03-20T04:24:31,-8.11,161.004,10.0,5.2
2017-03-20T06:33:36,-5.292,143.616,90.5,5.3
2017-03-20T15:55:57,-7.614,128.192,105.2,5.0
2017-03-20T21:03:14,-6.167,150.707,10.0,5.0
2017-03-21T08:31:20,6.286,-77.522,7.1,5.0
2017-03-21T13:13:39,-6.039,104.366,54.7,5.3
2017-03-21T15:01:59,-21.576,-68.459,125.0,5.1
2017-03-21T23:10:25,-8.492,115.323,111.7,5.6
2017-03-22T08:02:27,-6.708,129.766,140.4,5.1
2017-03-24T09:00:55,3.312,-79.407,9.5,5.2
2017-03-24T13:35:07,-1.046,67.603,10.0,5.3
2017-03-24T16:43:27,26.893,127.223,77.4,5.1
2017-03-25T09:07:44,-5.125,145.39,72.8,5.3
2017-03-25T14:57:27,-3.049,136.866,34.0,5.5
2017-03-25T20:03:52,-3.021,136.861,10.0,5.2
2017-03-26T01:07:12,67.816,-18.671,10.0,5.2
2017-03-26T19:14:36,-7.017,129.802,122.0,5.1
2017-03-26T23:55:06,25.938,99.841,27.6,5.0
2017-03-27T02:41:58,-11.571,161.878,10.0,5.1
2017-03-27T03:03:32,-36.238,-71.741,88.7,5.0
2017-03-27T10:48:50,-59.103,-17.722,10.0,5.3
2017-03-27T10:50:20,52.759,172.262,20.0,6.2
2017-03-27T13:15:26,0.611,98.416,52.5,5.1
2017-03-27T21:26:09,6.084,-32.962,10.0,5.1
2017-03-27T22:31:21,42.042,138.55,5.2,5.1
2017-03-28T16:01:02,-21.164,-173.62,10.0,5.3
2017-03-29T03:30:26,2.787,125.982,111.9,5.2
2017-03-29T03:49:01,5.364,-82.594,10.0,5.3
2017-03-29T04:09:24,56.94,162.786,17.0,6.6
2017-03-29T04:34:59,56.824,162.974,10.0,5.0
2017-03-29T05:27:45,56.837,162.809,10.0,5.4
2017-03-29T06:29:28,39.699,-29.502,10.0,5.4
2017-03-29T06:35:16,39.9,-29.674,10.0,5.3
2017-03-29T08:20:12,0.051,123.372,138.0,5.0
2017-03-29T09:23:11,12.026,143.013,10.0,5.2
2017-03-29T15:15:23,25.713,-110.024,17.0,5.7
2017-03-29T16:59:08,11.898,-86.602,79.5,5.1
2017-03-29T20:37:03,-10.953,41.051,10.0,5.0
2017-03-29T22:56:48,-22.396,-12.441,10.0,5.1
2017-03-29T23:56:38,-19.356,168.902,49.9,5.4
2017-03-30T07:57:22,-5.539,151.779,39.6,5.2
2017-03-30T08:51:08,-4.358,102.365,57.8,5.0
2017-03-30T13:13:08,-55.718,-27.047,10.0,5.4
2017-03-30T14:18:05,-55.614,-26.934,10.0,5.1
2017-03-30T18:18:34,-5.76,151.54,10.0,5.0
2017-03-30T18:50:10,-5.62,151.951,10.0,5.0
2017-03-30T21:24:51,56.751,162.719,10.0,5.2
2017-03-30T21:58:17,-55.437,-28.098,10.0,5.0
2017-03-30T22:03:36,57.046,162.818,10.0,5.0
2017-03-31T04:35:08,-5.521,151.847,43.7,5.1
2017-03-31T06:59:21,-15.38,-173.674,70.8,5.0
2017-03-31T09:58:05,15.644,-93.152,91.7,5.2
2017-03-31T11:21:01,0.309,120.58,94.0,5.5
2017-03-31T16:09:44,-53.966,3.065,10.0,5.1
2017-03-31T17:25:23,52.674,-32.319,10.0,5.5
2017-03-31T18:44:39,-30.758,-71.494,41.5,5.2
2017-04-01T08:13:36,45.45,150.828,55.1,5.1
2017-04-02T01:38:53,-6.981,-80.904,10.0,5.3
2017-04-02T13:55:14,-3.039,101.542,57.2,5.3
2017-04-02T15:11:17,-11.59,166.308,57.8,5.0
2017-04-02T23:54:33,8.977,-82.46,10.0,5.3
2017-04-03T03:08:51,-26.909,26.801,5.0,5.2
2017-04-03T07:19:43,-36.723,78.608,10.0,5.3
2017-04-03T12:53:40,56.16,118.126,13.0,5.0
2017-04-03T17:40:18,-22.678,25.156,29.0,6.5
2017-04-03T17:50:16,-22.142,25.147,10.0,5.0
2017-04-04T10:43:10,12.307,144.187,10.0,5.2
2017-04-04T10:49:06,51.267,-176.435,26.6,5.1
2017-04-04T12:42:23,51.261,-176.409,23.7,5.0
2017-04-04T12:58:45,13.586,121.051,18.2,5.1
2017-04-04T13:53:18,-55.616,-30.001,19.2,5.6
2017-04-04T15:07:31,47.266,85.046,25.3,5.1
2017-04-04T15:13:47,13.683,121.134,10.0,5.3
2017-04-04T16:49:02,13.767,120.971,10.0,5.2
2017-04-04T21:23:46,-53.19,-48.404,10.0,5.2
2017-04-04T22:08:40,51.186,-176.377,17.0,5.6
2017-04-05T00:55:50,-22.565,25.087,10.0,5.0
2017-04-05T03:10:52,-55.685,-124.732,10.0,5.0
2017-04-05T06:09:12,35.776,60.436,13.0,6.1
2017-04-05T16:44:36,14.459,93.049,31.8,5.3
2017-04-05T20:07:25,35.797,60.432,10.0,5.1
2017-04-05T22:17:43,-19.021,169.579,253.0,5.6
2017-04-06T04:22:52,18.506,146.486,37.8,5.2
2017-04-06T17:15:21,-17.719,-72.61,8.7,5.1
2017-04-06T17:32:47,-24.828,-175.339,32.6,5.0
2017-04-06T17:40:24,-29.765,-178.589,10.0,5.2
2017-04-06T21:27:59,56.874,162.751,10.0,5.1
2017-04-08T00:46:29,84.871,99.679,10.0,5.1
2017-04-08T07:07:56,13.705,120.93,10.2,5.5
2017-04-08T07:09:23,13.77,120.935,14.3,5.9
2017-04-08T07:29:09,13.776,121.116,10.0,5.0
2017-04-09T00:14:30,-52.176,139.664,10.0,5.5
2017-04-09T03:09:45,5.684,-82.617,10.0,5.2
2017-04-10T00:43:54,13.043,125.362,10.0,5.7
2017-04-10T03:12:55,-56.113,-26.349,10.0,5.0
2017-04-10T10:38:47,5.675,127.201,13.0,5.8
2017-04-10T11:08:11,5.717,127.248,10.0,5.1
2017-04-10T12:54:01,-53.167,25.593,13.1,5.0
2017-04-10T18:48:34,-19.398,167.578,10.0,5.1
2017-04-11T02:44:26,5.764,127.3,10.0,5.0
2017-04-11T02:50:38,5.663,127.319,10.0,5.0
2017-04-11T11:22:40,5.663,127.293,10.0,5.3
2017-04-11T13:39:44,-27.613,-70.067,82.8,5.1
2017-04-11T14:42:16,5.707,127.095,12.0,5.7
2017-04-11T14:47:03,5.784,127.292,10.0,5.0
2017-04-11T15:55:50,5.771,127.345,24.9,5.0
2017-04-11T17:41:19,5.742,127.315,9.0,5.2
2017-04-11T18:08:55,5.749,127.278,10.0,5.1
2017-04-11T21:21:00,7.677,124.812,8.3,5.8
2017-04-12T20:01:05,7.723,124.862,10.0,5.5
2017-04-13T02:58:32,-12.341,-14.774,10.0,5.3
2017-04-13T03:42:52,-31.006,-71.548,38.2,5.4
2017-04-13T16:05:46,5.728,127.3,10.0,5.5
2017-04-13T16:22:16,37.125,28.691,10.0,5.0
2017-04-13T17:05:55,-18.228,-178.168,502.1,5.8
2017-04-13T21:11:36,-5.281,-11.513,10.0,5.0
2017-04-14T05:29:38,-12.357,-14.797,10.0,5.2
2017-04-14T09:52:45,-56.536,-26.464,46.4,5.0
2017-04-14T18:03:23,-22.511,-68.659,106.1,5.3
2017-04-15T08:19:43,-23.265,-67.722,155.0,6.3
2017-04-15T20:40:56,7.741,124.795,10.0,5.0
2017-04-16T09:44:05,-7.372,83.172,10.0,5.6
2017-04-17T02:21:30,-13.391,166.596,16.0,5.7
2017-04-17T03:10:02,-13.378,166.646,10.0,5.1
2017-04-17T05:23:15,17.45,-61.142,16.0,5.6
2017-04-17T14:35:20,-16.127,-173.849,96.8,5.1
2017-04-17T19:14:27,-13.248,166.411,10.0,5.0
2017-04-17T21:38:51,52.125,157.497,127.9,5.0
2017-04-17T23:04:36,36.54,70.862,194.4,5.1
2017-04-18T01:48:43,-21.774,-68.346,112.8,5.0
2017-04-18T17:11:47,-18.088,-178.369,628.0,6.0
2017-04-18T17:49:55,-2.712,-75.304,14.0,5.9
2017-04-19T03:08:39,-38.706,177.928,28.9,5.0
2017-04-19T17:15:34,37.309,141.8,38.5,5.0
2017-04-20T11:32:21,1.027,-85.282,10.0,5.4
2017-04-20T11:41:26,44.421,148.726,63.3,5.1
2017-04-20T15:20:43,49.272,156.07,38.6,5.1
2017-04-20T21:24:27,-27.524,-67.214,119.2,5.1
2017-04-20T22:04:14,-36.289,-98.428,10.0,5.5
2017-04-20T22:59:24,-20.542,-173.602,13.0,5.6
2017-04-21T04:00:30,-2.158,99.634,30.2,5.2
2017-04-21T10:34:57,-4.673,153.295,50.5,5.0
2017-04-21T13:09:22,38.771,29.064,10.0,5.0
2017-04-21T16:58:16,0.803,-85.356,12.6,5.4
2017-04-23T01:19:46,9.268,126.288,52.8,5.3
2017-04-23T02:36:07,-33.035,-72.03,21.0,6.0
2017-04-23T05:21:33,-6.469,153.284,10.0,5.1
2017-04-23T06:37:08,46.171,142.176,10.0,5.2
2017-04-23T18:01:13,-7.74,108.019,72.2,5.2
2017-04-23T19:40:10,-33.015,-72.115,20.0,5.6
2017-04-24T03:24:02,10.87,-86.453,18.9,5.0
2017-04-24T06:13:49,-0.102,125.192,39.5,5.3
2017-04-24T21:29:00,-6.017,105.37,50.2,5.0
2017-04-24T21:38:30,-33.038,-72.062,28.0,6.9
2017-04-24T21:46:03,-32.972,-72.072,16.4,5.2
2017-04-24T21:46:24,-32.931,-71.984,13.2,5.4
2017-04-24T21:58:31,-33.135,-72.038,17.1,5.0
2017-04-24T22:19:52,12.772,144.011,35.6,5.0
2017-04-25T01:43:03,-33.144,-72.028,21.4,5.2
2017-04-25T14:35:14,-20.467,-173.642,10.0,5.3
2017-04-25T21:20:27,-64.939,177.814,10.0,5.2
2017-04-26T04:52:01,1.42,128.134,92.2,5.0
2017-04-26T17:31:13,-17.917,-178.497,567.7,5.0
2017-04-26T18:12:32,-19.703,-69.35,104.7,5.4
2017-04-26T22:28:30,-54.874,-130.299,10.0,5.5
2017-04-27T04:09:23,-58.848,-25.342,57.0,5.0
2017-04-27T05:09:22,-33.265,-71.956,22.5,5.1
2017-04-27T13:35:19,-55.761,-30.234,31.1,5.1
2017-04-27T14:46:33,51.208,178.635,19.0,5.7
2017-04-27T17:59:08,57.619,-155.105,1.0,5.0
2017-04-27T18:46:45,-16.53,-173.646,59.0,5.5
2017-04-27T23:39:05,51.296,178.781,10.0,5.1
2017-04-28T15:30:06,-33.219,-71.969,22.0,5.9
2017-04-28T15:49:41,-33.24,-72.08,10.0,5.1
2017-04-28T15:58:33,-33.232,-72.048,22.5,5.4
2017-04-28T16:05:57,-33.13,-71.8,27.0,5.8
2017-04-28T17:41:49,-33.279,-71.958,18.0,5.3
2017-04-28T20:23:17,5.504,125.066,26.0,6.9
2017-04-29T01:46:02,-33.216,-71.962,18.8,5.1
2017-04-29T10:02:12,-9.669,111.85,10.0,5.5
2017-04-29T10:53:21,-6.134,29.923,10.0,5.3
2017-04-29T12:32:34,30.815,131.415,31.0,5.7
2017-04-29T20:22:59,30.772,131.404,20.6,5.0
2017-04-29T22:33:33,-10.167,161.298,112.5,5.1
2017-04-29T23:49:17,18.655,145.629,200.0,5.1
2017-04-30T01:57:22,21.299,121.828,105.5,5.2
2017-04-30T05:15:22,-52.932,27.498,10.0,5.0
2017-04-30T09:36:01,-20.019,-70.969,9.8,5.0
2017-04-30T12:22:44,-28.74,-175.783,10.0,5.2
2017-04-30T13:29:10,-15.742,-71.894,10.0,5.1
2017-04-30T14:42:35,42.308,142.994,58.0,5.3
2017-04-30T16:37:29,0.785,98.484,55.7,5.0
2017-05-01T03:09:08,-5.974,151.149,38.2,5.0
2017-05-01T07:17:30,7.064,-104.283,10.0,5.3
2017-05-01T12:31:55,59.821,-136.711,10.0,6.2
2017-05-01T12:49:18,59.878,-136.838,8.1,5.0
2017-05-01T14:18:15,59.83,-136.704,2.5,6.3
2017-05-01T14:20:24,59.777,-136.629,4.1,5.6
2017-05-01T14:21:13,59.769,-136.682,10.0,5.7
2017-05-01T14:59:22,59.795,-136.648,12.3,5.0
2017-05-02T04:38:48,-9.74,159.624,13.1,5.1
2017-05-02T14:07:00,-24.259,-175.766,10.0,5.1
2017-05-02T15:10:22,-11.712,-13.938,10.0,5.9
2017-05-02T21:12:11,35.834,60.57,10.0,5.1
2017-05-03T04:47:13,39.494,71.444,11.0,6.0
2017-05-03T05:09:53,-59.808,-27.401,134.4,5.0
2017-05-03T08:53:37,42.175,46.961,10.0,5.2
2017-05-03T12:42:48,-16.119,-73.444,47.5,5.1
2017-05-03T17:24:54,-56.026,-26.695,34.5,5.3
2017-05-03T20:03:11,39.502,71.502,10.0,5.1
2017-05-04T02:28:58,-8.579,-74.359,154.8,5.3
2017-05-05T05:09:35,39.479,71.422,10.0,5.8
2017-05-05T09:02:25,-3.509,131.233,10.0,5.1
2017-05-05T17:58:35,13.74,92.548,19.1,5.0
2017-05-06T00:16:09,-60.827,-38.016,12.0,5.9
2017-05-06T07:15:19,39.496,71.435,10.0,5.0
2017-05-06T09:52:28,36.648,71.546,400.6,5.0
2017-05-06T14:51:40,-44.302,-78.225,10.0,5.4
2017-05-06T19:52:14,-16.919,-73.477,13.0,5.1
2017-05-06T20:43:19,52.112,-170.543,31.7,5.2
2017-05-07T04:25:19,60.183,-151.678,67.2,5.3
2017-05-07T05:29:05,-34.472,-179.798,35.0,5.0
2017-05-07T08:08:35,-18.876,-172.876,10.0,5.0
2017-05-07T11:29:19,3.931,95.869,49.3,5.0
2017-05-08T08:08:17,-8.049,-76.66,10.0,5.2
2017-05-08T15:31:26,51.025,-177.012,17.0,5.7
2017-05-08T15:35:03,51.021,-177.015,10.0,5.2
2017-05-08T15:47:29,51.045,-176.987,17.0,5.9
2017-05-08T17:00:47,51.734,-178.588,13.0,6.2
2017-05-08T17:08:33,51.663,-178.428,10.0,5.0
2017-05-08T19:53:18,51.656,-178.486,10.0,5.0
2017-05-09T01:41:52,-47.252,-12.204,10.0,5.0
2017-05-09T01:54:14,24.45,126.317,10.0,6.0
2017-05-09T08:59:03,51.033,-177.044,16.0,5.5
2017-05-09T09:01:57,50.928,-176.808,19.0,5.3
2017-05-09T13:52:10,-14.588,167.377,169.0,6.8
2017-05-09T14:15:48,13.747,-90.504,77.8,5.1
2017-05-09T15:25:35,-20.404,-173.257,10.0,5.1
2017-05-09T19:15:49,25.737,125.13,116.8,5.1
2017-05-09T19:52:13,13.649,144.948,124.6,5.4
2017-05-10T00:10:06,-15.624,167.602,124.5,5.0
2017-05-10T07:59:57,51.761,-178.48,11.0,5.8
2017-05-10T17:43:14,-26.528,67.614,10.0,5.2
2017-05-10T19:25:54,51.764,-178.56,19.8,5.1
2017-05-10T21:58:21,37.643,75.31,7.6,5.4
2017-05-10T22:00:58,37.594,75.421,10.0,5.0
2017-05-10T22:08:27,-56.021,-28.008,94.2,5.0
2017-05-10T23:23:36,-56.414,-25.743,15.0,6.5
2017-05-11T01:09:43,-56.397,-25.787,10.0,5.6
2017-05-11T01:16:59,-56.357,-25.777,10.0,5.4
2017-05-11T03:24:21,39.816,48.57,62.9,5.1
2017-05-11T03:55:41,-56.451,-25.788,10.0,5.0
2017-05-11T09:33:24,-56.425,-25.604,24.1,5.1
2017-05-11T14:36:30,56.749,-152.523,10.1,5.4
2017-05-11T15:41:11,-56.584,-25.844,13.0,5.7
2017-05-11T15:57:32,-56.611,-25.868,11.9,5.3
2017-05-11T15:58:25,-56.585,-25.832,10.0,5.2
2017-05-11T16:04:28,-56.597,-25.977,10.0,5.2
2017-05-11T16:05:30,-56.658,-25.921,10.0,5.4
2017-05-11T16:36:16,-56.554,-25.438,10.0,5.0
2017-05-11T16:42:12,-56.595,-25.772,10.0,5.0
2017-05-11T17:58:02,40.038,40.742,13.4,5.1
2017-05-11T18:34:04,-56.59,-25.727,10.0,5.0
2017-05-11T22:50:33,-56.589,-25.608,10.0,5.1
2017-05-12T00:46:56,-27.676,-176.594,40.0,5.6
2017-05-12T05:21:33,-56.637,-25.792,10.0,5.1
2017-05-12T05:39:00,-7.836,159.65,50.3,5.1
2017-05-12T10:41:26,12.919,-90.061,16.0,6.2
2017-05-12T10:51:08,12.965,-90.13,17.2,5.2
2017-05-13T08:43:44,84.94,98.215,9.2,5.1
2017-05-13T11:26:15,12.922,-90.076,10.0,5.0
2017-05-13T16:54:45,-32.928,-72.031,15.0,5.2
2017-05-13T18:00:59,37.769,57.206,8.0,5.6
2017-05-14T19:44:25,-20.829,-68.711,116.0,5.7
2017-05-14T22:11:07,-2.394,-12.466,10.0,5.2
2017-05-14T23:51:44,-49.579,110.649,10.0,5.0
2017-05-15T07:05:36,27.225,130.044,10.0,5.5
2017-05-15T08:22:54,-60.169,-24.152,10.0,5.1
2017-05-15T13:01:23,-20.006,168.37,10.0,5.0
2017-05-15T13:22:38,-4.022,152.478,10.0,6.2
2017-05-15T17:02:03,-56.56,-25.573,10.0,5.1
2017-05-15T21:12:21,-56.354,-25.385,10.0,5.3
2017-05-15T23:12:53,23.264,121.449,16.3,5.3
2017-05-16T03:56:24,12.746,145.129,42.0,5.4
2017-05-16T04:03:48,12.9,-90.143,10.0,5.2
2017-05-16T14:42:07,-56.435,-25.449,10.0,5.1
2017-05-16T15:29:14,-23.772,-177.606,210.3,5.1
2017-05-16T17:09:05,-14.533,-73.41,10.0,5.4
2017-05-16T22:02:27,-20.672,168.689,10.0,5.0
2017-05-17T09:13:28,14.404,-103.23,10.0,5.3
2017-05-18T08:04:44,-14.751,-176.157,35.0,5.1
2017-05-18T23:45:42,-32.654,-67.294,166.2,5.0
2017-05-19T01:21:42,52.002,-170.488,22.2,5.2
2017-05-19T11:17:15,-9.157,158.909,10.0,5.2
2017-05-19T14:31:35,-9.361,158.914,25.2,5.0
2017-05-20T01:06:14,9.382,123.954,533.0,6.0
2017-05-20T05:17:30,6.454,126.96,97.3,5.0
2017-05-20T06:02:14,17.489,-105.323,10.0,5.7
2017-05-20T07:15:01,-59.479,-26.99,38.9,5.2
2017-05-20T17:58:46,17.051,-94.088,144.0,5.7
2017-05-21T08:12:07,-28.564,74.207,10.0,5.0
2017-05-22T00:18:59,-5.05,153.585,58.5,5.1
2017-05-22T07:24:44,-30.689,-177.766,10.0,5.0
2017-05-22T11:00:57,43.924,147.719,54.0,5.5
2017-05-22T16:41:06,-17.128,-173.529,10.0,5.3
2017-05-24T06:35:17,53.307,-164.454,10.0,5.1
2017-05-24T09:10:14,-2.79,122.118,10.0,5.7
2017-05-24T11:05:18,-10.019,161.954,52.0,5.5
2017-05-24T16:07:03,52.322,-166.665,10.5,5.3
2017-05-24T16:36:00,52.322,-166.666,10.0,5.9
2017-05-24T16:44:53,-8.969,111.985,58.3,5.4
2017-05-25T00:07:00,17.022,-94.157,140.1,5.3
2017-05-25T06:02:20,-22.313,-176.33,127.0,5.6
2017-05-25T06:33:58,-49.443,121.365,10.0,5.0
2017-05-25T14:27:04,15.045,120.349,75.5,5.3
2017-05-26T06:27:30,-21.036,-178.677,561.8,5.0
2017-05-26T15:23:34,12.778,-90.179,10.0,5.3
2017-05-26T19:29:45,-7.43,128.202,151.0,5.1
2017-05-26T22:32:05,-14.817,167.228,87.4,5.1
2017-05-27T07:38:41,-45.738,-75.627,10.0,5.1
2017-05-27T15:53:24,38.773,27.823,10.0,5.1
2017-05-28T07:06:15,51.761,-175.287,34.0,5.3
2017-05-28T07:37:08,53.654,-160.987,16.0,5.7
2017-05-28T08:21:24,-1.298,149.416,35.0,5.0
2017-05-29T04:55:27,-56.285,-25.616,9.4,5.0
2017-05-29T14:35:21,-1.292,120.431,12.0,6.6
2017-05-29T14:38:56,-1.274,120.45,10.0,5.3
2017-05-29T14:42:02,-1.25,120.401,10.0,5.1
2017-05-29T14:55:03,-1.237,120.418,10.0,5.0
2017-05-29T14:57:53,-37.345,-71.69,81.1,5.9
2017-05-29T15:04:31,-1.303,120.484,10.0,5.1
2017-05-29T15:18:46,-1.315,120.465,10.0,5.0
2017-05-29T21:10:51,-10.694,161.898,77.8,5.3
2017-05-30T02:18:45,60.834,-151.815,81.2,5.2
2017-05-30T06:20:14,24.403,126.243,10.0,5.0
2017-05-30T08:28:19,-5.544,102.746,47.1,5.3
2017-05-30T10:24:43,-12.121,167.233,257.4,5.2
2017-05-30T11:29:51,-58.628,-26.242,76.0,5.7
2017-05-30T19:59:57,-19.161,176.878,35.7,5.0
2017-05-30T21:53:20,14.237,-92.962,10.0,5.3
2017-05-31T05:17:22,14.182,-92.924,10.0,5.4
2017-05-31T06:29:31,19.08,145.836,117.8,5.5
2017-05-31T06:31:13,-6.926,129.484,138.2,5.2
2017-06-01T20:04:09,-54.324,159.191,10.0,5.1
2017-06-02T05:59:17,-1.226,120.498,10.0,5.0
2017-06-02T17:26:28,24.368,126.225,10.0,5.1
2017-06-02T22:24:47,54.031,170.92,5.0,6.8
2017-06-02T22:32:37,53.883,171.007,10.0,5.0
2017-06-02T23:48:17,-4.735,145.136,192.8,5.9
2017-06-03T11:47:23,50.816,157.345,44.0,5.3
2017-06-03T19:17:33,-62.579,155.834,10.0,5.9
2017-06-03T22:21:45,-21.898,-68.693,105.4,5.1
2017-06-04T00:20:53,-18.71,-172.691,10.0,5.1
2017-06-04T18:46:08,24.93,142.173,10.0,5.2
2017-06-05T11:34:11,-4.072,-80.358,49.0,5.6
2017-06-06T17:35:07,-22.938,-68.596,93.1,5.3
2017-06-06T23:54:55,-3.27,148.664,23.0,5.4
2017-06-07T00:27:19,56.98,162.794,31.4,5.1
2017-06-07T09:06:15,57.129,-34.043,10.0,5.1
2017-06-07T12:23:28,-10.369,161.451,61.5,5.0
2017-06-07T21:07:45,-17.793,-178.81,540.1,5.0
2017-06-08T14:01:10,-7.996,-75.857,108.7,5.2
2017-06-08T17:01:19,19.33,-155.121,6.5,5.3
2017-06-08T23:23:43,18.5,147.1,17.0,5.4
2017-06-09T01:33:06,-16.842,-177.716,10.0,5.6
2017-06-09T12:58:22,5.531,125.167,14.0,5.2
2017-06-09T20:32:55,-10.26,161.185,53.2,5.2
2017-06-09T20:49:50,79.928,0.588,10.0,5.3
2017-06-09T23:22:14,-54.249,-135.626,10.0,5.2
2017-06-10T05:42:14,-54.304,-146.639,10.0,5.6
2017-06-10T10:57:35,-47.494,-13.566,10.0,5.1
2017-06-10T16:19:52,-11.493,166.465,48.5,5.0
2017-06-10T18:47:31,14.318,-93.015,10.0,5.5
2017-06-11T11:48:07,-14.908,167.353,132.6,5.0
2017-06-11T13:18:26,-17.536,-63.935,10.0,5.1
2017-06-11T16:29:55,-6.8,-11.812,10.0,5.1
2017-06-11T23:15:06,-8.321,106.259,7.0,5.7
2017-06-12T02:43:26,-31.5,-71.76,27.0,5.7
2017-06-12T04:30:36,3.69,126.776,56.8,5.4
2017-06-12T12:28:39,38.93,26.365,12.0,6.3
2017-06-12T15:46:47,-5.603,129.683,36.7,5.0
2017-06-13T04:37:23,13.818,-92.407,10.0,5.0
2017-06-13T08:43:49,13.886,-92.33,10.0,5.0
2017-06-14T00:25:37,-18.325,168.728,13.6,5.8
2017-06-14T06:38:47,14.155,-93.264,10.0,5.5
2017-06-14T07:23:51,14.291,-93.102,10.0,5.4
2017-06-14T07:29:04,14.909,-92.009,93.0,6.9
2017-06-14T07:52:42,14.784,-91.995,91.8,5.1
2017-06-14T21:14:52,13.949,-92.382,10.0,5.1
2017-06-14T23:58:52,15.323,-97.176,14.0,5.5
2017-06-15T00:26:17,-30.516,-178.056,34.0,6.0
2017-06-15T00:30:22,-30.543,-177.732,35.0,5.0
2017-06-15T03:11:06,19.788,122.501,187.2,5.1
2017-06-15T11:42:16,-55.428,-124.758,10.0,5.8
2017-06-16T19:37:25,-62.74,-161.092,10.0,5.7
2017-06-17T00:17:14,51.785,-173.409,29.5,5.4
2017-06-17T01:21:43,-4.652,153.16,56.4,5.0
2017-06-17T13:47:39,11.302,-86.655,40.0,5.5
2017-06-17T16:37:22,-16.216,167.869,176.7,5.0
2017-06-17T19:50:04,38.886,26.419,7.7,5.2
2017-06-17T22:26:02,-24.093,179.604,511.0,6.1
2017-06-18T09:06:56,61.022,-27.863,7.4,5.1
2017-06-18T16:17:25,-3.52,131.209,12.8,5.2
2017-06-18T18:47:16,-30.22,-177.705,10.0,5.1
2017-06-19T09:15:45,-20.749,-176.542,278.0,5.9
2017-06-20T11:41:23,-6.083,130.534,135.1,5.0
2017-06-20T12:54:35,-56.259,-27.014,56.2,5.3
2017-06-20T13:02:29,-56.078,-27.479,84.8,5.2
2017-06-20T14:27:41,32.872,132.036,36.8,5.0
2017-06-20T14:47:46,2.31,128.578,35.0,5.0
2017-06-20T18:21:41,-4.128,102.116,64.6,5.2
2017-06-21T19:20:27,52.176,179.423,159.3,5.0
2017-06-21T20:53:23,-10.406,161.315,61.8,5.3
2017-06-22T02:41:56,45.076,149.685,72.6,5.4
2017-06-22T03:41:20,-24.146,-66.969,168.1,5.0
2017-06-22T12:31:03,13.717,-90.972,38.1,6.8
2017-06-22T14:38:46,-5.968,102.347,10.0,5.1
2017-06-22T22:36:19,46.205,152.266,9.6,5.0
2017-06-23T10:00:52,-39.384,-71.803,115.4,5.0
2017-06-23T15:37:06,-11.287,167.06,10.0,5.2
2017-06-23T21:33:26,-23.307,-176.555,60.5,5.0
2017-06-24T02:37:18,-19.45,34.488,27.0,5.6
2017-06-24T07:27:07,-41.238,80.638,10.0,5.5
2017-06-24T16:09:14,-15.414,-73.386,97.0,5.7
2017-06-24T22:02:16,35.864,137.568,10.0,5.2
2017-06-25T03:01:59,-9.54,66.17,10.0,5.6
2017-06-25T09:45:51,-41.28,-90.566,10.0,5.1
2017-06-25T17:42:24,-19.552,-176.226,10.0,6.0
2017-06-25T23:30:40,36.436,70.673,207.2,5.2
2017-06-26T04:11:39,38.746,70.784,10.0,5.0
2017-06-26T07:41:27,10.31,126.098,10.0,5.0
2017-06-26T13:12:53,-9.571,124.689,22.7,5.0
2017-06-26T14:44:51,-30.664,-71.362,53.2,5.1
2017-06-27T00:14:37,-24.791,-177.216,132.0,5.5
2017-06-27T01:05:03,2.132,128.332,173.1,5.0
2017-06-28T12:07:32,43.798,147.875,61.0,5.5
2017-06-28T18:20:55,-30.31,-177.662,19.0,6.0
2017-06-29T07:03:11,-31.125,179.926,404.8,6.0
2017-06-29T12:42:03,-4.574,153.034,49.0,5.5
2017-06-30T01:34:58,33.741,-38.544,10.0,5.9
2017-06-30T13:33:44,58.924,1.792,10.0,5.0
2017-06-30T14:04:02,25.577,125.366,92.9,5.2
2017-06-30T22:29:45,-0.285,-80.493,13.0,6.0
2017-07-01T04:53:14,-21.492,-173.769,10.0,5.0
2017-07-01T14:45:53,42.814,141.926,36.7,5.3
2017-07-02T09:58:50,-27.368,-176.414,16.0,5.8
2017-07-02T12:40:08,-27.438,-176.218,16.0,5.5
2017-07-02T15:52:58,-21.839,-68.599,108.0,5.4
2017-07-02T19:26:28,3.594,-73.985,27.6,5.1
2017-07-04T00:37:17,-11.326,163.136,10.0,5.4
2017-07-04T16:05:58,-35.505,-73.336,13.0,5.9
2017-07-04T19:28:16,-4.008,130.039,34.0,5.1
2017-07-04T22:42:13,-3.805,129.958,35.0,5.1
2017-07-05T01:50:52,-59.239,-25.16,10.0,5.1
2017-07-05T16:07:36,13.715,-90.727,43.8,5.1
2017-07-05T23:29:45,-20.881,-174.382,35.0,5.1
2017-07-06T06:30:17,46.881,-112.575,12.2,5.8
2017-07-06T06:35:35,46.813,-112.665,14.7,5.0
2017-07-06T06:42:26,38.292,143.336,10.0,5.0
2017-07-06T08:03:57,11.127,124.629,9.0,6.5
2017-07-06T08:05:19,11.001,124.714,10.0,5.3
2017-07-06T09:44:48,-12.359,166.812,129.0,5.2
2017-07-07T03:42:52,-6.684,147.745,36.0,5.7
2017-07-07T08:43:31,-61.291,154.414,10.0,5.2
2017-07-08T07:27:37,-22.553,173.1,25.8,5.7
2017-07-08T22:48:31,-7.409,105.982,8.5,5.2
2017-07-09T05:57:01,-56.07,-27.543,60.9,5.5
2017-07-09T06:42:00,-11.607,-13.18,10.0,5.0
2017-07-10T01:41:48,10.989,124.784,7.1,5.8
2017-07-10T02:58:50,-4.315,129.758,59.2,5.2
2017-07-10T15:37:24,-36.155,-100.623,10.0,5.7
2017-07-10T21:37:53,-7.597,-13.626,10.0,5.2
2017-07-11T01:24:32,2.746,98.979,146.5,5.4
2017-07-11T02:56:36,31.388,130.624,23.9,5.3
2017-07-11T07:00:01,-49.484,164.016,10.0,6.6
2017-07-11T12:09:15,0.716,-79.701,17.0,5.4
2017-07-11T13:35:57,46.161,142.927,342.4,5.0
2017-07-11T22:38:46,-60.33,-48.636,10.0,5.0
2017-07-12T09:08:17,-35.391,-73.265,10.0,5.6
2017-07-12T19:48:07,40.855,131.664,545.0,5.9
2017-07-13T03:36:08,-4.779,153.211,34.0,6.4
2017-07-13T03:46:08,-4.791,153.351,35.0,5.2
2017-07-13T14:30:32,-8.257,119.312,17.4,5.2
2017-07-14T00:37:55,-17.197,-177.151,35.0,5.2
2017-07-14T00:57:26,-27.237,-175.989,10.0,5.1
2017-07-14T12:00:29,-33.723,-72.518,10.0,5.4
2017-07-15T05:47:30,-52.498,13.114,10.0,5.0
2017-07-15T08:05:39,20.148,146.566,26.2,5.2
2017-07-15T12:12:21,0.41,121.984,113.0,5.9
2017-07-15T20:30:17,34.925,25.429,9.9,5.3
2017-07-15T22:40:18,-58.756,149.08,10.0,5.2
2017-07-16T17:06:43,-20.38,-173.461,15.5,5.6
2017-07-16T19:26:39,-5.8,-122.772,10.0,5.0
2017-07-17T01:20:32,-20.374,-173.374,7.0,5.7
2017-07-17T11:05:09,54.58,168.648,9.0,6.3
2017-07-17T11:23:01,54.596,168.721,10.0,5.1
2017-07-17T23:34:13,54.443,168.857,10.0,7.7
2017-07-17T23:41:55,52.784,171.114,10.0,5.4
2017-07-17T23:49:28,54.36,169.324,10.0,5.1
2017-07-17T23:52:49,53.189,171.918,24.4,5.1
2017-07-17T23:57:45,53.448,171.343,26.1,5.2
2017-07-18T00:26:25,54.257,169.373,10.0,5.2
2017-07-18T01:03:49,54.253,169.075,10.0,5.0
2017-07-18T01:06:35,53.767,170.18,10.0,5.0
2017-07-18T01:51:36,55.374,166.646,10.0,5.2
2017-07-18T02:05:19,-16.416,-73.636,43.7,6.4
2017-07-18T06:02:38,55.178,167.094,10.0,5.3
2017-07-18T13:04:07,-56.971,-141.41,10.0,5.7
2017-07-18T20:18:40,53.257,171.973,24.4,5.1
2017-07-19T00:54:02,12.89,58.051,10.0,5.0
2017-07-19T12:16:23,-17.415,66.484,10.0,6.0
2017-07-19T13:59:38,36.306,70.92,112.6,5.0
2017-07-19T17:11:44,-17.569,-172.886,5.4,5.2
2017-07-19T23:22:27,-23.873,-69.16,91.4,5.2
2017-07-20T00:11:24,37.417,141.586,31.0,5.8
2017-07-20T22:31:11,36.929,27.414,7.0,6.6
2017-07-20T22:59:40,54.91,167.658,10.0,5.2
2017-07-20T23:32:14,17.834,147.287,50.0,5.1
2017-07-21T07:24:08,4.747,94.525,40.5,5.0
2017-07-21T08:59:06,-18.054,169.173,6.3,5.5
2017-07-21T09:03:04,-4.142,142.746,35.0,5.1
2017-07-21T17:09:45,36.907,27.301,10.0,5.0
2017-07-22T06:29:49,-21.175,-69.236,39.0,5.3
2017-07-23T04:10:06,53.6,170.727,29.6,5.1
2017-07-23T07:55:55,0.31,120.204,67.0,5.5
2017-07-23T15:35:40,40.039,143.488,10.0,5.6
2017-07-23T17:32:14,30.182,57.616,10.0,5.2
2017-07-24T03:12:02,-20.099,-173.576,10.0,5.0
2017-07-24T15:50:12,-61.582,160.753,10.0,5.0
2017-07-25T01:11:19,-23.615,-175.148,10.0,5.1
2017-07-25T23:23:23,-5.662,101.38,10.0,5.3
2017-07-26T10:11:01,-24.011,-69.535,69.6,5.0
2017-07-26T10:32:57,26.898,130.184,12.0,6.0
2017-07-26T20:59:51,-7.481,-75.667,20.6,5.1
2017-07-27T12:08:38,-3.558,126.085,15.6,5.8
2017-07-27T17:53:24,13.396,-49.326,10.0,6.0
2017-07-27T19:24:47,-4.396,101.942,50.5,5.1
2017-07-27T23:58:52,29.293,142.955,10.0,5.3
2017-07-28T00:47:26,-10.304,161.543,75.2,5.0
2017-07-28T02:39:15,54.303,169.301,10.0,5.5
2017-07-28T06:56:17,-16.163,168.085,154.4,5.1
2017-07-29T00:02:40,40.782,-125.181,26.5,5.1
2017-07-29T07:36:33,-22.525,173.072,10.0,5.1
2017-07-30T03:30:40,-21.014,-178.651,575.0,5.0
2017-07-30T07:02:29,-0.22,29.782,10.0,5.3
2017-07-30T12:45:04,36.261,143.722,6.4,5.3
2017-07-30T15:37:40,31.816,50.597,10.0,5.0
2017-07-30T16:44:25,-54.552,-27.895,10.0,5.1
2017-07-30T21:00:49,46.124,151.077,86.0,5.7
2017-07-30T21:01:43,-28.914,-176.823,15.9,5.0
2017-07-30T21:15:12,-29.009,-176.722,10.0,5.1
2017-07-31T14:00:27,-2.672,102.242,158.6,5.1
2017-07-31T21:29:14,34.516,24.058,39.0,5.3
2017-07-31T21:31:04,-55.269,-30.825,10.0,5.2
2017-08-01T04:23:21,-53.015,-4.511,10.0,5.1
2017-08-01T05:00:26,51.815,-176.25,60.9,5.2
2017-08-01T06:13:56,-28.545,-68.894,110.0,5.6
2017-08-01T08:54:49,-4.796,153.219,35.5,5.1
2017-08-01T09:39:59,-6.016,154.562,405.4,5.1
2017-08-01T17:02:05,36.776,140.68,8.3,5.2
2017-08-01T17:20:25,-49.528,116.896,10.0,5.1
2017-08-02T00:16:12,13.49,-49.344,10.0,5.3
2017-08-02T07:15:13,-33.212,-70.626,92.0,5.4
2017-08-02T16:16:30,-53.682,-4.593,10.0,5.4
2017-08-02T18:18:08,24.321,93.62,53.2,5.1
2017-08-02T19:15:18,-32.996,-179.168,11.9,5.3
2017-08-02T20:03:29,-28.491,-71.236,41.1,5.3
2017-08-03T08:53:30,-17.76,-172.835,10.0,5.4
2017-08-03T09:52:19,-17.575,-172.492,10.0,5.0
2017-08-03T16:14:23,-8.161,108.988,63.2,5.0
2017-08-03T23:43:27,-19.914,-173.298,10.0,5.4
2017-08-04T11:19:45,24.608,123.616,59.8,5.1
2017-08-04T17:43:55,-9.89,154.277,10.0,5.0
2017-08-05T00:04:18,-5.826,-12.573,10.0,5.0
2017-08-05T00:30:41,6.115,125.415,76.0,5.8
2017-08-05T07:39:19,7.922,125.221,20.8,5.1
2017-08-06T00:15:09,-10.233,161.483,70.0,5.8
2017-08-06T19:32:06,-47.288,99.867,10.0,5.6
2017-08-06T19:56:57,-5.89,-12.633,10.0,5.1
2017-08-07T06:26:43,-5.435,151.582,31.0,5.8
2017-08-07T09:45:07,-63.625,169.798,10.0,5.2
2017-08-07T11:07:26,-3.313,146.827,10.0,5.0
2017-08-07T12:02:50,-3.38,146.864,10.0,5.5
2017-08-07T12:12:11,-3.349,146.788,10.0,5.7
2017-08-07T13:24:04,-31.74,-178.536,35.0,5.1
2017-08-08T05:49:36,26.481,127.173,30.3,5.1
2017-08-08T07:42:22,36.964,27.571,10.0,5.3
2017-08-08T13:19:49,33.193,103.855,9.0,6.5
2017-08-08T20:43:42,6.536,-72.09,49.1,5.1
2017-08-08T21:46:50,52.677,172.536,39.4,5.1
2017-08-08T23:27:53,44.302,82.832,20.0,6.3
2017-08-08T23:39:18,44.325,82.742,10.0,5.2
2017-08-08T23:44:31,44.359,82.79,10.0,5.3
2017-08-09T05:40:39,52.402,-169.05,29.0,5.5
2017-08-09T05:48:27,52.471,-169.141,29.0,5.5
2017-08-09T06:34:01,-56.235,-123.415,10.0,5.3
2017-08-09T06:57:55,-20.061,-173.227,10.0,5.0
2017-08-09T21:30:16,-7.55,121.859,8.6,5.0
2017-08-10T00:36:30,35.709,140.142,61.6,5.1
2017-08-10T00:43:19,9.498,124.087,524.6,5.0
2017-08-10T04:28:03,41.574,-29.408,10.0,5.0
2017-08-10T05:57:18,-8.151,103.971,10.0,5.2
2017-08-10T07:07:52,50.545,157.37,80.5,5.1
2017-08-10T09:51:51,-25.009,-13.6,10.0,5.5
2017-08-11T05:28:25,14.006,120.739,172.0,6.2
2017-08-11T15:36:14,-6.553,131.111,61.8,5.1
2017-08-11T21:45:09,-16.299,-73.474,41.0,5.6
2017-08-11T23:57:10,-28.092,-67.353,116.5,5.0
2017-08-12T07:22:36,-6.205,130.992,75.8,5.0
2017-08-12T10:14:32,-55.474,-30.012,10.0,5.3
2017-08-12T12:54:13,-30.241,-72.16,9.0,5.8
2017-08-12T13:53:33,-29.667,-176.093,10.0,5.1
2017-08-12T15:59:28,-20.028,-71.022,10.0,5.2
2017-08-12T17:10:01,30.342,94.853,28.2,5.0
2017-08-12T18:09:36,-4.24,152.906,37.6,5.2
2017-08-12T18:23:43,30.001,131.13,21.1,5.3
2017-08-12T20:30:57,-5.81,153.514,9.9,5.0
2017-08-13T03:08:10,-3.768,101.623,31.0,6.4
2017-08-13T03:47:49,-10.05,160.868,28.6,5.0
2017-08-13T06:19:26,-5.651,-12.558,10.0,5.1
2017-08-13T12:18:13,-19.023,169.579,264.2,5.1
2017-08-13T16:51:24,-10.721,-74.566,32.0,5.8
2017-08-14T00:19:19,48.852,-27.887,10.0,5.1
2017-08-14T00:24:45,48.718,-27.862,10.0,5.2
2017-08-14T00:29:04,48.697,-27.883,10.0,5.1
2017-08-14T05:35:09,-54.965,-129.772,10.0,5.6
2017-08-14T23:49:27,-3.791,140.256,18.0,5.4
2017-08-15T02:24:51,-43.818,-82.056,10.0,5.1
2017-08-15T02:26:15,-43.956,-82.45,10.0,5.1
2017-08-15T05:07:33,-29.523,-176.132,10.0,5.0
2017-08-15T06:01:44,-14.797,-173.116,8.0,5.7
2017-08-15T19:03:21,-30.016,-72.162,10.2,5.1
2017-08-16T02:27:31,45.564,-27.696,10.0,5.2
2017-08-16T04:09:03,-2.296,99.891,21.4,5.3
2017-08-16T07:23:42,11.46,138.872,10.0,5.0
2017-08-16T12:51:25,28.674,127.901,198.0,5.7
2017-08-16T19:21:54,-29.64,-176.162,10.0,5.3
2017-08-16T19:46:59,-24.96,-13.463,10.0,5.2
2017-08-17T03:00:19,-48.761,126.388,10.0,5.1
2017-08-17T08:52:22,-5.751,-12.637,10.0,5.2
2017-08-18T02:59:25,-1.112,-13.66,35.0,6.6
2017-08-18T05:15:14,16.987,-100.304,26.3,5.1
2017-08-18T18:52:24,-29.458,-176.143,10.0,5.2
2017-08-18T20:31:50,-45.528,-76.605,10.0,5.1
2017-08-18T21:00:49,-6.258,128.049,13.7,5.5
2017-08-19T02:00:52,-17.961,-178.841,544.0,6.4
2017-08-19T07:33:45,-55.639,-29.45,10.0,5.1
2017-08-20T17:42:16,-13.758,-75.692,79.8,5.1
2017-08-20T23:28:57,14.003,-91.85,16.0,5.3
2017-08-20T23:37:33,-35.616,-179.5,10.0,5.1
2017-08-21T13:59:31,14.368,-93.092,10.0,5.3
2017-08-21T21:12:23,-15.493,-171.576,10.0,5.3
2017-08-22T22:26:14,10.954,124.707,17.2,5.0
2017-08-23T13:42:53,36.183,44.936,8.0,5.1
2017-08-24T08:07:04,54.175,169.284,18.7,5.0
2017-08-25T07:27:11,36.419,71.335,110.8,5.1
2017-08-25T19:13:04,-14.602,168.031,10.0,5.0
2017-08-26T08:12:51,6.169,-82.665,10.0,5.2
2017-08-26T21:50:59,-47.267,160.03,10.0,5.5
2017-08-27T00:02:22,-10.326,111.104,10.0,5.2
2017-08-27T04:17:51,-1.452,148.08,8.0,6.3
2017-08-27T13:52:19,-1.459,148.064,10.0,5.4
2017-08-27T23:14:52,37.948,47.132,17.3,5.2
2017-08-29T07:00:12,52.086,156.983,141.7,5.0
2017-08-29T16:47:28,-59.371,-27.196,35.0,5.3
2017-08-29T22:08:33,19.268,121.159,27.6,5.4
2017-08-30T08:03:42,12.992,145.623,10.0,5.2
2017-08-30T08:07:02,13.036,-101.712,10.0,5.2
2017-08-30T14:19:14,40.01,-29.417,10.0,5.0
2017-08-30T14:20:05,39.895,-29.609,10.0,5.3
2017-08-30T22:09:02,28.487,130.023,24.2,5.2
2017-08-31T01:30:27,27.902,56.946,10.0,5.2
2017-08-31T05:48:32,13.771,-91.526,35.0,5.0
2017-08-31T17:06:55,-1.159,99.688,43.1,6.3
2017-08-31T17:46:02,58.45,-153.652,62.9,5.6
2017-08-31T22:57:38,-0.225,125.178,40.8,5.3
2017-09-01T07:42:45,10.113,-85.504,27.8,5.4
2017-09-01T10:59:40,56.932,-33.98,10.0,5.2
2017-09-01T11:07:37,57.058,-34.071,10.0,5.5
2017-09-01T21:07:41,58.008,152.937,13.7,5.0
2017-09-02T03:32:22,-6.039,104.964,75.1,5.0
2017-09-02T19:06:49,-7.057,129.956,81.2,5.0
2017-09-02T22:45:24,44.82,153.144,10.0,5.0
2017-09-02T23:00:01,14.016,146.595,11.0,5.5
2017-09-02T23:56:52,42.647,-111.449,9.5,5.3
2017-09-03T03:21:42,11.978,-87.927,8.2,5.0
2017-09-04T04:43:28,21.631,142.988,309.4,5.0
2017-09-04T06:18:14,-59.409,-25.669,35.0,5.0
2017-09-04T08:07:34,-57.739,-25.613,25.0,6.1
2017-09-04T19:43:15,1.174,91.886,10.0,5.1
2017-09-04T21:53:16,-60.682,-26.078,10.0,5.0
2017-09-04T21:55:19,-19.262,-70.01,61.1,5.2
2017-09-05T02:50:01,-16.244,167.978,181.3,5.5
2017-09-05T18:54:39,-6.665,130.224,99.8,5.0
2017-09-06T00:10:55,10.244,93.161,84.0,5.0
2017-09-06T13:45:09,-57.68,-25.3,35.0,5.0
2017-09-06T19:05:49,-15.416,-173.666,71.7,5.1
2017-09-07T17:26:49,27.783,139.804,451.0,6.1
2017-09-07T17:36:15,-25.753,-179.935,480.2,5.0
2017-09-08T04:49:19,15.022,-93.899,47.4,8.2
2017-09-08T05:01:33,15.179,-94.297,36.2,5.7
2017-09-08T05:11:19,2.429,128.516,235.2,5.0
2017-09-08T05:17:43,15.573,-94.567,51.1,5.3
2017-09-08T05:24:36,15.203,-94.595,49.2,5.2
2017-09-08T05:33:37,15.284,-94.408,45.8,5.2
2017-09-08T05:34:28,14.928,-94.112,44.5,5.1
2017-09-08T05:44:27,15.548,-94.705,30.3,5.0
2017-09-08T08:34:34,15.215,-94.172,50.8,5.3
2017-09-08T11:25:54,15.777,-94.88,23.8,5.0
2017-09-08T12:06:17,15.421,-94.57,56.7,5.2
2017-09-08T14:25:03,15.884,-94.221,82.7,5.1
2017-09-08T14:40:10,15.299,-94.687,41.1,5.0
2017-09-08T14:45:02,15.523,-94.387,60.2,5.3
2017-09-08T15:20:05,-15.28,-172.453,10.0,5.0
2017-09-08T16:19:15,15.142,-94.454,31.4,5.0
2017-09-08T16:42:29,15.746,-93.836,86.2,5.1
2017-09-08T17:35:36,14.712,54.709,10.0,5.1
2017-09-08T18:24:14,15.685,-94.927,27.0,5.0
2017-09-08T18:57:24,16.231,-94.981,63.2,5.3
2017-09-09T02:43:44,15.643,-94.792,57.7,5.1
2017-09-09T04:54:52,15.081,-94.061,29.0,5.5
2017-09-09T06:24:23,15.877,-94.758,50.4,5.0
2017-09-09T10:05:18,-4.946,133.936,10.0,5.4
2017-09-09T12:03:41,-22.461,-66.191,229.6,5.2
2017-09-09T15:30:06,15.723,-94.953,32.2,5.3
2017-09-10T03:07:22,15.397,-94.532,29.0,5.8
2017-09-10T08:39:38,15.764,-94.504,57.6,5.2
2017-09-10T08:44:24,41.781,142.893,45.0,5.5
2017-09-10T09:47:10,42.563,-111.416,9.8,5.0
2017-09-10T21:40:20,57.132,-33.652,10.0,5.7
2017-09-11T02:42:12,-4.189,134.385,10.0,5.1
2017-09-11T14:55:58,15.352,-94.365,32.6,5.0
2017-09-11T16:20:15,39.21,21.573,10.0,5.0
2017-09-11T17:35:09,23.953,142.337,35.0,5.7
2017-09-11T21:09:10,14.907,-94.014,27.0,5.5
2017-09-11T21:52:08,51.524,-178.359,54.7,5.1
2017-09-11T22:20:53,15.76,-94.957,48.2,5.0
2017-09-12T01:12:29,15.297,-94.469,17.3,5.1
2017-09-12T05:08:45,15.112,-93.971,42.5,5.4
2017-09-12T15:28:21,15.062,-93.92,38.0,5.0
2017-09-13T02:01:38,15.156,-94.528,14.1,5.0
2017-09-13T15:21:38,-10.765,161.927,46.6,5.0
2017-09-13T21:30:46,15.61,-95.173,13.3,5.1
2017-09-14T17:41:27,18.688,145.747,166.0,5.8
2017-09-14T22:21:01,-13.834,170.102,10.0,5.2
2017-09-15T01:38:20,-26.668,-112.292,10.0,5.2
2017-09-15T12:37:01,1.576,99.504,158.6,5.0
2017-09-15T17:45:46,-2.72,28.805,12.2,5.0
2017-09-15T18:48:02,-55.444,-28.362,9.0,5.5
2017-09-16T10:11:33,42.205,83.516,16.0,5.4
2017-09-16T12:36:54,-6.403,154.969,84.1,5.1
2017-09-16T14:18:56,16.09,-95.138,35.0,5.6
2017-09-16T19:35:28,15.227,-94.697,12.8,5.1
2017-09-16T21:00:56,53.002,159.809,51.4,5.3
2017-09-16T23:38:02,59.866,-136.794,6.6,5.0
2017-09-17T06:07:51,15.774,-95.313,10.0,5.0
2017-09-17T14:26:07,-6.311,148.871,18.9,5.7
2017-09-17T14:48:11,12.818,92.097,26.2,5.0
2017-09-17T14:50:03,-16.639,-173.643,30.4,5.4
2017-09-17T22:16:16,-21.832,169.094,12.8,5.0
2017-09-17T22:22:44,-30.278,-177.971,44.3,5.0
2017-09-18T05:28:02,-18.546,-12.696,10.0,5.5
2017-09-18T12:11:04,-30.314,-177.954,32.9,5.0
2017-09-18T13:46:57,-31.822,-72.126,17.0,5.9
2017-09-18T14:19:12,15.258,-94.567,10.0,5.6
2017-09-18T14:31:27,-17.369,-173.957,28.3,5.0
2017-09-19T07:53:15,15.105,-94.143,29.7,5.5
2017-09-19T13:26:10,27.933,53.986,10.0,5.1
2017-09-19T18:14:38,18.55,-98.489,48.0,7.1
2017-09-19T20:14:18,-5.568,150.836,100.1,5.2
2017-09-19T20:18:08,37.307,141.62,47.2,5.4
2017-09-19T21:13:15,15.259,-94.728,22.5,5.0
2017-09-20T00:08:15,30.721,57.407,10.0,5.0
2017-09-20T01:43:25,-50.709,162.632,8.0,6.1
2017-09-20T05:26:10,-16.293,-71.233,106.2,5.3
2017-09-20T12:25:51,1.146,132.706,10.0,5.1
2017-09-20T14:29:56,23.326,121.779,20.2,5.4
2017-09-20T16:25:11,-10.196,118.882,10.8,5.3
2017-09-20T16:37:16,37.981,144.66,11.0,6.1
2017-09-20T20:09:49,-18.785,169.095,197.0,6.4
2017-09-20T22:13:35,-5.084,147.827,10.0,5.9
2017-09-20T22:17:23,-5.087,147.97,10.0,5.2
2017-09-20T23:59:24,-6.111,113.024,588.0,5.7
2017-09-21T00:05:20,-18.337,-175.394,212.7,5.0
2017-09-21T11:15:29,-12.111,65.834,10.0,5.2
2017-09-21T17:43:32,-5.224,153.796,41.7,5.2
2017-09-22T05:33:43,23.548,-108.831,10.0,5.6
2017-09-22T19:50:15,40.41,-126.833,12.7,5.7
2017-09-22T23:49:32,31.331,140.951,48.2,5.2
2017-09-23T10:38:05,15.49,-94.429,53.8,5.8
2017-09-23T12:53:01,16.626,-95.078,10.0,6.1
2017-09-23T13:30:31,13.637,120.83,166.0,5.0
2017-09-23T17:25:53,-30.75,-68.958,117.0,5.0
2017-09-23T20:47:06,7.562,124.743,8.2,5.7
2017-09-23T21:20:17,7.573,124.821,10.0,5.0
2017-09-24T00:56:24,-10.696,161.791,48.4,5.0
2017-09-24T10:06:11,15.314,-94.17,47.4,5.8
2017-09-24T20:10:08,-3.374,102.095,80.9,5.0
2017-09-25T06:18:03,-59.043,-25.639,10.0,5.0
2017-09-25T09:42:09,-5.35,153.994,46.8,5.1
2017-09-25T18:10:43,-5.93,106.388,150.0,5.1
2017-09-25T20:29:24,-6.232,152.722,10.0,5.9
2017-09-25T22:07:03,0.822,124.332,219.8,5.0
2017-09-26T04:20:00,-23.582,-176.837,96.0,6.4
2017-09-26T19:08:18,1.207,132.694,18.9,5.4
2017-09-26T20:22:11,40.335,142.342,37.0,5.8
2017-09-26T21:29:06,-23.573,-179.917,540.8,5.4
2017-09-27T04:09:52,28.723,-43.539,10.0,5.0
2017-09-27T04:13:00,-3.521,139.812,54.6,5.1
2017-09-28T08:11:56,20.228,145.142,10.0,5.4
2017-09-28T11:29:45,28.794,140.532,10.0,5.5
2017-09-28T22:47:11,-34.05,-178.595,10.0,5.1
2017-09-28T23:11:17,-24.858,-179.786,456.6,5.4
2017-09-29T04:00:20,14.864,-94.232,11.0,5.4
2017-09-29T04:33:12,14.854,-94.294,10.0,5.2
2017-09-29T13:49:57,39.828,68.004,14.1,5.1
2017-09-29T16:08:08,21.361,143.878,49.2,5.0
2017-09-29T19:25:01,53.234,160.084,49.5,5.3
2017-09-30T06:14:36,32.281,105.043,10.0,5.1
2017-09-30T06:34:36,-37.156,178.772,49.1,5.0
2017-09-30T10:30:01,1.915,128.732,33.0,5.2
2017-09-30T23:15:29,3.94,128.498,10.0,5.6
2017-10-01T01:35:25,7.528,-73.148,128.6,5.1
2017-10-01T10:06:56,-24.568,-176.745,96.9,5.1
2017-10-01T14:08:00,-22.786,-174.552,10.0,5.0
2017-10-02T21:37:57,-19.493,167.675,10.0,5.0
2017-10-03T19:04:26,-55.257,-28.83,10.0,5.2
2017-10-03T20:39:04,13.459,-49.332,10.0,5.7
2017-10-04T03:22:26,-31.311,-178.143,10.0,5.2
2017-10-05T08:11:36,-22.379,-68.517,110.2,5.5
2017-10-06T02:03:48,0.956,-25.509,10.0,5.5
2017-10-06T07:59:32,37.503,144.02,9.0,6.2
2017-10-06T11:29:01,-6.87,155.934,101.0,5.0
2017-10-06T14:00:31,11.98,95.076,10.1,5.0
2017-10-06T14:56:41,37.096,141.077,44.0,5.6
2017-10-06T17:41:23,-35.31,-15.552,10.0,5.6
2017-10-07T00:16:30,-32.992,-178.282,10.0,5.4
2017-10-07T01:45:45,1.118,132.689,10.0,5.0
2017-10-07T02:38:07,-23.854,69.147,10.0,5.0
2017-10-07T08:38:09,-32.912,-178.037,10.0,5.0
2017-10-07T09:26:13,-1.702,-77.913,137.9,5.2
2017-10-08T10:04:02,-55.327,-148.21,10.0,5.0
2017-10-08T14:04:38,-18.99,-175.566,10.0,6.1
2017-10-08T14:14:13,10.652,-41.348,10.0,5.0
2017-10-08T20:48:58,-61.747,154.598,10.0,6.2
2017-10-08T22:34:33,52.391,176.769,119.0,6.5
2017-10-09T00:28:24,-12.798,66.426,10.0,5.0
2017-10-09T03:46:44,-12.784,66.382,10.0,5.1
2017-10-09T06:27:02,-41.929,-89.883,10.0,5.1
2017-10-09T07:08:29,-17.027,-177.049,15.8,5.1
2017-10-09T09:05:08,-7.36,95.794,10.0,5.0
2017-10-09T22:23:47,-8.32,123.409,10.0,5.0
2017-10-10T06:32:21,-18.572,-69.753,85.0,6.3
2017-10-10T14:36:02,-9.179,-109.622,10.0,5.4
2017-10-10T18:53:27,-54.263,8.609,9.0,6.7
2017-10-11T00:08:26,-54.259,8.336,10.0,5.6
2017-10-11T13:15:03,-18.344,-172.121,10.0,5.0
2017-10-11T21:56:54,-5.645,146.12,50.6,5.1
2017-10-11T22:49:44,39.165,24.238,11.5,5.1
2017-10-12T03:12:23,-56.284,-24.611,10.0,5.2
2017-10-12T06:12:38,36.744,142.071,15.6,5.0
2017-10-12T07:52:28,32.074,95.05,10.0,5.1
2017-10-12T18:59:09,-30.994,-65.619,165.6,5.5
2017-10-13T16:55:17,43.476,-127.138,10.0,5.3
2017-10-14T00:20:57,16.228,-94.866,56.0,5.5
2017-10-14T08:35:43,7.269,-71.943,33.4,5.1
2017-10-14T23:34:09,30.931,130.309,148.1,5.0
2017-10-16T18:09:26,-23.85,-175.872,14.0,5.5
2017-10-16T18:19:58,-23.95,-175.422,10.0,5.1
2017-10-16T18:36:43,-23.733,-175.683,10.0,5.5
2017-10-16T20:03:10,-23.759,-175.585,10.0,5.0
2017-10-17T09:53:42,-20.57,-175.535,131.6,5.1
2017-10-17T11:27:58,-24.01,-175.448,10.0,5.0
2017-10-18T12:00:59,-20.591,-173.802,10.0,6.1
2017-10-18T13:40:55,-0.238,122.949,92.6,5.6
2017-10-18T14:37:18,31.137,54.85,10.0,5.0
2017-10-18T16:44:35,-5.562,147.181,193.0,5.6
2017-10-19T03:25:18,-53.248,22.759,10.0,5.2
2017-10-19T06:45:01,33.786,-38.844,10.0,5.1
2017-10-19T07:39:53,-15.262,66.712,10.0,5.0
2017-10-19T09:02:02,28.318,131.211,14.0,5.9
2017-10-19T22:23:27,7.401,-35.703,10.0,5.2
2017-10-19T23:07:21,11.661,143.26,10.0,5.3
2017-10-20T02:21:59,-5.635,147.257,182.1,5.3
2017-10-20T09:29:17,-52.299,15.481,10.0,5.1
2017-10-20T09:55:58,-30.52,-177.321,10.0,5.2
2017-10-20T17:44:39,13.806,147.412,22.9,5.0
2017-10-21T01:32:14,4.148,127.874,63.1,5.3
2017-10-21T12:56:43,70.828,-5.952,10.0,5.3
2017-10-21T16:35:38,-15.66,167.853,117.8,5.0
2017-10-21T20:25:26,-8.134,129.744,10.0,5.1
2017-10-22T01:37:08,-15.164,-73.974,84.2,5.0
2017-10-22T04:10:58,-42.404,173.413,10.0,5.0
2017-10-22T06:05:12,-6.093,30.74,10.0,5.1
2017-10-22T14:21:01,14.0,120.725,209.4,5.4
2017-10-23T00:24:13,27.925,57.054,10.0,5.3
2017-10-23T08:32:32,-52.344,16.781,10.0,5.8
2017-10-23T14:42:43,-52.367,16.776,10.0,5.3
2017-10-23T17:54:28,-52.383,16.961,10.0,5.0
2017-10-23T21:20:26,-26.373,-141.333,10.0,5.2
2017-10-24T01:57:59,-33.616,77.724,10.0,5.1
2017-10-24T10:47:47,-7.217,123.074,553.8,6.7
2017-10-24T16:12:12,15.213,-94.244,29.8,5.0
2017-10-25T11:35:28,18.898,145.499,213.3,5.0
2017-10-25T11:58:14,-4.855,131.091,41.8,5.5
2017-10-25T16:35:36,-9.64,112.934,35.0,5.0
2017-10-26T17:32:46,-5.264,145.609,89.7,5.0
2017-10-27T09:38:40,45.655,150.938,69.8,5.0
2017-10-27T17:52:03,16.716,146.122,90.8,5.0
2017-10-28T08:25:03,-56.715,147.395,10.0,5.3
2017-10-28T15:27:34,-56.348,147.326,10.0,5.2
2017-10-28T16:13:54,86.875,54.152,10.0,5.8
2017-10-28T16:16:06,86.897,53.211,10.0,5.8
2017-10-28T17:45:32,36.199,70.662,101.5,5.2
2017-10-28T18:59:33,55.197,-35.353,10.0,5.2
2017-10-28T19:11:02,86.923,55.2,10.0,5.9
2017-10-29T04:05:34,1.542,66.778,10.0,5.2
2017-10-30T17:12:06,-10.756,-74.693,101.1,5.4
2017-10-30T22:37:18,-8.601,118.984,110.2,5.5
2017-10-31T00:42:08,-21.697,169.148,24.0,6.7
2017-10-31T01:40:10,-21.661,169.292,10.0,5.0
2017-10-31T02:20:46,-21.426,168.924,10.0,5.9
2017-10-31T02:39:15,-21.664,169.383,10.0,5.1
2017-10-31T03:05:45,-10.266,161.42,75.4,5.0
2017-10-31T04:58:53,-15.496,-173.267,10.0,5.7
2017-10-31T07:36:06,-37.49,177.343,10.0,5.0
2017-10-31T11:31:39,-3.826,127.721,4.0,5.8
2017-10-31T11:34:39,-3.769,127.668,8.1,5.6
2017-10-31T11:50:48,-3.745,127.752,6.0,6.1
2017-10-31T12:37:47,-3.819,127.769,15.8,5.7
2017-10-31T12:41:13,-3.668,128.119,10.0,5.1
2017-10-31T13:42:25,-3.797,127.646,10.0,5.1
2017-10-31T13:52:21,34.909,103.288,10.0,5.0
2017-10-31T14:55:56,-3.797,127.752,10.0,5.1
2017-10-31T16:30:30,-15.733,-173.147,10.0,5.0
2017-10-31T16:47:45,-3.91,128.09,10.0,5.0
2017-10-31T18:24:37,2.044,126.059,28.6,5.0
2017-10-31T19:22:09,-21.672,168.825,15.9,5.4
2017-10-31T19:41:16,-21.758,168.898,8.0,5.3
2017-10-31T21:10:14,-15.314,-173.071,10.0,5.0
2017-10-31T22:25:52,-60.061,-26.672,10.0,5.3
2017-10-31T22:50:15,-21.759,168.895,10.6,5.4
2017-10-31T22:59:51,-37.597,177.276,6.6,5.0
2017-10-31T23:06:02,-21.731,168.874,8.9,5.1
2017-10-31T23:59:46,-21.729,168.91,10.0,5.1
2017-11-01T00:09:30,-21.728,168.934,11.0,6.1
2017-11-01T02:23:57,-21.648,168.858,22.0,6.6
2017-11-01T05:09:00,-21.807,168.982,10.0,5.9
2017-11-01T05:14:14,-21.891,169.279,10.0,5.3
2017-11-01T09:33:46,-21.739,168.83,10.0,5.5
2017-11-01T18:56:17,-56.481,-25.541,22.9,5.0
2017-11-01T21:35:22,16.616,144.999,10.0,5.0
2017-11-01T23:29:16,15.248,-94.123,59.1,5.1
2017-11-02T01:36:13,-21.807,168.884,9.4,5.2
2017-11-02T03:16:19,-3.827,127.77,10.0,5.0
2017-11-02T03:27:26,-21.826,168.851,7.9,5.6
2017-11-02T07:12:48,-21.698,169.081,10.0,5.1
2017-11-02T16:51:29,-21.844,169.014,6.7,5.4
2017-11-02T16:53:30,-21.765,168.948,10.0,5.4
2017-11-02T17:02:15,-1.239,120.515,10.0,5.1
2017-11-03T09:06:26,-21.715,168.836,10.0,5.1
2017-11-03T11:52:09,18.66,-106.564,10.0,5.7
2017-11-04T00:16:35,2.483,-76.032,157.3,5.1
2017-11-04T09:00:19,-15.32,-173.168,10.0,6.8
2017-11-04T09:27:43,-21.796,168.896,15.5,5.3
2017-11-04T12:18:22,-15.023,-172.842,10.0,5.1
2017-11-04T14:08:55,-21.236,168.961,10.0,5.7
2017-11-04T14:36:05,-15.013,-173.264,10.0,5.0
2017-11-04T14:52:14,-21.686,169.116,10.0,5.4
2017-11-04T15:24:32,-15.158,-173.385,10.0,5.6
2017-11-04T15:58:28,-21.764,168.911,10.0,5.2
2017-11-04T18:12:27,14.23,-91.973,50.0,5.2
2017-11-04T21:05:43,-21.567,168.709,7.8,5.1
2017-11-05T01:35:28,-18.65,-177.745,482.9,5.5
2017-11-05T07:29:14,15.383,147.065,10.0,5.0
2017-11-05T15:00:24,11.672,-61.178,47.2,5.5
2017-11-05T20:22:58,-21.679,168.558,10.0,5.1
2017-11-06T00:32:05,-16.559,177.074,23.0,5.1
2017-11-06T06:36:00,-15.589,-173.076,10.0,5.4
2017-11-06T09:22:13,-6.592,128.515,309.8,5.0
2017-11-06T23:39:29,-48.983,124.751,10.0,5.2
2017-11-07T04:27:44,-21.677,168.656,10.0,5.5
2017-11-07T09:01:40,-17.681,-178.547,548.0,5.7
2017-11-07T18:58:50,29.444,66.456,17.6,5.0
2017-11-07T21:26:38,-4.243,143.485,110.6,6.5
2017-11-08T07:23:21,6.284,125.951,119.5,5.1
2017-11-08T07:35:11,-21.876,-179.382,593.7,5.7
2017-11-08T07:54:41,-21.688,168.554,8.3,5.0
2017-11-08T19:17:06,-6.507,104.615,35.0,5.0
2017-11-08T20:40:07,-24.338,-67.018,172.1,5.0
2017-11-09T03:11:03,1.886,127.079,103.8,5.2
2017-11-09T07:42:11,32.521,141.438,12.0,6.0
2017-11-09T18:45:45,32.455,141.514,15.0,5.4
2017-11-10T09:03:19,-21.52,168.607,10.0,5.3
2017-11-10T12:01:33,-41.467,-84.19,10.0,5.8
2017-11-10T13:57:38,-7.038,129.962,80.9,5.0
2017-11-10T20:53:37,38.248,73.904,31.4,5.0
2017-11-11T00:27:05,-21.416,168.514,8.3,5.3
2017-11-11T00:36:14,-11.742,-14.114,10.0,6.1
2017-11-11T01:16:07,-21.536,168.671,10.0,5.0
2017-11-12T04:51:03,9.134,58.222,10.0,5.4
2017-11-12T09:54:49,-19.095,168.815,73.7,5.0
2017-11-12T18:18:17,34.911,45.959,19.0,7.3
2017-11-12T18:29:52,34.922,45.587,10.0,5.3
2017-11-12T22:24:06,37.935,144.931,10.2,5.9
2017-11-13T02:28:23,9.515,-84.486,19.4,6.5
2017-11-13T02:32:30,9.445,-84.548,10.0,5.3
2017-11-13T08:25:01,-3.512,145.43,16.2,5.0
2017-11-13T11:53:55,-36.336,-97.143,10.0,5.0
2017-11-13T13:14:13,12.451,143.897,21.9,5.0
2017-11-13T13:35:05,-21.653,168.769,10.0,5.1
2017-11-14T10:50:05,-18.145,-178.006,596.9,5.5
2017-11-14T14:18:39,-31.356,-177.513,10.0,5.0
2017-11-14T18:44:00,-18.63,-171.522,10.0,5.5
2017-11-14T20:53:13,-31.702,-177.791,10.0,5.1
2017-11-14T21:21:23,8.814,-83.912,10.0,5.1
2017-11-15T00:23:33,-26.194,70.816,10.0,5.3
2017-11-15T00:24:32,13.1,143.712,123.0,5.8
2017-11-15T00:36:11,-6.086,154.453,49.2,5.3
2017-11-15T00:53:57,-26.103,70.879,10.0,5.0
2017-11-15T02:02:25,-59.031,-17.101,10.0,5.6
2017-11-15T05:00:39,-17.493,-174.658,156.5,5.3
2017-11-15T05:29:32,36.074,129.28,10.0,5.5
2017-11-15T08:48:19,25.437,141.383,10.4,5.1
2017-11-15T19:48:03,40.308,47.332,22.1,5.2
2017-11-15T20:23:05,-21.847,168.936,8.4,5.4
2017-11-15T21:10:14,-21.859,168.958,10.0,5.0
2017-11-15T21:19:15,7.364,134.639,10.0,5.0
2017-11-15T21:42:56,-21.436,168.67,13.0,5.0
2017-11-16T03:27:38,-21.534,168.683,10.0,5.1
2017-11-16T03:28:59,-21.607,168.506,8.4,5.4
2017-11-16T03:35:18,-21.664,168.456,10.0,5.0
2017-11-16T07:02:38,-21.542,168.51,10.0,5.9
2017-11-16T07:03:57,-21.488,168.662,10.0,5.4
2017-11-16T07:37:20,-21.531,168.661,10.0,5.3
2017-11-16T09:43:33,32.22,140.55,59.0,5.8
2017-11-16T09:54:25,-21.691,168.613,10.0,5.0
2017-11-16T14:50:05,-10.128,160.999,22.0,5.3
2017-11-16T14:52:36,-21.736,168.418,10.0,5.2
2017-11-16T15:51:44,-58.543,-62.969,10.0,5.3
2017-11-16T20:18:24,4.875,-82.515,10.0,5.2
2017-11-17T01:02:47,37.227,141.416,40.1,5.0
2017-11-17T05:14:33,-2.494,128.934,10.0,5.0
2017-11-17T05:25:54,-30.389,-177.923,10.0,5.3
2017-11-17T13:40:41,-2.443,-79.82,78.0,5.4
2017-11-17T16:45:46,-19.82,-69.153,96.6,5.0
2017-11-17T22:34:19,29.833,94.984,8.0,6.4
2017-11-18T00:32:01,29.931,94.884,10.0,5.1
2017-11-18T04:23:46,-2.966,-79.707,35.0,5.5
2017-11-18T13:02:25,12.539,143.677,35.0,5.0
2017-11-18T16:07:00,2.465,128.148,8.0,5.8
2017-11-18T17:07:21,15.007,-94.143,28.2,5.2
2017-11-18T18:36:41,2.397,128.149,14.9,5.4
2017-11-18T19:13:05,2.321,128.132,21.7,5.0
2017-11-19T09:25:48,-21.638,168.673,14.0,6.3
2017-11-19T09:56:02,-21.684,168.633,10.0,5.4
2017-11-19T11:27:45,-21.673,168.632,10.0,5.3
2017-11-19T11:36:14,-21.748,168.55,10.0,5.0
2017-11-19T13:12:30,2.338,128.194,10.0,5.0
2017-11-19T15:09:02,-21.503,168.598,13.0,6.6
2017-11-19T15:16:26,-21.58,168.711,6.9,5.0
2017-11-19T15:17:01,-21.439,168.6,10.0,5.1
2017-11-19T15:19:50,-21.531,168.575,6.0,5.0
2017-11-19T16:07:08,-21.411,168.614,10.0,5.3
2017-11-19T16:08:05,-21.203,168.584,5.9,5.9
2017-11-19T16:09:32,-21.838,168.77,10.0,5.1
2017-11-19T17:34:29,-2.978,129.556,22.2,5.2
2017-11-19T19:34:23,-21.642,168.683,10.0,5.3
2017-11-19T22:00:58,-21.76,168.706,10.0,5.0
2017-11-19T22:43:29,-21.325,168.672,10.0,7.0
2017-11-19T22:51:33,-21.385,168.633,16.4,5.0
2017-11-19T22:58:58,-21.44,168.585,10.0,5.2
2017-11-19T23:24:45,-21.524,168.681,10.0,5.0
2017-11-20T00:09:23,-21.485,168.809,10.0,6.0
2017-11-20T02:20:55,-21.284,168.635,10.0,5.1
2017-11-20T05:20:22,-36.723,-110.547,10.0,5.3
2017-11-20T15:23:42,32.853,46.389,35.0,5.1
2017-11-20T18:51:07,-14.724,-175.048,9.0,6.0
2017-11-20T23:41:56,1.373,96.981,17.4,5.1
2017-11-21T01:04:36,-51.976,139.698,10.0,5.5
2017-11-21T04:13:11,14.396,-93.915,16.5,5.3
2017-11-21T14:56:16,9.427,-40.533,10.0,5.1
2017-11-21T16:00:49,-21.362,168.657,10.0,5.2
2017-11-21T18:23:38,-21.27,168.711,10.0,5.2
2017-11-22T01:11:21,0.416,124.439,88.6,5.3
2017-11-22T07:42:58,-36.576,177.51,15.9,5.5
2017-11-22T14:20:10,23.537,120.736,16.5,5.1
2017-11-22T20:22:53,37.051,28.643,10.0,5.1
2017-11-23T09:43:34,29.349,108.058,10.0,5.1
2017-11-23T15:45:10,-21.146,168.374,10.1,5.0
2017-11-23T18:02:35,27.138,130.358,11.0,5.5
2017-11-24T21:49:15,37.084,28.622,5.2,5.2
2017-11-25T09:14:51,-1.212,119.967,18.9,5.0
2017-11-25T17:30:01,-20.629,172.548,10.4,5.8
2017-11-27T07:11:11,-4.575,153.227,54.0,6.0
2017-11-27T15:15:13,-15.474,-178.099,394.5,5.1
2017-11-27T22:18:30,60.555,-147.43,16.6,5.3
2017-11-27T22:46:20,-15.487,-178.048,404.2,5.0
2017-11-28T02:04:26,-2.062,-79.974,70.0,5.0
2017-11-28T13:15:45,72.599,3.275,10.0,5.5
2017-11-28T17:38:00,18.503,145.654,189.3,5.2
2017-11-29T03:36:14,-25.643,-13.864,10.0,5.5
2017-11-29T06:29:06,-14.41,-76.159,16.9,5.7
2017-11-29T22:32:22,45.202,146.301,9.6,5.5
2017-11-29T23:53:50,-6.736,129.782,157.0,5.5
2017-11-30T01:16:08,7.403,126.699,58.1,5.1
2017-11-30T05:50:20,-4.387,143.803,116.0,5.5
2017-11-30T06:32:50,-1.08,-23.432,10.0,6.5
2017-11-30T11:47:46,-20.629,-173.734,10.0,5.0
2017-11-30T17:57:59,-20.86,-173.738,10.0,5.0
2017-11-30T21:48:35,-2.619,28.708,10.0,5.0
2017-12-01T00:06:13,-6.298,130.119,139.6,5.0
2017-12-01T02:32:46,30.746,57.307,9.0,6.1
2017-12-01T02:43:27,30.697,57.44,10.0,5.1
2017-12-01T02:49:58,-6.135,147.656,34.0,6.0
2017-12-01T03:35:01,30.715,57.385,10.0,5.4
2017-12-01T04:31:38,-21.477,168.62,10.0,5.1
2017-12-01T05:20:28,-48.779,106.825,10.0,5.5
2017-12-02T10:47:04,30.725,57.361,10.0,5.2
2017-12-02T17:49:04,-27.997,-177.361,46.7,5.1
2017-12-03T11:19:05,-0.47,-80.31,17.0,6.1
2017-12-03T15:26:48,-31.045,-178.734,98.3,5.0
2017-12-03T16:50:28,9.866,-40.642,10.0,5.3
2017-12-04T00:08:09,-32.747,-178.771,38.0,5.8
2017-12-04T01:35:01,-13.928,170.398,10.0,5.5
2017-12-04T11:52:25,-9.693,123.096,61.0,5.0
2017-12-05T12:14:25,2.222,126.763,35.0,5.3
2017-12-05T15:13:49,36.397,137.933,2.9,5.1
2017-12-05T20:46:30,-3.111,102.165,45.5,5.1
2017-12-05T23:45:57,-10.794,161.548,19.0,5.1
2017-12-06T02:48:21,11.172,125.715,36.7,5.0
2017-12-06T15:19:49,30.634,79.16,10.0,5.1
2017-12-06T16:06:56,-0.63,123.668,28.0,5.5
2017-12-06T23:29:03,35.724,77.562,74.3,5.2
2017-12-06T23:41:58,27.45,65.713,12.5,5.3
2017-12-07T15:16:35,-5.028,102.949,53.4,5.3
2017-12-07T23:01:56,-16.624,176.102,10.0,5.1
2017-12-07T23:10:00,-15.277,-173.466,10.0,5.3
2017-12-07T23:16:39,47.338,153.142,68.5,5.0
2017-12-08T00:22:54,10.116,140.22,12.8,6.4
2017-12-08T00:30:11,10.328,139.924,10.0,5.0
2017-12-08T02:09:57,-30.555,-178.492,12.0,5.9
2017-12-08T02:51:18,27.762,86.147,10.0,5.0
2017-12-08T05:37:54,9.984,140.126,10.0,5.3
2017-12-08T09:51:08,10.012,140.187,8.0,6.3
2017-12-08T23:42:13,-16.115,-173.917,155.0,5.7
2017-12-09T15:14:24,10.093,140.202,10.0,6.1
2017-12-10T05:57:58,-48.161,104.38,10.0,5.3
2017-12-10T05:58:23,-57.03,-141.847,10.0,5.3
2017-12-10T17:30:11,-21.398,168.509,10.0,5.4
2017-12-11T10:50:00,-20.833,-173.721,7.0,5.7
2017-12-11T14:09:57,35.079,45.761,17.6,5.4
2017-12-11T17:29:10,-14.334,167.443,186.0,5.6
2017-12-11T19:00:56,-19.708,-71.059,12.0,5.5
2017-12-12T02:23:10,-7.127,107.092,100.8,5.0
2017-12-12T08:43:18,30.737,57.28,12.0,6.0
2017-12-12T21:41:31,30.828,57.298,8.0,6.0
2017-12-12T21:49:41,30.868,57.245,10.0,5.0
2017-12-13T18:03:43,-54.219,2.163,17.0,6.5
2017-12-14T18:54:27,35.149,101.883,8.6,5.0
2017-12-14T20:36:38,-21.22,169.529,23.0,5.5
2017-12-15T09:07:43,14.721,-91.522,101.1,5.1
2017-12-15T12:12:07,-21.868,-174.402,10.0,5.3
2017-12-15T12:52:37,-21.844,-174.589,10.0,5.0
2017-12-15T14:14:09,-18.03,-70.162,94.4,5.0
2017-12-15T16:47:58,-7.492,108.174,90.0,6.5
2017-12-15T17:58:41,39.699,141.936,30.1,5.2
2017-12-15T21:53:19,-56.359,-26.739,51.1,5.1
2017-12-15T22:01:30,-27.22,65.973,10.0,5.1
2017-12-16T00:22:30,-7.884,106.82,44.0,5.2
2017-12-16T05:05:58,-59.62,-150.632,10.0,5.0
2017-12-16T11:22:24,-17.336,-177.537,391.9,5.5
2017-12-16T14:37:59,0.933,-27.722,10.0,5.4
2017-12-16T22:40:50,-59.624,-151.123,10.0,5.5
2017-12-17T14:25:18,10.065,140.35,10.0,5.1
2017-12-17T14:32:15,10.387,125.961,55.2,5.1
2017-12-17T23:41:16,10.044,140.144,10.0,5.4
2017-12-18T23:28:29,30.701,132.044,15.4,5.2
2017-12-19T05:35:30,-21.86,-114.319,10.0,5.5
2017-12-19T17:40:55,29.964,95.086,27.7,5.1
2017-12-19T18:58:38,-42.608,-83.335,10.0,5.0
2017-12-19T22:52:52,-20.496,-173.935,10.0,5.3
2017-12-20T13:40:54,30.615,132.078,10.0,5.5
2017-12-20T14:45:00,30.745,131.93,14.8,5.0
2017-12-20T15:39:53,30.667,131.893,10.0,5.0
2017-12-21T00:40:12,29.229,142.506,10.0,5.0
2017-12-21T01:56:53,29.293,142.538,7.8,5.2
2017-12-21T03:00:18,29.29,142.648,10.0,5.8
2017-12-21T03:23:35,16.139,-98.3,14.2,5.1
2017-12-21T03:40:55,30.676,132.008,21.3,5.1
2017-12-21T15:08:46,-16.307,-172.892,10.0,5.1
2017-12-21T16:27:22,-15.138,168.088,10.0,5.1
2017-12-21T17:04:46,31.384,56.259,10.0,5.2
2017-12-22T08:00:13,65.481,-134.083,3.5,5.0
2017-12-22T14:44:18,53.859,160.604,47.3,5.5
2017-12-22T23:10:56,29.319,142.57,10.6,5.0
2017-12-23T14:51:16,-2.761,139.459,107.5,5.0
2017-12-23T15:30:02,-13.241,167.1,188.4,5.0
2017-12-24T17:33:40,-15.364,-172.932,38.1,5.5
2017-12-25T12:02:29,-27.885,74.005,10.0,5.5
2017-12-25T12:47:39,4.001,126.521,34.0,5.1
2017-12-25T17:56:06,-7.325,161.485,21.7,5.2
2017-12-27T12:33:47,-23.654,-176.903,101.9,5.2
2017-12-27T18:01:15,30.806,57.25,10.0,5.0
2017-12-27T20:59:13,-16.403,168.19,188.3,5.0
2017-12-27T23:58:03,12.042,144.365,18.6,5.4
2017-12-28T03:54:52,-24.887,-70.206,47.8,5.4
2017-12-28T08:22:40,-11.42,165.863,10.0,5.1
2017-12-28T17:20:19,4.08,126.792,23.8,5.7
2017-12-28T20:23:34,22.056,94.404,85.4,5.0
2017-12-28T21:40:54,-56.557,-142.174,10.0,5.5
2017-12-29T09:42:40,13.844,-92.053,22.1,5.3
2017-12-29T11:29:37,8.436,92.415,17.1,5.1
2017-12-29T21:16:05,-53.072,-117.964,10.0,5.0
2017-12-29T21:20:53,-53.092,-117.41,10.0,5.7
2017-12-29T23:00:57,-52.854,-118.495,10.0,5.0
2017-12-29T23:55:55,-5.429,150.844,95.1,5.7
2017-12-30T08:20:51,-19.343,-69.428,103.3,5.2
2017-12-31T03:48:57,29.676,129.304,162.8,5.0
2017-12-31T14:51:58,-11.863,165.497,9.6,5.1
2017-12-31T14:53:31,5.495,124.901,30.8,5.1
2017-12-31T20:27:49,-8.116,68.064,10.0,5.1
2017-12-31T20:59:02,-53.027,-118.347,10.0,5.1
2018-01-02T02:16:18,-38.913,46.422,10.0,5.2
2018-01-02T08:10:00,-18.836,169.349,242.8,5.2
2018-01-02T14:57:19,-24.824,178.45,579.5,5.9
2018-01-03T12:21:29,11.99,144.108,10.0,5.1
2018-01-03T13:38:40,13.198,-89.28,73.5,5.2
2018-01-03T21:30:21,29.637,140.52,9.5,5.5
2018-01-03T21:32:49,29.611,140.517,10.0,5.1
2018-01-04T02:44:57,53.285,159.903,58.4,5.0
2018-01-04T10:46:11,42.66,19.862,10.0,5.1
2018-01-06T15:22:09,34.585,45.77,10.0,5.0
2018-01-06T15:39:43,0.883,125.36,75.7,5.0
2018-01-06T18:35:09,4.185,126.688,28.6,5.1
2018-01-07T00:42:21,18.856,147.071,10.0,5.1
2018-01-07T02:24:06,55.029,165.696,38.4,5.1
2018-01-07T06:47:15,24.738,94.906,33.0,5.6
2018-01-07T08:55:29,12.713,-88.145,52.2,5.3
2018-01-08T14:09:47,2.681,126.727,35.7,5.0
2018-01-09T00:05:54,1.676,-90.822,10.0,5.8
2018-01-09T22:20:51,35.415,141.195,34.5,5.0
2018-01-09T22:30:19,35.337,141.199,18.9,5.4
2018-01-10T01:03:50,-30.519,-177.893,66.8,5.2
2018-01-10T01:46:02,21.637,143.058,303.0,5.0
2018-01-10T02:51:33,17.482,-83.52,19.0,7.5
2018-01-10T05:12:11,-21.768,169.114,10.0,5.1
2018-01-10T11:20:11,-34.961,-111.198,10.0,5.0
2018-01-11T00:43:40,23.716,126.735,10.0,5.1
2018-01-11T03:18:30,30.727,57.336,10.0,5.0
2018-01-11T06:59:30,33.713,45.724,10.0,5.5
2018-01-11T07:00:52,33.858,45.794,10.0,5.3
2018-01-11T07:14:15,33.802,45.73,10.0,5.3
2018-01-11T07:21:43,33.216,46.42,10.0,5.2
2018-01-11T07:55:00,33.711,45.79,10.0,5.1
2018-01-11T08:00:39,33.72,45.703,10.0,5.3
2018-01-11T09:46:07,59.141,-31.001,10.0,5.4
2018-01-11T17:03:18,10.658,-84.92,10.0,5.0
2018-01-11T17:53:34,-23.951,179.96,519.6,5.5
2018-01-11T18:26:24,18.372,96.072,9.0,6.0
2018-01-11T18:28:38,18.423,95.956,10.0,5.2
2018-01-11T18:42:59,18.45,96.169,10.0,5.2
2018-01-13T11:24:34,-11.158,163.032,11.0,5.8
2018-01-14T09:18:45,-15.768,-74.709,39.0,7.1
2018-01-14T09:19:29,36.452,70.731,199.5,5.3
2018-01-14T15:49:27,13.464,120.51,54.7,5.1
2018-01-14T21:54:36,-4.77,144.869,55.9,5.5
2018-01-15T02:28:34,-15.218,167.513,118.4,5.4
2018-01-15T06:31:50,0.439,123.669,237.7,5.3
2018-01-15T08:18:23,-15.706,-178.974,10.0,5.2
2018-01-16T13:02:08,-4.667,144.06,85.2,5.4
2018-01-16T15:03:53,10.928,-86.347,22.0,5.8
2018-01-16T19:57:18,-19.45,-179.296,666.8,5.9
2018-01-17T01:25:18,34.99,86.96,10.0,5.1
2018-01-17T11:28:53,-56.245,-143.989,10.0,5.4
2018-01-17T13:56:10,-17.678,167.861,10.0,5.2
2018-01-17T22:56:59,-30.025,-177.743,41.5,5.8
2018-01-18T01:51:01,27.461,141.826,50.7,5.0
2018-01-18T04:18:20,-15.048,-172.748,10.0,5.1
2018-01-18T12:08:53,52.517,153.012,466.2,5.8
2018-01-18T14:58:42,14.574,-93.177,24.3,5.0
2018-01-18T17:48:40,-6.396,132.813,33.0,5.6
2018-01-19T01:11:39,-13.229,-74.578,80.8,5.3
2018-01-19T16:17:44,26.686,-111.078,10.0,6.3
2018-01-19T22:17:55,33.716,45.714,10.0,5.0
2018-01-20T05:51:32,44.592,149.2,45.2,5.0
2018-01-20T11:31:14,-28.922,-71.91,35.0,5.2
2018-01-20T11:47:50,-22.11,-179.459,579.7,5.0
2018-01-20T13:50:47,43.642,87.425,10.0,5.0
2018-01-20T19:56:02,17.085,120.05,21.7,5.0
2018-01-21T01:06:42,-18.881,-69.444,116.0,6.3
2018-01-21T06:40:56,-15.743,-74.747,31.1,5.0
2018-01-21T19:06:02,11.293,-87.06,23.4,5.0
2018-01-22T00:53:26,-10.547,-74.918,113.8,5.0
2018-01-22T19:39:58,5.634,-32.879,10.0,5.0
2018-01-22T23:14:59,-52.915,25.738,10.0,5.0
2018-01-23T05:59:56,-5.904,154.726,139.4,5.2
2018-01-23T06:34:54,-7.092,105.963,48.2,5.9
2018-01-23T09:31:40,56.004,-149.166,14.1,7.9
2018-01-23T09:47:52,56.154,-149.231,20.5,5.0
2018-01-23T10:16:02,56.26,-148.786,13.3,5.0
2018-01-23T11:37:44,56.1,-149.753,16.9,5.0
2018-01-23T11:47:01,56.481,-149.148,32.6,5.5
2018-01-23T17:38:30,-3.291,130.547,16.5,5.0
2018-01-23T21:52:30,-62.487,165.433,10.0,5.4
2018-01-23T23:09:09,-5.777,-12.543,10.0,5.6
2018-01-23T23:21:22,56.6,-148.136,10.0,5.3
2018-01-24T00:04:48,56.546,-148.535,10.0,5.5
2018-01-24T07:46:05,-20.334,-69.0,105.4,5.3
2018-01-24T10:51:19,41.103,142.432,31.0,6.3
2018-01-24T21:58:54,56.034,-149.917,11.3,5.0
2018-01-25T01:15:58,8.253,91.766,10.0,5.8
2018-01-25T02:10:34,55.542,166.45,11.2,6.2
2018-01-25T03:48:28,8.343,91.859,10.0,5.3
2018-01-25T10:25:41,-8.053,-13.629,10.0,5.0
2018-01-25T10:41:14,-17.787,-179.611,639.6,5.8
2018-01-25T16:39:43,40.456,-126.333,8.9,5.8
2018-01-25T17:24:34,40.418,-126.38,10.9,5.1
2018-01-25T23:55:14,55.727,-149.724,10.0,5.0
2018-01-26T01:09:29,56.031,-149.265,34.4,5.3
2018-01-26T07:28:34,16.164,-47.166,10.0,5.1
2018-01-26T10:43:47,-1.096,126.879,26.5,5.4
2018-01-26T13:27:06,-37.447,-73.981,10.0,5.0
2018-01-26T13:29:04,0.808,-27.161,10.0,5.2
2018-01-26T16:42:04,55.983,-150.146,9.5,5.0
2018-01-26T22:47:57,-3.514,145.848,10.0,6.3
2018-01-26T22:52:10,-3.829,146.331,22.5,5.1
2018-01-27T02:23:57,-3.285,145.98,10.0,5.3
2018-01-27T21:45:12,7.283,-79.676,9.8,5.7
2018-01-28T00:08:53,55.454,166.435,10.0,5.3
2018-01-28T00:11:29,52.194,-168.58,19.3,5.1
2018-01-28T02:18:14,8.911,126.556,42.1,5.0
2018-01-28T07:29:26,-3.75,148.71,10.0,5.5
2018-01-28T10:11:26,-28.251,-68.902,79.3,5.1
2018-01-28T16:03:03,-53.062,9.684,10.0,6.6
2018-01-28T18:09:44,-53.048,9.796,10.0,5.0
2018-01-28T21:56:32,-18.05,-172.427,10.0,5.0
2018-01-28T22:23:35,-52.99,10.247,10.0,5.2
2018-01-28T22:46:16,43.552,-127.468,10.0,5.5
2018-01-28T23:53:14,-31.273,-68.668,86.9,5.4
2018-01-29T05:49:47,7.268,-79.572,10.0,5.0
2018-01-29T16:25:53,-2.814,139.457,93.5,5.0
2018-01-30T14:23:52,-15.85,-74.61,34.0,5.5
2018-01-30T19:24:20,64.669,-17.292,10.0,5.0
2018-01-31T02:00:31,-7.836,118.805,14.8,5.1
2018-01-31T03:13:10,-6.932,155.872,42.2,5.4
2018-01-31T07:07:00,36.526,70.851,193.7,6.2
2018-01-31T11:49:38,-6.905,147.214,67.8,5.6
2018-01-31T15:26:50,4.955,-164.28,10.0,5.1
2018-01-31T16:37:05,7.24,-79.643,7.0,5.6
2018-01-31T16:41:52,7.438,-79.688,10.0,5.2
2018-01-31T19:15:51,-10.795,164.328,8.0,5.5
2018-01-31T20:01:45,56.458,-149.066,10.0,5.1
2018-01-31T23:13:21,-1.744,-77.672,20.5,5.2
2018-02-01T04:18:30,-56.897,-140.844,10.0,5.6
2018-02-01T10:59:58,-16.383,-177.29,10.0,5.4
2018-02-01T11:05:50,-16.519,-177.461,10.0,6.0
2018-02-01T23:13:54,-31.562,-70.04,100.7,5.2
2018-02-02T00:20:42,-0.247,125.182,38.0,5.5
2018-02-02T06:23:56,53.109,-35.181,10.0,5.3
2018-02-02T10:22:06,-18.604,-173.717,10.0,5.0
2018-02-02T11:37:53,-65.772,-175.57,10.0,5.8
2018-02-02T12:55:05,-65.885,-175.572,10.0,5.6
2018-02-02T21:16:06,-8.276,158.732,98.9,5.0
2018-02-02T23:30:02,-41.722,85.093,10.0,5.1
2018-02-03T13:06:03,-56.323,-25.64,10.0,5.2
2018-02-03T13:37:00,-7.562,127.752,153.7,5.1
2018-02-04T09:06:50,-29.552,-13.638,10.0,5.0
2018-02-04T13:12:51,24.179,121.732,10.2,5.0
2018-02-04T13:23:08,83.042,-6.766,10.0,5.2
2018-02-04T13:24:32,82.986,-6.456,10.0,5.5
2018-02-04T13:56:41,24.157,121.708,12.0,6.1
2018-02-04T14:13:12,24.126,121.764,9.1,5.5
2018-02-04T19:55:04,-9.136,122.465,138.5,5.1
2018-02-05T09:25:19,-35.424,178.866,10.0,5.1
2018-02-05T09:29:48,53.667,-35.372,10.0,5.0
2018-02-05T20:56:23,26.983,140.2,477.8,5.4
2018-02-06T15:50:43,24.134,121.659,17.0,6.4
2018-02-06T16:17:57,23.922,121.657,10.0,5.1
2018-02-06T18:00:12,24.107,121.779,4.9,5.2
2018-02-06T18:07:38,24.046,121.774,9.3,5.2
2018-02-06T18:37:58,-18.96,169.474,243.3,5.6
2018-02-06T19:15:29,23.992,121.756,14.0,5.4
2018-02-06T21:54:00,38.154,72.478,111.5,5.0
2018-02-07T12:03:26,-20.594,-178.216,559.6,5.3
2018-02-07T12:36:18,-29.247,-72.604,10.0,5.1
2018-02-07T15:21:31,24.074,121.739,15.0,5.7
2018-02-08T02:29:16,79.764,2.941,10.0,5.7
2018-02-08T09:52:47,4.747,96.194,10.0,5.2
2018-02-08T11:04:01,52.592,-179.384,211.4,5.7
2018-02-08T18:33:29,-6.026,153.991,12.7,5.0
2018-02-08T21:19:24,-37.439,-73.979,4.3,5.6
2018-02-09T11:43:56,-17.871,-178.66,556.9,6.0
2018-02-09T14:05:48,18.931,-104.652,13.0,5.8
2018-02-09T17:43:37,18.632,-61.976,43.4,5.2
2018-02-09T19:55:13,51.566,177.343,29.3,5.1
2018-02-09T22:53:12,-15.372,-173.036,10.0,5.1
2018-02-09T23:59:24,-21.4,-179.282,604.2,5.6
2018-02-10T11:04:13,15.106,-92.347,95.0,5.0
2018-02-10T22:50:48,-3.818,151.925,268.0,5.8
2018-02-11T00:10:32,-52.974,10.334,10.0,5.0
2018-02-11T04:11:09,-16.659,-74.163,10.0,5.4
2018-02-11T10:29:23,8.172,-83.002,12.0,5.3
2018-02-11T16:38:14,-20.919,-179.14,631.2,5.5
2018-02-11T21:06:18,-31.36,-175.879,14.4,5.1
2018-02-11T21:06:35,-30.997,-178.1,35.0,5.1
2018-02-11T23:14:15,13.82,146.438,10.0,6.0
2018-02-12T00:52:33,6.089,133.663,10.0,5.0
2018-02-13T01:11:43,13.84,146.34,11.0,5.7
2018-02-13T02:03:03,13.803,146.335,10.0,5.6
2018-02-13T02:31:08,13.742,146.378,10.0,5.3
2018-02-13T02:32:27,14.056,146.297,10.0,5.2
2018-02-13T02:39:51,12.351,93.158,57.5,5.2
2018-02-14T00:05:30,-5.988,133.812,10.0,5.2
2018-02-14T08:35:32,15.539,-95.695,16.1,5.0
2018-02-14T14:57:33,-16.293,178.013,10.0,5.0
2018-02-14T21:28:58,-1.276,120.615,38.9,5.0
2018-02-15T08:08:55,-3.09,148.326,10.0,5.3
2018-02-15T08:27:22,-0.068,-17.841,10.0,5.6
2018-02-15T08:30:49,-36.056,-17.688,10.0,5.0
2018-02-15T09:31:17,-22.41,-176.09,18.2,5.0
2018-02-15T11:40:05,-5.259,151.414,120.4,5.3
2018-02-16T00:00:15,51.69,-176.778,50.8,5.2
2018-02-16T08:40:17,-4.091,129.451,10.0,5.0
2018-02-16T10:03:04,85.384,89.449,10.0,5.0
2018-02-16T11:01:27,12.741,-88.089,59.7,5.0
2018-02-16T23:39:39,16.386,-97.979,22.0,7.2
2018-02-17T00:36:52,16.156,-97.866,3.5,5.8
2018-02-17T01:55:41,-7.555,128.092,123.8,5.0
2018-02-17T03:54:46,16.403,-97.486,34.4,5.0
2018-02-17T05:18:29,-53.378,25.589,10.0,5.0
2018-02-17T15:13:53,-6.338,154.419,15.0,5.0
2018-02-17T21:30:43,16.506,-97.88,19.2,5.2
2018-02-18T02:54:54,-58.576,-25.921,62.3,5.3
2018-02-18T04:47:21,-4.897,130.469,114.6,5.0
2018-02-18T14:55:33,7.581,-78.828,10.0,5.1
2018-02-18T18:31:36,32.802,132.137,42.0,5.0
2018-02-19T06:56:58,16.286,-97.731,22.0,5.9
2018-02-19T10:38:36,-4.772,132.469,39.1,5.0
2018-02-19T14:47:01,24.578,121.625,55.7,5.0
2018-02-20T00:53:04,-0.346,-19.866,10.0,5.3
2018-02-20T07:59:45,-5.007,151.891,93.6,5.0
2018-02-20T15:02:07,-56.261,-27.528,104.7,5.2
2018-02-20T17:04:58,-20.723,-173.804,10.0,5.0
2018-02-21T10:27:55,-52.922,9.927,10.0,5.2
2018-02-21T23:10:40,23.434,121.588,22.2,5.0
2018-02-21T23:44:56,37.854,20.363,20.1,5.0
2018-02-22T05:48:58,23.769,-44.948,10.0,5.3
2018-02-22T07:19:27,-3.262,130.777,10.0,5.4
2018-02-22T07:21:40,-3.177,130.824,10.0,5.3
2018-02-22T16:58:27,-20.54,-173.524,10.0,5.0
2018-02-23T21:53:04,-54.23,-121.021,10.0,5.0
2018-02-24T08:35:42,34.577,141.74,8.0,5.0
2018-02-24T10:02:34,2.067,98.859,17.0,5.0
2018-02-24T11:02:22,19.767,120.352,10.0,5.2
2018-02-25T16:28:39,37.597,141.733,30.6,5.6
2018-02-25T17:44:44,-6.07,142.754,25.2,7.5
2018-02-25T18:11:30,-5.834,142.263,10.0,5.7
2018-02-25T18:15:22,-6.734,143.381,10.0,5.0
2018-02-25T18:16:14,-6.411,143.14,10.0,5.4
2018-02-25T18:26:09,-6.433,143.471,10.0,5.1
2018-02-25T18:27:18,-6.334,143.202,10.0,5.4
2018-02-25T18:28:39,24.441,122.04,10.0,5.1
2018-02-25T18:32:16,-6.538,143.863,10.0,5.0
2018-02-25T18:41:49,-6.458,143.995,10.0,5.1
2018-02-25T19:40:48,-6.428,143.489,10.0,5.3
2018-02-25T20:17:25,-6.095,142.796,10.0,5.1
2018-02-25T20:57:01,-5.874,142.581,10.0,5.0
2018-02-25T21:11:39,-5.703,142.338,10.0,5.1
2018-02-25T21:47:46,-5.943,142.613,19.0,5.2
2018-02-25T22:19:07,-6.234,143.183,10.0,5.1
2018-02-25T22:28:10,-6.154,142.664,18.6,5.3
2018-02-25T22:57:42,-6.32,143.105,10.0,5.1
2018-02-25T23:07:24,-6.134,143.099,10.0,5.0
2018-02-26T02:25:31,-6.319,142.936,10.0,5.1
2018-02-26T03:10:55,-6.296,142.972,10.0,5.1
2018-02-26T03:12:54,-6.056,143.042,10.0,5.2
2018-02-26T04:41:00,-5.459,151.809,20.2,5.6
2018-02-26T05:28:01,-6.239,142.785,10.0,5.1
2018-02-26T07:01:45,-6.124,142.636,10.0,5.1
2018-02-26T08:26:57,-6.399,143.258,9.0,5.9
2018-02-26T09:19:37,-6.234,142.849,10.0,5.1
2018-02-26T11:56:09,-6.497,143.55,22.0,5.8
2018-02-26T12:29:26,-6.301,143.222,10.0,5.1
2018-02-26T12:34:53,-6.286,143.438,24.8,5.1
2018-02-26T13:34:53,-2.777,126.686,9.0,6.1
2018-02-26T15:18:00,-6.505,143.255,19.0,6.3
2018-02-26T17:41:15,-5.783,142.556,10.0,5.2
2018-02-26T18:28:03,-6.025,142.709,20.0,5.4
2018-02-26T19:21:50,-6.489,143.395,13.1,5.1
2018-02-26T21:52:37,-6.348,142.885,11.1,5.0
2018-02-27T00:08:13,-6.358,143.403,10.0,5.2
2018-02-27T00:55:22,-6.042,142.63,10.0,5.0
2018-02-27T05:17:58,-18.868,169.29,203.0,5.5
2018-02-27T05:35:36,-5.697,142.312,10.0,5.1
2018-02-27T06:19:12,-6.403,143.033,12.0,5.7
2018-02-27T07:19:23,-6.333,142.786,10.0,5.2
2018-02-27T09:20:41,-2.763,126.816,10.0,5.0
2018-02-27T13:58:25,-6.377,143.196,3.7,5.2
2018-02-27T14:11:17,-6.375,142.978,9.8,5.0
2018-02-27T14:12:03,-6.368,143.528,10.0,5.1
2018-02-27T16:19:53,-6.087,142.854,10.0,5.2
2018-02-27T17:29:22,-60.249,150.779,10.0,6.1
2018-02-27T20:11:04,-6.197,142.831,10.0,5.1
2018-02-27T23:59:52,-6.28,142.991,10.0,5.0
2018-02-28T02:45:45,-6.17,142.468,16.0,6.1
2018-02-28T03:30:36,-6.171,142.46,10.0,5.1
2018-02-28T05:22:12,-6.127,142.511,10.0,5.1
2018-02-28T16:21:55,-22.418,171.049,13.1,5.0
2018-03-01T01:35:49,1.005,98.746,71.1,5.2
2018-03-01T03:17:06,0.998,98.738,66.8,5.3
2018-03-01T04:14:42,-38.939,78.108,10.0,5.0
2018-03-01T13:42:25,24.265,123.767,10.2,5.2
2018-03-02T00:57:11,-6.22,142.731,10.0,5.1
2018-03-02T02:20:12,-6.135,130.278,135.0,5.9
2018-03-02T03:01:19,-6.028,142.507,7.0,5.3
2018-03-02T03:14:34,-6.135,142.615,10.0,5.1
2018-03-02T03:42:27,24.29,122.934,46.3,5.0
2018-03-02T04:42:15,-22.051,-63.752,525.3,5.4
2018-03-02T07:59:02,-6.053,142.537,10.0,5.1
2018-03-02T18:06:46,-44.32,-76.155,10.0,5.1
2018-03-02T19:12:32,-50.382,120.131,10.0,5.0
2018-03-02T21:03:42,-0.172,96.785,10.0,5.1
2018-03-02T21:30:55,-6.175,142.801,10.0,5.2
2018-03-02T21:44:53,51.786,178.707,96.5,5.0
2018-03-03T00:42:30,-21.278,168.501,10.0,5.1
2018-03-03T11:14:00,-35.602,-104.678,10.0,5.1
2018-03-04T00:30:16,-14.54,-179.372,10.0,5.0
2018-03-04T03:10:39,-0.657,123.138,49.2,5.3
2018-03-04T11:44:24,-6.314,143.068,10.0,5.1
2018-03-04T12:40:00,-6.227,142.687,10.0,5.3
2018-03-04T14:33:21,-6.074,142.721,6.0,5.7
2018-03-04T16:16:31,-20.424,-68.564,120.6,5.1
2018-03-04T19:52:52,45.067,147.771,104.0,5.4
2018-03-04T19:56:17,-6.331,142.599,10.0,6.0
2018-03-05T11:14:27,-55.283,-128.841,10.0,5.3
2018-03-05T11:22:23,-15.569,-173.02,10.0,5.0
2018-03-05T15:42:43,52.585,160.45,22.3,5.2
2018-03-06T02:52:30,-6.225,142.964,10.0,5.0
2018-03-06T03:26:48,-6.231,142.413,10.0,5.5
2018-03-06T04:40:05,6.948,94.176,71.6,5.1
2018-03-06T07:34:51,-55.319,-29.374,10.0,5.3
2018-03-06T11:23:36,-55.969,-28.259,127.3,5.2
2018-03-06T12:01:24,-6.44,142.696,10.0,5.1
2018-03-06T14:13:07,-6.304,142.612,20.5,6.7
2018-03-06T14:25:30,-6.138,142.916,10.0,5.2
2018-03-06T14:40:01,-6.942,142.746,10.0,5.1
2018-03-06T14:41:48,-6.252,142.571,10.0,5.0
2018-03-06T14:50:54,-6.311,142.777,10.0,5.2
2018-03-06T15:35:30,-6.266,142.644,10.0,5.2
2018-03-06T17:32:43,-6.525,143.079,10.0,5.0
2018-03-06T18:46:18,-6.504,142.745,10.0,5.0
2018-03-06T19:18:53,-6.258,142.825,10.0,5.1
2018-03-07T04:40:12,45.766,152.382,32.0,5.8
2018-03-07T10:39:28,17.987,145.52,215.5,5.1
2018-03-07T13:49:16,-5.446,151.391,50.0,5.6
2018-03-07T14:23:56,-41.136,-90.931,10.0,5.0
2018-03-07T14:46:13,28.026,57.606,35.5,5.2
2018-03-07T18:11:07,-6.411,142.772,10.0,5.0
2018-03-08T03:33:24,-6.268,142.947,10.0,5.3
2018-03-08T03:33:56,-3.35,130.914,10.0,5.4
2018-03-08T03:51:07,-3.343,130.934,10.0,5.6
2018-03-08T04:59:44,-6.252,142.394,10.0,5.0
2018-03-08T05:58:38,29.337,142.227,10.0,5.2
2018-03-08T08:49:46,-16.76,35.427,17.0,5.5
2018-03-08T13:06:13,6.085,116.585,10.0,5.2
2018-03-08T14:15:18,-43.985,-81.8,10.0,5.3
2018-03-08T16:51:42,-48.302,-87.196,10.0,5.0
2018-03-08T17:39:51,-4.376,153.2,22.9,6.8
2018-03-09T00:37:15,55.631,-149.221,17.0,5.0
2018-03-09T11:06:08,-4.281,153.388,30.0,5.8
2018-03-09T16:23:23,-21.001,-178.606,540.3,5.7
2018-03-09T18:02:28,-30.652,-178.142,10.0,5.4
2018-03-09T18:58:48,-18.614,-174.467,81.4,5.2
2018-03-09T19:03:55,-1.837,152.531,14.3,5.2
2018-03-10T14:27:52,-56.364,-27.864,10.0,5.5
2018-03-10T20:13:25,18.244,146.674,47.8,5.0
2018-03-10T21:45:36,-1.424,-15.21,10.0,5.9
2018-03-12T06:13:49,-46.356,95.93,10.0,5.6
2018-03-12T07:25:02,-25.556,70.09,10.0,5.0
2018-03-13T04:33:38,1.997,99.004,124.4,5.1
2018-03-13T17:35:03,-10.27,-74.985,35.7,5.1
2018-03-14T11:46:29,-20.382,-176.06,138.3,5.1
2018-03-15T04:28:48,0.878,125.366,55.9,5.0
2018-03-15T06:48:19,-21.563,170.502,117.4,5.1
2018-03-15T07:20:01,8.069,124.736,10.0,5.0
2018-03-15T18:58:28,-6.023,142.285,10.0,5.0
2018-03-16T01:30:41,-0.588,121.827,30.8,5.0
2018-03-16T09:25:01,-56.512,-25.772,8.0,5.4
2018-03-16T23:41:20,-64.659,175.456,10.0,5.0
2018-03-17T05:50:09,-47.679,-13.509,10.0,5.7
2018-03-17T19:59:03,18.385,96.151,19.0,5.1
2018-03-17T20:34:21,-18.74,-69.086,130.8,5.0
2018-03-18T11:35:05,0.488,121.466,104.6,5.3
2018-03-18T13:20:06,-24.527,-175.84,10.0,5.1
2018-03-18T18:00:11,45.369,150.25,79.5,5.2
2018-03-19T02:36:36,-15.692,167.736,122.2,5.1
2018-03-19T04:30:47,29.621,50.736,10.0,5.0
2018-03-19T11:36:27,-7.41,105.94,48.6,5.0
2018-03-19T12:51:17,-32.378,-69.439,113.1,5.0
2018-03-19T19:32:22,30.685,50.387,10.0,5.1
2018-03-20T16:43:58,16.416,-98.442,10.0,5.0
2018-03-20T17:46:55,16.31,-98.471,6.7,5.2
2018-03-21T15:33:47,1.479,127.934,7.5,5.2
2018-03-21T20:41:19,27.578,56.606,10.0,5.0
2018-03-21T23:11:44,-10.881,165.929,61.6,5.1
2018-03-22T00:08:03,-4.542,102.845,63.7,5.3
2018-03-22T02:46:27,0.304,126.084,13.3,5.0
2018-03-22T07:26:26,-30.174,-177.722,22.2,5.5
2018-03-22T16:05:40,-15.115,166.956,40.5,5.1
2018-03-22T23:23:22,-6.274,142.872,10.0,5.0
2018-03-23T05:46:37,-56.433,-26.868,78.5,5.1
2018-03-23T07:40:29,12.653,-44.569,10.0,5.6
2018-03-23T11:52:38,-6.199,143.065,13.7,5.0
2018-03-23T17:32:28,-15.966,-177.594,10.0,5.2
2018-03-24T10:27:32,13.405,40.012,10.0,5.2
2018-03-24T10:34:32,10.18,125.971,31.5,5.2
2018-03-24T11:23:32,-5.496,151.497,33.0,6.3
2018-03-24T19:58:33,-45.778,96.069,10.0,6.0
2018-03-24T22:17:50,36.465,70.669,200.2,5.0
2018-03-25T01:53:20,-22.919,-174.927,13.1,5.2
2018-03-25T05:09:37,-5.875,152.242,35.0,5.1
2018-03-25T07:57:31,-29.005,-175.863,10.0,5.1
2018-03-25T08:58:10,-7.305,128.485,144.0,5.7
2018-03-25T14:28:35,-26.793,-63.37,577.2,5.6
2018-03-25T14:37:23,32.592,140.69,50.0,5.7
2018-03-25T15:36:24,32.522,140.648,54.1,5.0
2018-03-25T20:14:47,-6.634,129.817,169.0,6.4
2018-03-26T09:51:00,-5.502,151.402,40.0,6.7
2018-03-26T18:01:06,56.399,-148.384,10.0,5.1
2018-03-27T03:45:13,-6.105,143.058,10.0,5.0
2018-03-27T06:39:12,23.681,143.124,46.2,5.2
2018-03-27T22:41:08,56.515,-148.643,6.4,5.4
2018-03-28T02:20:33,-5.824,151.087,9.1,5.1
2018-03-28T17:13:02,1.612,126.208,10.0,5.0
2018-03-28T18:34:19,-6.582,131.556,49.2,5.0
2018-03-28T18:50:05,-6.256,142.755,10.0,5.0
2018-03-29T07:30:58,-5.376,150.807,126.4,5.0
2018-03-29T16:06:43,-6.323,143.152,10.0,5.0
2018-03-29T18:51:12,-9.421,159.579,32.0,5.8
2018-03-29T20:58:42,2.557,95.985,27.1,5.0
2018-03-29T21:25:36,-5.532,151.5,35.0,6.9
2018-03-29T21:38:38,-5.595,151.58,35.0,5.3
2018-03-29T21:49:55,-5.525,151.663,35.0,5.1
2018-03-29T22:15:21,-5.643,151.601,10.0,5.0
2018-03-29T22:51:20,-5.899,151.854,10.0,5.7
2018-03-29T22:54:12,38.716,69.978,5.0,5.7
2018-03-29T23:17:33,36.438,140.774,40.2,5.0
2018-03-30T07:01:14,-3.374,130.971,32.3,5.2
2018-03-30T18:45:16,36.456,71.128,237.9,5.0
2018-03-31T06:31:12,-30.235,-177.743,24.7,5.1
2018-03-31T08:10:52,-15.19,-173.445,10.0,5.1
2018-04-01T08:35:26,34.403,45.748,10.0,5.0
2018-04-02T01:50:51,-20.643,-173.757,10.0,5.0
2018-04-02T05:57:35,-24.719,-176.886,92.0,6.1
2018-04-02T13:40:34,-20.659,-63.006,559.0,6.8
2018-04-02T13:49:02,-20.661,-63.224,570.1,5.0
2018-04-02T23:23:17,13.109,-88.682,50.0,5.9
2018-04-03T04:57:22,-37.367,47.75,10.0,5.0
2018-04-03T06:51:07,-31.283,-13.392,10.0,5.2
2018-04-03T08:14:42,39.747,74.466,31.3,5.0
2018-04-03T09:14:06,3.059,127.981,62.9,5.5
2018-04-03T11:31:34,-19.064,169.378,228.2,5.0
2018-04-04T00:49:04,-30.063,-177.751,36.9,5.2
2018-04-04T07:57:15,-55.187,-30.698,10.0,5.0
2018-04-04T13:11:42,-41.646,80.124,10.0,5.0
2018-04-04T17:24:38,-57.839,-25.44,46.6,5.2
2018-04-05T03:53:38,6.832,126.778,34.0,6.0
2018-04-05T09:07:58,-18.295,-177.914,511.0,5.8
2018-04-05T11:12:10,-20.381,-70.586,44.0,5.5
2018-04-05T15:07:59,41.176,87.768,21.9,5.2
2018-04-05T19:29:16,33.82,-119.734,9.8,5.3
2018-04-06T00:40:17,-15.201,-75.488,11.2,5.0
2018-04-06T07:46:58,-1.417,138.203,10.0,5.6
2018-04-06T20:19:23,-9.51,119.935,79.1,5.1
2018-04-06T20:21:33,-61.707,161.192,10.0,5.3
2018-04-06T22:49:03,-2.808,127.722,10.0,5.1
2018-04-06T23:44:15,-6.514,142.75,10.0,5.0
2018-04-07T02:56:50,-6.361,142.666,10.0,5.5
2018-04-07T03:09:09,56.057,-149.845,5.3,5.2
2018-04-07T05:15:16,-5.559,151.96,10.0,5.3
2018-04-07T05:48:40,-5.838,142.531,18.1,6.3
2018-04-07T12:20:51,1.448,-90.027,10.0,5.1
2018-04-08T01:12:06,18.497,-47.646,10.0,5.0
2018-04-08T05:08:20,13.883,-91.536,21.4,5.2
2018-04-08T16:32:31,35.259,132.553,10.3,5.7
2018-04-09T00:20:55,-57.659,-27.899,245.0,5.6
2018-04-09T02:18:01,-6.37,142.87,10.0,5.1
2018-04-10T10:19:34,-31.026,-71.529,66.0,6.2
2018-04-11T07:30:38,15.682,-95.012,25.6,5.5
2018-04-12T07:56:53,43.675,139.538,216.6,5.3
2018-04-12T10:41:50,40.328,77.374,10.0,5.0
2018-04-12T16:29:03,-56.377,-27.213,103.3,5.3
2018-04-13T03:57:43,-6.24,142.445,10.0,5.2
2018-04-13T13:38:10,-35.501,178.51,161.0,5.1
2018-04-13T19:00:00,43.187,145.873,47.6,5.2
2018-04-13T21:46:53,46.537,150.872,106.4,5.0
2018-04-14T04:33:51,-12.248,167.064,216.3,5.0
2018-04-14T08:17:20,-61.412,-36.871,10.0,5.1
2018-04-14T16:53:11,40.468,-29.317,10.0,5.1
2018-04-14T18:34:12,40.7,-29.193,10.0,5.1
2018-04-15T00:10:44,23.462,143.024,8.7,5.2
2018-04-15T19:30:43,1.408,126.876,34.0,6.0
2018-04-15T19:43:56,17.871,122.268,46.0,5.1
2018-04-15T23:12:57,-20.181,177.481,10.0,5.2
2018-04-15T23:40:20,-23.715,-175.21,10.0,5.2
2018-04-16T03:30:54,-59.379,-27.022,34.9,5.1
2018-04-17T02:52:35,-3.522,131.303,10.0,5.5
2018-04-17T04:55:57,-3.658,131.322,10.0,5.1
2018-04-17T06:44:01,-3.588,131.325,10.0,5.1
2018-04-17T13:46:04,-21.421,-68.853,104.3,5.0
2018-04-17T23:43:04,-55.147,-28.483,10.0,5.0
2018-04-18T05:31:58,11.861,142.166,21.4,5.2
2018-04-18T06:16:01,5.14,-82.56,10.0,5.4
2018-04-18T07:06:56,-3.662,131.394,17.7,5.1
2018-04-18T12:50:09,-24.801,-13.288,10.0,5.1
2018-04-18T13:07:20,-0.41,-6.581,10.0,5.0
2018-04-19T06:34:46,28.329,51.611,10.0,5.5
2018-04-19T21:09:17,-42.78,42.188,10.0,6.0
2018-04-19T23:59:55,-22.65,-174.578,10.0,5.3
2018-04-20T19:30:37,-29.947,-176.219,10.0,5.0
2018-04-20T22:29:24,18.322,96.16,17.1,5.0
2018-04-21T09:47:18,35.501,141.088,21.7,5.1
2018-04-21T17:01:55,26.463,141.576,72.4,5.0
2018-04-21T19:44:17,-48.946,123.591,10.0,5.8
2018-04-22T10:45:47,-56.45,-26.619,49.0,5.0
2018-04-22T16:59:16,-15.463,-174.484,10.0,5.6
2018-04-23T02:58:42,-3.181,139.794,82.9,5.0
2018-04-23T04:05:15,0.566,125.629,42.5,5.4
2018-04-23T07:37:11,-6.311,123.646,652.5,5.5
2018-04-23T08:13:58,-1.287,138.425,10.0,5.5
2018-04-23T15:42:09,5.186,-75.544,110.0,5.3
2018-04-24T00:34:31,37.596,38.514,10.0,5.2
2018-04-24T02:29:52,12.493,-87.747,47.3,5.6
2018-04-24T04:08:35,22.962,94.614,106.3,5.1
2018-04-24T08:53:21,43.348,145.726,83.0,5.5
2018-04-24T12:23:34,18.362,96.139,10.0,5.1
2018-04-24T21:38:04,-60.074,-31.359,10.0,5.0
2018-04-24T21:57:00,-23.943,179.8,531.1,5.5
2018-04-25T00:06:56,70.859,-6.313,10.0,5.1
2018-04-25T01:33:22,-17.076,-171.896,10.0,5.0
2018-04-25T17:00:15,-3.862,129.707,10.0,5.1
2018-04-26T09:54:19,-7.334,115.568,360.6,5.0
2018-04-26T16:55:58,-1.905,139.78,10.0,5.6
2018-04-28T01:48:19,-4.583,153.31,61.3,5.1
2018-04-28T15:14:20,36.312,71.172,88.4,5.3
2018-04-29T12:29:52,10.955,138.686,10.0,5.0
2018-04-29T20:23:38,-18.776,168.48,56.0,5.2
2018-04-29T22:23:05,-39.265,46.12,10.0,5.9
2018-04-30T18:24:53,-15.941,168.376,266.0,5.8
2018-05-01T03:15:40,-29.484,-177.077,24.2,5.2
2018-05-01T04:13:00,-29.832,-177.449,35.0,5.1
2018-05-01T12:45:31,-16.638,177.145,10.0,5.6
2018-05-01T16:33:27,-3.807,137.017,32.9,5.3
2018-05-01T17:15:37,-56.64,-142.011,10.0,5.9
2018-05-01T19:47:53,-18.02,-177.938,585.0,5.9
2018-05-01T21:09:19,1.807,126.492,29.6,5.2
2018-05-01T23:47:04,24.044,122.308,19.3,5.1
2018-05-02T00:17:12,-24.247,-111.83,10.0,5.5
2018-05-02T04:08:13,30.705,51.49,8.0,5.3
2018-05-02T06:26:30,-24.482,-112.115,10.0,5.0
2018-05-02T06:31:32,-24.331,-111.92,10.0,5.5
2018-05-02T06:32:49,-24.272,-111.633,10.0,6.0
2018-05-02T10:13:19,52.63,-32.105,10.0,5.3
2018-05-02T15:45:30,-10.102,160.933,38.8,5.3
2018-05-03T20:30:56,19.339,-155.071,6.5,5.1
2018-05-04T03:36:47,-24.309,-111.605,10.0,5.4
2018-05-04T07:47:04,-23.517,-175.131,10.0,5.0
2018-05-04T15:16:56,16.283,-98.933,10.0,5.0
2018-05-04T21:32:44,19.33,-155.018,6.5,5.7
2018-05-04T22:32:54,19.318,-155.0,5.8,6.9
2018-05-05T06:19:05,14.571,123.919,18.0,6.1
2018-05-05T16:22:41,-5.808,133.69,10.0,5.0
2018-05-05T20:36:46,-21.385,168.28,11.8,5.1
2018-05-06T00:01:13,37.358,71.467,89.5,5.1
2018-05-06T02:44:20,-34.268,-72.268,12.1,5.2
2018-05-06T05:10:01,-34.708,-107.617,10.0,5.5
2018-05-06T06:03:59,31.444,140.193,10.0,5.4
2018-05-06T09:23:38,34.56,96.515,18.2,5.0
2018-05-06T12:37:58,13.224,-88.034,10.0,5.2
2018-05-06T12:44:28,13.273,-87.955,10.0,5.2
2018-05-06T14:44:20,-54.458,-133.406,10.0,5.1
2018-05-06T19:02:22,13.104,-88.062,10.0,5.4
2018-05-06T19:32:33,-43.849,40.76,10.0,5.2
2018-05-06T19:57:01,30.692,51.483,10.0,5.3
2018-05-06T20:00:48,39.674,141.078,96.7,5.1
2018-05-07T08:08:19,-20.905,172.31,10.0,5.6
2018-05-07T19:25:38,-20.844,-173.919,10.0,5.0
2018-05-08T08:14:11,56.296,-148.431,6.0,5.5
2018-05-09T03:23:26,33.135,70.518,19.4,5.4
2018-05-09T07:57:54,-5.882,151.784,9.0,6.0
2018-05-09T10:41:45,36.994,71.382,116.0,6.2
2018-05-09T15:00:15,52.29,174.198,44.9,5.0
2018-05-09T21:02:42,13.969,145.678,95.6,5.4
2018-05-09T21:25:58,-6.338,104.911,46.8,5.3
2018-05-10T08:39:50,0.98,126.07,23.6,5.4
2018-05-10T11:56:59,10.172,125.637,29.0,5.7
2018-05-10T14:08:36,36.563,71.058,199.4,5.0
2018-05-10T18:02:28,6.87,123.762,535.0,5.9
2018-05-10T18:36:36,8.269,-104.012,10.0,5.0
2018-05-10T22:15:40,-22.284,-179.528,587.4,5.2
2018-05-10T22:52:11,3.464,126.93,35.0,5.0
2018-05-11T01:19:44,-24.208,-66.876,171.3,5.0
2018-05-11T04:58:24,57.47,-155.593,63.2,5.3
2018-05-11T08:57:32,-6.615,129.837,188.2,5.0
2018-05-11T18:48:29,-16.181,-72.255,87.2,5.0
2018-05-11T20:56:31,6.147,125.764,127.1,5.1
2018-05-12T01:29:29,36.643,137.902,9.9,5.1
2018-05-12T02:35:00,27.333,-44.317,10.0,5.1
2018-05-12T16:49:37,38.485,141.929,44.0,5.0
2018-05-12T20:32:50,-30.466,-178.022,57.4,5.0
2018-05-13T02:32:23,-5.956,151.801,10.0,5.3
2018-05-13T05:50:33,-21.164,-173.797,10.0,5.5
2018-05-13T15:33:31,5.359,125.439,169.4,5.2
2018-05-13T18:20:56,7.544,93.616,45.2,5.1
2018-05-13T18:46:07,7.549,93.609,71.4,5.0
2018-05-13T22:27:29,-29.428,60.93,10.0,5.2
2018-05-14T10:31:19,40.094,142.679,40.3,5.0
2018-05-14T14:41:42,-12.831,45.613,10.0,5.1
2018-05-14T18:14:47,-55.916,-27.056,10.0,5.5
2018-05-15T08:17:50,-55.933,-27.028,10.0,5.4
2018-05-15T15:48:09,-12.776,45.581,17.0,5.9
2018-05-16T02:12:17,-3.793,138.59,90.0,5.5
2018-05-16T14:20:27,18.221,-100.49,51.0,5.0
2018-05-16T17:22:17,-33.781,-179.497,34.0,5.9
2018-05-16T22:30:03,36.512,22.932,10.4,5.0
2018-05-17T03:12:32,35.658,140.719,41.9,5.3
2018-05-17T11:07:14,-12.668,-76.566,56.5,5.2
2018-05-17T18:24:52,-31.828,-178.606,35.0,5.1
2018-05-17T18:42:13,42.685,145.586,30.0,5.7
2018-05-17T18:47:05,12.972,145.42,15.5,5.4
2018-05-17T21:43:15,-31.982,-179.953,284.4,5.7
2018-05-18T00:27:27,-21.308,168.602,13.8,5.1
2018-05-18T01:45:31,-34.589,-178.414,11.0,6.1
2018-05-18T02:47:46,-30.241,-177.676,35.0,5.1
2018-05-18T06:16:45,-55.604,-26.817,10.0,5.0
2018-05-18T06:37:02,-15.323,-172.773,10.0,5.2
2018-05-18T10:53:55,-33.162,-15.965,10.0,5.4
2018-05-18T12:43:54,4.025,-82.531,10.0,5.4
2018-05-18T13:56:37,3.897,-82.67,10.0,5.3
2018-05-18T16:34:37,-60.495,-26.716,24.1,5.1
2018-05-18T20:25:57,1.029,119.936,9.7,5.1
2018-05-18T20:31:36,1.077,120.037,10.0,5.1
2018-05-19T09:36:26,-4.775,144.838,58.7,5.2
2018-05-19T18:25:46,-60.435,-26.173,10.0,5.0
2018-05-19T19:08:36,-4.26,102.414,59.1,5.0
2018-05-20T00:42:14,-21.068,-173.983,10.0,5.6
2018-05-20T01:14:35,-20.975,-173.878,10.0,5.0
2018-05-20T02:47:34,-5.782,151.435,10.0,5.0
2018-05-20T08:01:27,-12.798,45.668,10.0,5.4
2018-05-21T00:18:36,34.403,9.705,10.0,5.1
2018-05-21T00:47:14,-12.85,45.654,10.0,5.5
2018-05-21T02:15:18,17.071,-98.674,36.6,5.2
2018-05-21T10:40:20,56.501,161.316,84.1,5.0
2018-05-21T10:40:23,56.645,158.688,72.4,5.1
2018-05-21T13:33:32,0.939,126.08,10.0,5.0
2018-05-21T19:12:57,-6.494,155.048,32.2,5.4
2018-05-22T00:26:05,12.893,145.425,11.0,5.7
2018-05-22T02:24:25,12.806,145.294,35.0,5.2
2018-05-22T09:43:31,-30.383,-179.015,226.4,5.5
2018-05-22T12:37:08,-12.852,45.615,10.0,5.1
2018-05-22T13:36:19,0.497,-78.427,33.4,5.0
2018-05-22T19:30:52,-17.863,-173.05,10.0,5.5
2018-05-22T22:12:20,-8.954,-80.348,10.0,5.2
2018-05-23T01:37:45,55.292,161.854,30.0,5.5
2018-05-23T05:44:43,7.441,-36.238,10.0,5.7
2018-05-24T07:08:13,-19.769,14.662,10.0,5.0
2018-05-24T11:12:16,27.714,127.702,118.4,5.0
2018-05-24T14:48:51,-21.261,-178.164,473.1,5.4
2018-05-24T15:04:12,-45.102,95.754,10.0,5.3
2018-05-24T15:50:42,-35.518,78.306,10.0,5.0
2018-05-24T23:11:47,0.817,-29.54,10.0,5.6
2018-05-25T06:36:04,-12.819,45.59,10.0,5.0
2018-05-25T09:32:46,-12.854,45.612,10.0,5.2
2018-05-25T22:23:45,-7.447,128.263,166.5,5.2
2018-05-26T00:32:40,-12.805,45.692,10.0,5.0
2018-05-27T06:16:32,-15.831,173.388,10.0,5.2
2018-05-27T08:58:03,-15.847,173.407,10.0,5.0
2018-05-27T17:50:52,45.236,124.642,10.0,5.3
2018-05-27T19:33:37,53.418,-163.664,16.6,5.5
2018-05-28T02:00:00,9.521,93.427,88.9,5.2
2018-05-28T06:08:07,-15.889,173.323,10.0,5.2
2018-05-28T19:25:22,-9.149,118.406,10.0,5.1
2018-05-28T20:59:35,-31.228,-68.608,106.3,5.0
2018-05-29T01:30:03,-27.207,-176.47,35.0,5.2
2018-05-30T02:32:49,-15.685,167.748,118.8,5.4
2018-05-30T05:54:03,-12.89,45.592,10.0,5.0
2018-05-30T10:30:43,76.282,-1.862,10.0,5.3
2018-05-30T11:51:06,-20.072,169.985,15.0,5.0
2018-06-01T01:59:35,-32.086,-179.302,97.8,5.1
2018-06-01T04:52:31,-33.039,-179.398,10.0,5.6
2018-06-01T10:21:39,7.303,123.686,574.9,5.3
2018-06-01T10:47:47,11.682,143.261,10.0,5.1
2018-06-02T06:17:19,-38.246,-73.707,26.2,5.2
2018-06-02T09:48:09,43.98,147.984,15.0,5.4
2018-06-02T11:53:06,-14.954,-172.895,10.0,5.8
2018-06-02T13:03:18,-14.93,-173.147,10.0,5.4
2018-06-02T16:28:59,4.587,126.657,23.1,5.7
2018-06-03T00:48:09,-19.457,-173.751,13.0,5.7
2018-06-03T03:00:16,0.955,-26.556,10.0,5.1
2018-06-03T06:13:42,-12.854,45.589,10.0,5.0
2018-06-04T15:06:45,13.422,-92.283,10.0,5.1
2018-06-04T18:24:37,-7.06,123.207,631.3,5.3
2018-06-05T18:40:30,41.526,46.786,22.6,5.3
2018-06-05T22:55:28,-11.94,40.966,10.0,5.1
2018-06-06T04:53:56,-1.335,135.214,10.0,5.0
2018-06-06T18:15:52,35.787,78.349,23.0,5.0
2018-06-06T18:51:34,-58.36,-25.756,31.0,5.6
2018-06-06T23:09:00,-55.053,-126.667,10.0,5.2
2018-06-07T08:49:16,-41.354,-10.89,10.0,5.1
2018-06-07T16:15:11,-10.801,165.642,21.5,5.3
2018-06-09T02:29:46,-6.005,150.346,49.6,5.2
2018-06-09T04:13:41,-14.904,-173.221,10.0,5.0
2018-06-09T08:28:01,-9.796,154.888,10.0,5.2
2018-06-09T19:49:58,-5.878,151.908,10.0,5.2
2018-06-10T14:55:19,27.286,143.387,10.0,5.0
2018-06-11T01:18:46,-30.233,-176.922,10.0,5.0
2018-06-11T12:34:50,-20.738,169.634,84.3,5.3
2018-06-11T19:54:21,31.295,131.368,30.0,5.4
2018-06-12T06:20:48,-5.576,150.208,113.1,5.3
2018-06-12T17:17:16,-13.07,45.842,10.0,5.3
2018-06-12T23:08:28,-2.02,98.588,9.0,5.9
2018-06-12T23:32:44,-20.442,169.147,48.7,5.4
2018-06-12T23:45:54,50.586,156.354,84.6,5.2
2018-06-12T23:46:11,-1.947,98.687,10.0,5.6
2018-06-13T02:07:57,-1.928,98.672,10.0,5.4
2018-06-13T06:59:02,-1.931,98.641,19.0,5.5
2018-06-13T10:33:09,-18.882,169.455,220.8,5.1
2018-06-13T23:54:44,7.427,-80.572,10.0,5.2
2018-06-14T06:27:39,-45.843,-76.305,10.0,5.7
2018-06-14T18:12:15,0.854,-26.126,10.0,5.5
2018-06-14T19:46:59,2.708,128.123,52.2,5.0
2018-06-15T00:57:13,-1.944,138.794,10.0,5.6
2018-06-15T11:55:48,-56.06,-27.882,96.1,5.2
2018-06-15T13:18:58,-15.419,-172.845,55.0,5.3
2018-06-16T03:23:31,-16.278,-177.594,10.0,5.9
2018-06-16T06:32:27,-32.697,-178.284,10.0,5.3
2018-06-16T15:51:27,0.935,-28.328,10.0,5.0
2018-06-17T02:39:37,6.142,125.746,119.7,5.2
2018-06-17T03:12:13,38.857,94.924,10.0,5.0
2018-06-17T09:46:24,14.921,119.71,25.0,5.4
2018-06-17T13:21:30,18.275,96.07,10.0,5.0
2018-06-17T13:39:11,-22.213,-179.394,572.3,5.2
2018-06-17T13:41:34,-22.138,-179.441,576.2,5.4
2018-06-17T14:21:28,30.077,70.209,10.0,5.1
2018-06-17T14:29:26,-21.615,170.67,98.6,5.1
2018-06-17T22:58:34,34.825,135.639,10.3,5.5
2018-06-18T02:32:55,14.132,-90.715,99.2,5.7
2018-06-18T05:31:28,-19.234,169.029,125.9,5.4
2018-06-18T07:09:41,-29.882,-111.957,10.0,5.8
2018-06-18T08:17:05,-46.703,-12.54,10.0,5.1
2018-06-18T13:43:01,-12.99,45.719,10.0,5.0
2018-06-19T00:04:02,-0.158,-18.332,10.0,5.0
2018-06-19T23:50:26,-31.011,-178.676,104.6,5.2
2018-06-20T23:23:26,-22.378,-175.077,14.0,5.4
2018-06-21T02:03:30,-16.137,-174.114,120.1,5.1
2018-06-21T13:06:37,-5.988,142.448,10.0,5.0
2018-06-21T16:08:03,-24.267,-67.05,189.0,5.6
2018-06-21T19:33:09,-22.606,-174.897,10.0,5.6
2018-06-21T21:13:32,-17.79,168.057,28.0,6.1
2018-06-22T19:24:30,-10.061,161.65,44.2,5.4
2018-06-22T20:57:43,-4.982,108.379,640.0,5.3
2018-06-23T00:33:39,-10.269,161.118,23.0,5.5
2018-06-23T00:54:59,-10.316,161.053,37.5,5.1
2018-06-23T01:54:40,10.741,-62.673,90.6,5.2
2018-06-23T02:31:35,-44.448,-79.717,10.0,5.1
2018-06-24T15:09:34,-22.655,-176.349,77.5,5.2
2018-06-24T18:43:43,-9.019,-108.467,10.0,5.9
2018-06-24T19:14:25,-5.259,68.632,10.0,5.0
2018-06-24T22:15:02,-25.547,-177.302,116.5,5.4
2018-06-25T05:14:44,36.64,21.343,10.0,5.5
2018-06-25T06:22:13,-2.813,100.207,29.2,5.0
2018-06-25T10:42:09,-58.98,149.347,10.0,5.2
2018-06-25T10:52:42,3.134,-31.302,10.0,5.5
2018-06-25T12:49:06,-19.058,169.681,263.4,5.1
2018-06-25T17:41:29,-12.986,45.671,10.0,5.2
2018-06-26T01:48:43,-59.535,-29.662,25.3,5.6
2018-06-26T09:15:36,-0.65,-90.88,10.0,5.5
2018-06-26T18:02:18,15.643,-94.059,66.8,5.2
2018-06-27T06:40:56,-12.862,45.698,10.0,5.1
2018-06-27T06:44:24,0.528,126.161,29.1,5.3
2018-06-27T10:01:57,-35.586,-16.846,10.0,5.4
2018-06-28T10:49:11,-2.837,127.6,33.2,5.1
2018-06-28T16:47:49,-15.136,167.477,115.0,5.5
2018-06-29T01:55:28,-5.963,142.735,19.0,5.4
2018-06-30T03:56:49,19.022,-105.119,15.0,5.9
2018-06-30T04:48:10,-51.156,139.346,10.0,5.3
2018-06-30T09:48:06,-54.629,-119.411,10.0,5.4
2018-07-01T06:28:54,-20.41,-178.46,598.5,5.0
2018-07-01T08:20:16,63.068,-150.797,117.3,5.0
2018-07-01T17:37:14,-56.22,147.452,10.0,5.3
2018-07-01T18:30:30,-56.279,147.48,10.0,5.2
2018-07-01T20:45:42,46.963,144.954,392.6,5.6
2018-07-01T21:25:28,-56.274,147.35,10.0,5.2
2018-07-02T03:09:13,-60.668,-30.068,10.0,5.3
2018-07-02T04:10:26,77.43,8.023,10.0,5.0
2018-07-02T11:53:21,41.256,142.71,37.8,5.2
2018-07-02T17:15:12,-21.19,-178.426,489.7,5.0
2018-07-03T01:50:06,8.11,-38.137,10.0,5.0
2018-07-03T03:23:42,-25.944,-177.451,10.0,5.6
2018-07-03T04:25:53,14.02,120.64,126.0,5.2
2018-07-03T09:59:54,5.896,125.133,97.0,5.7
2018-07-04T05:14:47,-9.885,118.964,47.8,5.2
2018-07-04T09:01:09,41.447,19.583,22.0,5.1
2018-07-04T09:52:17,-20.396,-173.467,10.0,5.0
2018-07-04T11:43:15,-3.847,151.625,10.0,5.3
2018-07-04T16:37:03,-14.967,167.372,113.0,5.5
2018-07-04T16:56:04,-19.511,-126.84,10.0,5.3
2018-07-04T20:34:51,14.536,96.467,8.4,5.1
2018-07-05T02:45:47,-30.257,-177.84,38.9,5.1
2018-07-06T01:40:04,51.499,157.84,45.0,6.1
2018-07-06T04:32:20,52.896,160.148,19.8,5.2
2018-07-06T17:40:56,-3.879,146.878,10.0,5.4
2018-07-06T21:51:52,-55.261,-124.345,10.0,5.3
2018-07-06T23:35:42,-49.63,126.04,10.0,5.5
2018-07-07T08:51:30,55.597,133.215,10.0,5.1
2018-07-07T11:23:50,35.107,140.642,40.0,5.9
2018-07-07T21:33:49,-30.566,-178.07,35.0,6.0
2018-07-07T23:10:47,-41.896,84.7,10.0,5.4
2018-07-08T01:08:28,-21.277,168.496,10.0,5.5
2018-07-08T19:46:35,-5.794,103.388,22.1,5.2
2018-07-08T21:04:36,-19.018,169.49,255.0,5.5
2018-07-09T02:42:25,51.365,-174.646,18.0,5.2
2018-07-10T01:08:21,62.979,-150.636,113.4,5.0
2018-07-10T04:19:15,-41.064,43.421,10.0,5.0
2018-07-10T07:26:59,-31.642,58.03,10.0,5.1
2018-07-10T08:15:25,-31.482,58.194,10.0,5.0
2018-07-10T08:44:14,-31.69,58.211,10.0,5.1
2018-07-10T10:26:22,-31.599,58.346,10.0,5.6
2018-07-10T12:28:59,-7.448,154.496,10.0,5.2
2018-07-10T15:33:21,0.286,122.108,196.5,5.1
2018-07-10T16:05:09,-31.592,58.152,10.0,5.6
2018-07-10T16:24:21,9.782,125.327,43.1,5.1
2018-07-10T18:41:37,-31.682,58.258,10.0,5.0
2018-07-10T23:28:01,-31.647,58.35,10.0,5.2
2018-07-11T00:33:40,-31.543,58.373,10.0,5.2
2018-07-11T03:07:15,-31.657,58.218,10.0,5.1
2018-07-11T05:00:43,-31.626,58.257,10.0,5.4
2018-07-11T05:47:26,-1.491,-15.435,10.0,5.3
2018-07-12T00:38:01,23.544,143.829,8.4,5.0
2018-07-12T03:09:24,23.546,143.849,10.0,5.1
2018-07-12T06:51:21,-23.337,-179.912,541.3,5.5
2018-07-12T19:46:47,38.43,73.477,123.8,5.1
2018-07-13T03:13:33,-21.468,-174.329,10.0,5.2
2018-07-13T09:46:49,-18.928,169.047,167.0,6.4
2018-07-15T01:57:19,14.062,51.736,10.0,6.0
2018-07-15T01:59:08,14.148,51.635,10.0,5.5
2018-07-15T13:09:16,13.848,51.717,10.0,6.0
2018-07-15T13:16:04,13.944,51.773,10.0,5.0
2018-07-15T22:48:53,-15.593,-177.847,399.8,5.2
2018-07-16T14:03:11,-30.745,-177.926,24.4,5.2
2018-07-16T15:18:38,-61.368,154.973,10.0,5.8
2018-07-17T07:02:53,-11.594,166.432,38.0,6.0
2018-07-17T08:54:41,18.408,-103.369,35.0,5.1
2018-07-18T09:38:11,-3.466,145.236,10.0,5.1
2018-07-18T16:56:30,-6.392,146.253,97.9,5.0
2018-07-18T19:06:03,54.422,-160.767,29.6,5.6
2018-07-19T05:39:34,3.426,-74.598,47.8,5.1
2018-07-19T12:23:35,-9.561,112.823,31.5,5.4
2018-07-19T13:31:53,17.932,-97.716,48.5,5.8
2018-07-19T14:16:27,54.443,-160.798,21.4,5.8
2018-07-19T18:30:32,-6.114,148.73,29.6,6.0
2018-07-20T00:24:58,-60.563,-27.361,10.0,5.2
2018-07-20T10:24:56,-28.027,-63.228,579.0,5.6
2018-07-20T12:32:01,-10.35,161.228,89.9,5.1
2018-07-20T19:58:07,-1.694,99.839,15.5,5.2
2018-07-20T23:56:00,18.45,145.993,121.0,5.6
2018-07-21T07:58:16,-0.969,100.769,10.0,5.2
2018-07-21T07:58:39,54.43,-160.807,10.0,5.3
2018-07-21T14:39:03,-22.279,-68.502,104.2,5.1
2018-07-21T20:56:19,-48.225,99.645,10.0,5.9
2018-07-21T22:50:57,-60.624,-26.191,10.0,5.1
2018-07-22T05:07:02,27.663,54.879,8.0,5.4
2018-07-22T10:04:40,4.885,92.972,10.0,5.2
2018-07-22T10:07:27,34.591,46.166,12.0,5.8
2018-07-22T12:39:41,17.536,-94.537,141.8,5.1
2018-07-22T18:28:40,4.685,125.096,12.1,5.2
2018-07-22T20:39:17,30.431,57.453,10.0,5.6
2018-07-22T21:21:57,-18.958,168.887,103.5,5.5
2018-07-23T10:35:59,-0.299,-19.252,10.0,6.0
2018-07-23T21:37:44,45.121,148.19,128.8,5.1
2018-07-24T14:28:15,41.806,-126.656,10.0,5.2
2018-07-24T14:44:52,41.81,-126.862,10.0,5.6
2018-07-25T04:14:40,-28.0,63.505,10.0,5.0
2018-07-25T04:20:30,25.377,130.484,10.0,5.3
2018-07-25T15:11:12,-17.097,66.776,10.0,5.0
2018-07-25T19:45:05,-56.062,-27.681,124.6,5.7
2018-07-25T20:13:16,-6.954,129.42,117.3,5.1
2018-07-25T22:43:53,-29.421,-111.962,10.0,5.0
2018-07-25T23:42:46,-29.311,-112.244,10.0,5.5
2018-07-26T01:09:44,19.085,121.035,15.9,5.0
2018-07-26T12:56:47,-56.835,-26.265,35.0,5.3
2018-07-26T23:13:50,26.171,-44.888,10.0,5.1
2018-07-27T20:42:02,12.693,-88.196,45.1,5.3
2018-07-28T09:28:17,-30.055,-177.453,19.0,5.7
2018-07-28T17:07:23,-7.104,122.726,578.2,6.0
2018-07-28T18:15:21,-6.186,151.076,50.8,5.1
2018-07-28T22:47:38,-8.24,116.508,14.0,6.4
2018-07-28T23:06:48,-8.22,116.462,10.0,5.4
2018-07-29T01:50:32,-8.313,116.451,10.9,5.3
2018-07-29T13:00:56,45.736,151.406,35.0,5.0
2018-07-29T14:10:22,44.025,-128.78,10.0,5.3
2018-07-30T06:06:37,-23.472,-174.83,10.0,5.1
2018-07-30T07:46:43,-9.712,150.826,10.0,5.5
2018-07-31T08:42:20,37.179,141.097,10.9,5.5
2018-08-01T15:46:23,30.349,87.603,10.0,5.2
2018-08-01T16:05:56,14.929,-93.655,66.7,5.0
2018-08-01T20:07:02,-3.35,146.077,10.0,5.2
2018-08-02T08:13:33,-3.445,144.947,10.0,5.0
2018-08-02T13:01:27,-34.866,-178.784,57.1,5.4
2018-08-02T16:12:42,-21.626,169.111,10.0,5.0
2018-08-03T01:34:22,34.936,92.155,18.7,5.2
2018-08-03T05:42:15,-6.212,132.707,35.8,5.4
2018-08-03T18:50:53,-0.871,-21.996,10.0,5.8
2018-08-04T01:02:24,-19.619,-69.358,84.5,5.2
2018-08-04T04:04:10,35.047,81.037,10.0,5.1
2018-08-04T10:27:08,13.236,-90.814,35.0,5.1
2018-08-04T20:52:16,3.21,127.006,22.6,5.0
2018-08-05T02:16:31,57.956,152.881,10.0,5.0
2018-08-05T08:56:24,-2.347,99.43,21.0,5.0
2018-08-05T09:51:27,-2.294,99.468,10.0,5.0
2018-08-05T11:46:38,-8.258,116.438,34.0,6.9
2018-08-05T12:03:24,-8.361,116.024,17.7,5.1
2018-08-05T12:49:55,-8.358,116.14,31.3,5.5
2018-08-05T16:49:41,-8.27,116.241,10.0,5.0
2018-08-06T00:28:18,-8.367,116.306,10.0,5.3
2018-08-06T04:35:50,7.417,91.769,26.5,5.0
2018-08-06T15:50:55,-8.399,116.014,26.0,5.1
2018-08-06T18:21:19,-8.248,116.364,22.5,5.3
2018-08-07T13:57:09,74.646,8.455,10.0,5.7
2018-08-07T15:12:57,37.886,144.055,14.5,5.5
2018-08-07T15:53:59,6.781,-72.995,146.4,5.3
2018-08-08T07:31:42,13.724,146.374,39.2,5.1
2018-08-08T19:14:52,-60.704,-41.347,10.0,5.0
2018-08-09T00:25:58,12.304,-89.37,13.5,5.0
2018-08-09T05:25:32,-8.306,116.23,15.0,5.9
2018-08-09T08:01:31,20.921,120.066,10.0,5.0
2018-08-09T14:14:19,43.145,146.999,36.3,5.0
2018-08-09T16:53:39,-33.354,2.482,10.0,5.6
2018-08-09T19:21:51,13.573,-91.231,18.0,5.6
2018-08-10T07:17:05,-12.827,-14.655,10.0,5.2
2018-08-10T07:18:31,-12.861,-14.642,10.0,5.2
2018-08-10T14:28:27,-16.164,177.931,10.0,5.1
2018-08-10T18:09:24,-62.629,165.635,10.0,5.5
2018-08-10T18:12:07,48.459,154.939,27.0,6.0
2018-08-11T01:04:39,-2.902,147.408,10.0,5.0
2018-08-11T05:54:48,71.797,-2.253,10.0,5.2
2018-08-11T09:45:47,-20.456,-176.206,177.8,5.0
2018-08-11T12:15:37,-55.154,146.624,10.0,5.7
2018-08-11T15:38:33,41.587,20.102,10.0,5.1
2018-08-12T02:56:59,-12.868,-14.674,10.0,5.2
2018-08-12T04:10:16,-32.083,-177.148,10.0,5.0
2018-08-12T14:58:53,69.576,-145.291,15.8,6.4
2018-08-12T15:14:19,69.56,-144.777,13.4,5.0
2018-08-12T16:02:08,69.567,-144.958,18.4,5.3
2018-08-12T16:43:54,-20.859,-174.644,26.6,5.0
2018-08-12T17:02:19,-20.341,169.714,114.4,5.0
2018-08-12T17:23:12,2.766,128.057,21.8,5.4
2018-08-12T17:44:26,24.298,102.91,10.0,5.0
2018-08-12T18:36:43,69.552,-144.732,17.8,5.1
2018-08-12T19:41:34,-35.683,-102.375,10.0,5.5
2018-08-12T21:15:00,69.523,-144.339,16.2,6.0
2018-08-12T21:31:03,69.452,-144.307,15.5,5.0
2018-08-13T01:37:55,13.543,120.155,35.0,5.0
2018-08-13T03:51:24,-57.148,-141.92,10.0,5.2
2018-08-13T16:19:16,25.799,125.23,107.6,5.1
2018-08-14T03:29:52,-58.134,-25.272,25.0,6.1
2018-08-14T08:17:20,-52.694,27.813,10.0,5.0
2018-08-14T18:13:27,-58.039,-25.142,35.0,5.4
2018-08-14T23:49:57,4.929,-82.513,10.0,5.0
2018-08-15T21:56:56,51.423,-178.026,33.9,6.5
2018-08-15T22:43:58,11.393,-87.929,27.8,5.2
2018-08-16T18:19:05,41.875,14.808,11.6,5.3
2018-08-16T18:21:30,23.352,143.395,11.2,5.8
2018-08-16T18:22:53,23.423,143.319,20.0,6.3
2018-08-17T02:51:12,-5.783,152.657,10.0,5.1
2018-08-17T04:35:30,51.297,-178.154,31.8,5.4
2018-08-17T15:35:01,-7.372,119.802,529.0,6.5
2018-08-17T19:29:26,-18.879,169.226,194.2,5.2
2018-08-17T22:06:57,23.479,143.33,18.0,5.6
2018-08-17T22:44:47,23.485,143.438,10.0,5.0
2018-08-17T23:22:24,8.779,-83.153,15.0,6.1
2018-08-17T23:43:27,43.892,86.456,10.0,5.0
2018-08-18T07:28:31,23.462,143.438,19.9,5.3
2018-08-18T14:22:17,-0.713,-24.034,10.0,5.1
2018-08-18T19:39:07,8.802,-77.251,10.0,5.6
2018-08-18T21:52:43,-4.869,153.549,60.7,5.2
2018-08-19T00:19:40,-18.112,-178.153,600.0,8.2
2018-08-19T00:23:06,-18.445,-177.64,575.8,6.3
2018-08-19T00:30:41,-18.089,-178.144,580.2,5.6
2018-08-19T00:32:59,-17.944,-178.2,520.1,5.7
2018-08-19T00:38:17,-18.125,-177.72,580.4,5.2
2018-08-19T00:38:46,-18.263,-178.016,584.2,5.2
2018-08-19T00:39:07,-17.915,-177.987,575.5,5.7
2018-08-19T00:39:23,-17.686,-177.838,643.8,5.3
2018-08-19T00:52:32,-18.116,-178.286,511.3,5.3
2018-08-19T00:55:44,-18.229,-178.1,537.6,5.6
2018-08-19T00:56:25,-17.925,-177.945,558.2,5.1
2018-08-19T00:58:31,-17.838,-178.08,511.6,5.3
2018-08-19T01:58:27,-35.339,-106.118,10.0,5.1
2018-08-19T02:18:52,-18.275,-178.354,618.3,5.7
2018-08-19T02:19:18,-18.073,-178.021,607.0,5.6
2018-08-19T02:25:49,-18.057,-177.883,586.8,5.0
2018-08-19T03:07:27,-18.207,-178.61,555.0,5.0
2018-08-19T04:05:44,23.573,143.364,10.0,5.2
2018-08-19T04:06:13,-8.405,116.577,10.0,5.4
2018-08-19T04:10:22,-8.337,116.599,16.0,6.3
2018-08-19T04:22:31,-0.712,99.789,81.1,5.2
2018-08-19T04:28:58,-16.978,-178.033,415.6,6.4
2018-08-19T06:21:48,-5.144,151.964,43.9,5.0
2018-08-19T06:36:54,-18.171,-178.272,517.9,5.2
2018-08-19T07:56:31,-30.215,-177.976,35.0,5.3
2018-08-19T11:00:30,-18.025,-177.961,543.7,5.2
2018-08-19T14:56:27,-8.319,116.627,21.0,6.9
2018-08-19T15:04:02,-8.284,116.594,10.0,5.6
2018-08-19T15:16:35,-8.351,116.556,10.0,5.8
2018-08-19T15:21:55,-18.73,-177.677,577.6,5.0
2018-08-19T15:22:14,37.29,36.364,10.0,5.1
2018-08-19T15:28:58,-8.391,116.557,10.0,5.5
2018-08-19T15:30:05,-3.098,130.6,25.5,5.2
2018-08-19T16:21:07,-8.415,116.826,10.0,5.0
2018-08-19T16:37:37,-8.377,116.847,10.0,5.3
2018-08-19T18:23:23,-8.383,116.888,10.0,5.2
2018-08-19T21:50:10,-8.323,116.644,10.0,5.1
2018-08-19T23:54:29,-56.066,-143.529,10.0,5.1
2018-08-20T01:30:31,-8.301,116.699,6.2,5.2
2018-08-20T07:38:26,9.56,57.956,10.0,5.0
2018-08-20T07:49:31,-56.607,-25.04,10.0,5.0
2018-08-20T08:38:00,-18.177,-178.182,535.4,5.5
2018-08-20T10:51:05,1.041,97.376,25.7,5.2
2018-08-20T11:40:05,-18.247,-178.112,549.4,5.0
2018-08-21T01:09:25,-8.543,116.952,10.0,5.2
2018-08-21T04:10:27,19.113,121.203,26.0,5.0
2018-08-21T05:47:57,-10.725,41.352,10.0,5.0
2018-08-21T06:24:16,-15.058,-173.068,10.0,5.1
2018-08-21T06:28:57,-17.983,-178.088,555.7,5.0
2018-08-21T21:31:40,10.658,-62.852,108.9,5.3
2018-08-21T21:31:47,10.773,-62.902,146.8,7.3
2018-08-21T22:32:26,-16.032,168.143,9.0,6.5
2018-08-22T09:31:45,43.564,-127.717,10.0,6.2
2018-08-22T13:27:48,10.659,-62.929,108.0,5.8
2018-08-22T15:06:27,41.402,142.544,41.3,5.0
2018-08-22T17:34:06,-16.025,168.201,10.0,5.1
2018-08-22T18:03:07,16.605,-98.73,16.9,5.3
2018-08-22T18:49:36,-6.968,155.728,34.0,5.8
2018-08-22T19:58:41,3.654,126.575,12.0,5.1
2018-08-22T20:26:29,-52.734,27.9,10.0,5.6
2018-08-22T20:58:50,-5.441,152.001,56.3,5.0
2018-08-22T21:56:20,-7.703,154.991,10.0,5.2
2018-08-22T22:48:42,-9.083,114.822,71.0,5.1
2018-08-22T22:49:11,-61.178,154.167,10.0,5.6
2018-08-23T03:35:12,51.35,-177.76,20.0,6.3
2018-08-23T03:41:15,-18.216,-178.199,543.1,5.1
2018-08-23T03:44:05,-6.391,103.607,20.0,5.2
2018-08-23T09:44:02,-17.229,-69.508,157.8,5.0
2018-08-23T10:52:45,27.112,54.214,10.0,5.0
2018-08-23T11:13:08,23.079,143.98,39.9,5.0
2018-08-24T04:33:27,11.153,126.058,10.0,5.4
2018-08-24T09:04:08,-11.036,-70.828,630.0,7.1
2018-08-24T10:49:27,10.541,91.712,10.0,5.5
2018-08-24T14:15:55,41.125,142.627,43.2,5.3
2018-08-24T16:29:03,-5.916,147.182,82.5,5.4
2018-08-25T16:50:01,52.095,-171.125,23.0,5.9
2018-08-25T18:33:15,-8.422,116.926,11.6,5.5
2018-08-25T22:13:25,34.611,46.242,10.0,6.0
2018-08-26T05:43:25,-5.051,152.143,61.2,5.2
2018-08-26T05:57:12,44.244,149.559,10.0,5.2
2018-08-26T07:26:06,-20.887,-173.909,10.0,5.4
2018-08-26T09:07:55,-56.216,-27.602,123.2,5.2
2018-08-26T14:33:01,-3.094,136.776,48.5,5.0
2018-08-26T16:09:10,-22.132,170.28,15.0,5.4
2018-08-27T03:19:01,58.725,158.694,10.0,5.0
2018-08-27T09:16:04,-29.718,-71.545,54.8,5.0
2018-08-27T20:09:21,-61.794,-58.049,49.0,5.6
2018-08-28T04:51:40,-29.684,-71.364,35.0,5.2
2018-08-28T07:08:11,-10.773,124.187,14.0,6.2
2018-08-28T07:13:32,-10.631,124.136,8.2,5.7
2018-08-28T11:55:45,-10.871,124.217,10.0,5.0
2018-08-28T12:57:13,38.821,48.812,10.0,5.0
2018-08-28T13:09:11,-18.03,-177.939,600.6,5.7
2018-08-28T18:36:32,-9.022,110.145,40.0,5.2
2018-08-28T22:35:13,16.804,146.84,55.0,6.4
2018-08-29T01:24:57,-16.426,178.037,23.0,5.8
2018-08-29T03:51:56,-22.03,170.126,21.4,7.1
2018-08-29T04:01:12,-22.034,170.029,26.7,5.1
2018-08-29T04:03:14,-22.11,170.092,10.0,5.3
2018-08-29T04:04:36,-21.918,170.0,10.0,5.1
2018-08-29T04:27:13,-22.149,169.791,10.0,5.1
2018-08-29T04:48:35,-22.239,170.199,10.0,5.2
2018-08-29T13:27:56,-22.403,170.334,10.0,5.0
2018-08-29T18:57:34,-5.226,145.525,78.2,5.0
2018-08-29T21:33:42,8.668,-83.129,14.0,5.4
2018-08-30T15:21:02,-1.259,138.444,34.5,5.2
2018-08-30T16:24:46,-22.246,170.243,11.0,5.5
2018-08-31T04:26:30,-21.224,168.417,7.4,5.2
2018-08-31T07:12:25,39.33,21.683,10.4,5.1
2018-08-31T13:25:01,-32.206,-70.479,96.3,5.0
2018-08-31T14:40:27,13.557,120.843,116.3,5.5
2018-08-31T17:19:02,-22.255,170.037,10.0,5.3
2018-08-31T21:05:44,34.651,46.074,10.0,5.3
2018-08-31T21:53:35,-10.815,124.28,10.0,5.1
2018-09-01T06:13:45,-28.98,74.559,10.0,5.5
2018-09-01T14:23:23,51.33,-177.682,35.0,5.1
2018-09-01T15:43:00,27.956,139.913,435.0,5.6
2018-09-02T00:15:46,-8.13,116.409,16.1,5.3
2018-09-02T14:26:18,-55.527,-27.852,10.0,5.0
2018-09-02T17:21:50,-56.717,-142.068,10.0,5.4
2018-09-02T17:56:43,-7.019,155.399,35.0,5.1
2018-09-03T00:58:42,17.536,147.505,25.9,5.1
2018-09-03T02:16:19,-3.886,150.275,10.0,5.5
2018-09-03T07:15:29,-3.818,150.177,10.0,5.6
2018-09-03T20:35:50,-58.012,-25.263,29.4,5.6
2018-09-03T21:52:56,39.394,76.878,10.0,5.5
2018-09-03T23:37:17,1.439,-85.262,10.0,5.9
2018-09-04T13:32:29,-57.906,-25.354,35.0,5.0
2018-09-04T14:37:48,-57.902,-25.463,35.0,5.2
2018-09-04T18:38:02,-58.274,-24.829,10.0,5.1
2018-09-04T20:11:19,36.48,141.392,39.5,5.4
2018-09-04T22:58:19,54.808,57.978,10.0,5.0
2018-09-04T23:22:54,-28.928,74.5,10.0,5.4
2018-09-05T00:36:23,-58.318,-24.932,10.0,5.6
2018-09-05T00:43:12,-58.331,-24.931,10.0,5.0
2018-09-05T03:33:14,-58.27,-25.09,20.7,5.4
2018-09-05T05:09:42,-58.369,-24.89,35.0,5.3
2018-09-05T16:05:46,-24.095,-174.893,10.0,5.5
2018-09-05T18:07:59,42.686,141.929,35.0,6.6
2018-09-05T18:17:10,42.639,142.001,35.0,5.3
2018-09-05T18:20:11,42.59,142.047,35.0,5.2
2018-09-05T20:16:41,-34.44,-70.514,113.1,5.1
2018-09-05T21:11:28,42.683,142.0,29.3,5.3
2018-09-06T00:13:50,0.821,96.895,10.0,5.4
2018-09-06T05:13:38,-17.985,-178.524,528.0,5.5
2018-09-06T06:43:09,-8.343,116.968,10.0,5.0
2018-09-06T15:49:18,-18.474,179.35,670.8,7.9
2018-09-06T15:56:41,-18.277,179.314,656.4,5.7
2018-09-06T15:57:24,-17.61,-178.907,658.4,5.4
2018-09-06T15:58:27,-18.186,-179.238,623.8,5.1
2018-09-06T16:01:45,-13.933,170.824,643.6,5.2
2018-09-06T16:02:50,-18.065,-179.526,630.3,5.3
2018-09-06T16:07:34,-17.145,-178.821,630.4,5.0
2018-09-06T16:08:21,-17.993,-179.669,660.4,5.1
2018-09-06T16:08:59,-17.933,-179.857,633.2,5.2
2018-09-06T16:10:12,-18.507,-179.651,646.5,5.0
2018-09-06T16:10:59,-17.856,179.995,631.6,5.1
2018-09-06T16:23:03,-17.918,-179.814,625.8,5.1
2018-09-06T16:31:32,-18.11,-179.781,623.8,5.4
2018-09-07T01:47:23,8.054,-77.603,10.0,5.4
2018-09-07T02:12:06,-2.253,-78.79,110.5,6.2
2018-09-07T02:39:17,-28.87,-69.946,93.1,5.8
2018-09-07T03:56:05,-30.136,-178.004,35.0,5.0
2018-09-07T05:10:14,-18.134,-178.013,603.2,5.3
2018-09-07T06:23:38,28.326,59.32,10.0,5.6
2018-09-07T13:07:15,-3.268,146.57,10.0,5.4
2018-09-07T17:14:38,-8.377,116.636,26.4,5.0
2018-09-07T20:44:09,2.75,124.902,189.0,5.4
2018-09-07T22:14:03,-61.044,160.533,10.0,5.0
2018-09-08T02:31:30,23.332,101.578,8.0,5.7
2018-09-08T07:16:49,7.238,126.478,10.0,6.2
2018-09-08T10:02:48,-22.227,170.203,9.0,5.8
2018-09-08T14:38:56,-4.367,-81.514,10.0,5.1
2018-09-08T22:27:29,-24.293,-175.78,10.0,5.5
2018-09-09T00:06:24,-24.966,179.871,489.1,5.5
2018-09-09T19:31:35,-10.021,161.502,68.0,6.5
2018-09-09T23:34:15,-22.367,170.309,10.0,5.0
2018-09-10T03:50:15,-8.122,116.583,10.0,5.0
2018-09-10T04:19:02,-31.745,-179.373,115.0,6.9
2018-09-10T08:24:15,-28.739,-71.696,35.0,5.3
2018-09-10T11:57:03,10.735,126.136,10.0,5.3
2018-09-10T19:31:37,-21.988,170.158,12.0,6.3
2018-09-10T20:22:24,-8.19,116.512,10.0,5.0
2018-09-10T20:24:41,-17.899,-178.001,577.0,5.1
2018-09-10T23:02:56,37.23,30.613,108.1,5.1
2018-09-11T15:09:27,-54.229,-146.643,10.0,5.3
2018-09-11T15:14:08,-54.198,-146.692,10.0,5.4
2018-09-12T00:28:09,45.608,150.015,80.7,5.1
2018-09-12T04:50:46,26.371,90.161,10.0,5.3
2018-09-12T06:21:48,36.185,31.056,50.0,5.3
2018-09-12T06:29:53,12.193,-86.784,103.0,5.4
2018-09-12T07:27:50,-5.276,102.388,42.9,5.1
2018-09-12T11:06:34,32.723,105.662,10.0,5.0
2018-09-12T22:32:39,-3.814,151.617,10.0,5.1
2018-09-12T22:51:04,-39.893,44.452,10.0,5.1
2018-09-13T11:38:04,-55.877,-123.211,10.0,5.5
2018-09-13T16:49:17,3.171,128.122,140.6,5.0
2018-09-13T17:34:12,-34.824,-179.347,20.1,5.3
2018-09-14T04:12:36,-7.729,-74.646,139.7,5.1
2018-09-14T07:51:24,7.062,94.18,75.8,5.1
2018-09-14T11:20:03,-15.994,-71.437,129.6,5.4
2018-09-14T15:50:17,-2.737,138.775,48.0,5.8
2018-09-15T00:08:21,26.73,129.643,9.3,5.7
2018-09-15T00:40:56,-23.046,171.298,10.0,5.2
2018-09-15T04:40:19,26.697,129.559,10.0,5.4
2018-09-15T08:05:12,26.737,129.498,10.0,5.1
2018-09-15T08:05:29,26.683,129.602,10.0,5.7
2018-09-15T08:32:21,26.6,129.56,10.0,5.0
2018-09-15T10:45:32,18.146,147.236,10.0,5.1
2018-09-15T12:42:17,-55.061,-129.04,10.0,5.0
2018-09-15T15:37:59,26.69,129.639,10.2,5.2
2018-09-15T15:40:15,49.851,156.17,49.3,5.4
2018-09-15T16:24:34,26.574,129.528,10.2,5.6
2018-09-16T04:56:25,-34.315,116.759,10.0,5.3
2018-09-16T06:54:33,-4.912,102.957,50.1,5.0
2018-09-16T13:10:48,-18.082,-177.961,550.3,5.4
2018-09-16T15:00:30,-14.61,166.817,35.0,5.3
2018-09-16T21:11:48,-25.415,178.199,576.0,6.5
2018-09-17T00:24:14,-15.393,167.497,117.3,5.3
2018-09-17T02:01:39,-24.496,-175.478,10.0,5.1
2018-09-17T02:32:09,26.71,129.701,10.0,5.0
2018-09-17T09:32:40,-25.266,178.31,568.9,5.0
2018-09-18T02:03:55,-6.369,147.695,43.6,5.0
2018-09-18T07:24:41,-24.428,-175.254,10.0,5.1
2018-09-18T07:27:41,-37.814,49.776,10.0,6.0
2018-09-18T09:24:17,-30.041,-177.731,67.0,5.2
2018-09-18T09:25:29,-7.406,125.822,10.0,5.2
2018-09-18T10:57:50,-37.882,49.968,10.0,5.0
2018-09-18T11:57:53,-8.311,157.193,17.0,5.9
2018-09-18T12:38:35,-20.517,-178.188,516.2,5.5
2018-09-18T12:40:56,69.568,-144.161,16.5,5.1
2018-09-18T16:21:49,38.462,141.558,56.5,5.1
2018-09-18T20:58:23,-27.949,-176.796,32.0,5.0
2018-09-19T08:53:14,10.377,56.924,10.0,5.2
2018-09-19T18:42:21,-19.54,-70.389,62.6,5.0
2018-09-20T02:36:41,4.461,127.786,120.3,5.1
2018-09-20T04:55:34,16.969,145.592,219.4,5.2
2018-09-20T05:47:37,-9.089,158.311,15.0,5.6
2018-09-20T06:45:00,-9.012,158.196,10.0,5.1
2018-09-20T07:05:26,-6.507,152.678,10.0,5.0
2018-09-20T09:21:18,14.686,-93.79,9.0,5.4
2018-09-20T14:04:37,-34.727,-16.039,10.0,5.1
2018-09-21T03:40:40,-17.907,-179.978,652.4,5.9
2018-09-21T03:41:41,-17.834,-179.88,638.6,5.7
2018-09-21T12:49:28,2.419,-95.449,10.0,5.6
2018-09-22T08:35:13,45.173,150.547,33.1,5.0
2018-09-22T08:42:31,-7.048,-12.825,10.0,5.0
2018-09-22T10:58:01,26.664,129.657,10.0,5.4
2018-09-22T13:13:59,-25.9,-70.938,28.4,5.4
2018-09-22T18:35:36,-21.334,-173.924,10.0,5.1
2018-09-22T19:16:52,-6.698,130.478,80.1,5.0
2018-09-23T03:09:35,0.444,126.32,10.0,5.3
2018-09-23T05:32:11,-24.351,-70.041,61.2,5.3
2018-09-23T05:39:57,-49.221,120.664,10.0,5.1
2018-09-23T05:45:50,19.65,-71.274,19.8,5.2
2018-09-23T05:52:15,12.222,146.238,32.0,5.8
2018-09-23T14:59:52,-24.171,-175.52,10.0,5.1
2018-09-24T03:42:21,-6.307,145.779,117.5,5.0
2018-09-24T17:13:10,-60.63,-25.702,10.0,5.3
2018-09-25T02:16:27,10.374,126.112,58.1,5.0
2018-09-25T08:53:40,48.194,155.094,35.0,5.1
2018-09-25T19:41:27,-33.113,-179.131,10.0,5.0
2018-09-25T22:56:47,-15.34,-74.897,53.2,5.2
2018-09-26T00:37:34,-17.981,-178.086,582.4,5.8
2018-09-26T09:27:42,-0.726,133.371,32.3,5.2
2018-09-26T17:33:35,-34.941,-107.608,10.0,5.7
2018-09-26T17:51:41,4.548,97.813,10.0,5.1
2018-09-27T04:44:32,10.39,126.154,42.7,5.0
2018-09-27T05:29:00,-6.862,131.112,48.2,5.1
2018-09-27T10:21:49,36.806,21.435,10.0,5.4
2018-09-27T10:25:47,-58.185,-9.59,10.0,5.8
2018-09-27T15:53:32,-5.928,154.752,168.3,5.2
2018-09-27T21:13:19,34.217,80.69,10.0,5.0
2018-09-27T22:25:44,-18.14,-178.196,545.8,5.4
2018-09-28T06:21:54,-26.493,67.589,10.0,5.6
2018-09-28T06:59:59,-0.401,119.77,5.0,6.1
2018-09-28T07:03:18,-0.21,120.018,10.0,5.4
2018-09-28T07:06:39,-26.513,67.62,10.0,5.7
2018-09-28T07:19:46,54.549,161.513,35.0,5.0
2018-09-28T08:24:58,-0.346,119.868,10.0,5.1
2018-09-28T10:02:45,-0.256,119.846,20.0,7.5
2018-09-28T10:14:20,-0.018,119.755,10.0,5.8
2018-09-28T10:16:48,-0.875,120.034,10.0,5.7
2018-09-28T10:25:04,-1.046,119.935,10.0,5.8
2018-09-28T10:26:11,-1.107,119.468,10.0,5.3
2018-09-28T10:39:03,-0.685,119.87,10.0,5.4
2018-09-28T10:47:44,-0.55,119.869,10.0,5.2
2018-09-28T10:50:25,-0.781,119.915,10.0,5.6
2018-09-28T11:01:28,-26.612,67.725,10.0,5.1
2018-09-28T11:06:50,-1.504,120.058,10.0,5.2
2018-09-28T12:27:33,-0.457,119.88,10.0,5.2
2018-09-28T12:32:43,15.116,-60.391,27.4,5.4
2018-09-28T13:35:30,0.059,119.683,10.0,5.7
2018-09-28T13:39:44,-1.414,119.966,10.0,5.2
2018-09-28T14:26:00,0.082,119.549,10.0,5.4
2018-09-28T15:35:42,-1.322,119.795,10.0,5.0
2018-09-28T21:24:01,-1.586,120.181,10.0,5.0
2018-09-29T07:40:11,-1.51,120.183,10.0,5.1
2018-09-29T10:30:18,-1.459,120.214,10.0,5.1
2018-09-30T10:52:23,-18.36,-178.063,550.0,6.7
2018-09-30T21:58:01,-5.761,146.79,85.5,5.0
2018-10-01T04:26:28,-26.562,67.66,10.0,5.1
2018-10-01T04:27:59,-36.196,52.492,10.0,5.3
2018-10-01T05:43:34,-0.015,119.626,10.0,5.2
2018-10-01T06:02:50,-26.534,67.564,10.0,5.1
2018-10-01T07:21:40,-26.653,67.603,10.0,5.3
2018-10-01T13:20:59,-24.093,-176.145,35.0,5.0
2018-10-01T13:24:44,12.905,92.235,25.6,5.1
2018-10-01T15:11:49,-45.758,-75.862,10.0,5.2
2018-10-01T18:16:42,-26.586,67.583,10.0,5.3
2018-10-01T21:43:03,16.766,-94.01,119.8,5.3
2018-10-01T23:12:02,-10.5,120.17,10.0,5.0
2018-10-01T23:46:38,-0.675,119.877,10.0,5.2
2018-10-01T23:59:42,-10.558,120.242,29.0,6.0
2018-10-02T00:16:45,-10.475,120.143,26.0,5.9
2018-10-02T04:49:31,-10.472,120.119,17.6,5.7
2018-10-02T04:59:26,-1.594,120.223,10.0,5.1
2018-10-02T05:15:30,0.266,126.244,15.7,5.1
2018-10-02T10:08:37,-17.836,167.836,10.0,5.7
2018-10-03T05:23:24,-10.404,160.662,10.0,5.2
2018-10-03T05:46:17,-28.209,-176.006,10.0,5.0
2018-10-03T09:58:06,-10.546,120.235,15.0,5.1
2018-10-03T12:38:05,-10.43,120.133,16.6,5.2
2018-10-03T23:59:41,-56.144,-27.231,64.9,5.2
2018-10-04T03:41:34,56.055,163.902,22.1,5.1
2018-10-04T04:16:21,-17.837,-178.522,590.0,5.5
2018-10-04T22:44:32,26.606,129.47,10.0,5.0
2018-10-04T23:58:48,42.599,142.036,16.9,5.0
2018-10-05T01:46:01,-14.546,-71.548,10.0,5.2
2018-10-05T01:56:36,-3.474,149.672,10.0,5.0
2018-10-05T14:59:44,-5.691,-11.525,10.0,5.8
2018-10-05T15:13:28,-5.594,-11.401,10.0,5.1
2018-10-05T18:16:11,-42.652,78.595,10.0,5.2
2018-10-05T21:08:26,-21.979,169.6,5.6,5.4
2018-10-06T16:22:32,-5.588,150.252,115.7,5.0
2018-10-06T23:01:01,-6.221,148.894,52.5,5.0
2018-10-07T00:10:04,7.661,-37.708,10.0,5.8
2018-10-07T00:11:51,20.034,-73.013,24.0,5.9
2018-10-07T01:06:51,-54.39,-135.527,10.0,5.6
2018-10-07T01:44:22,-54.646,-135.748,10.0,5.4
2018-10-07T09:44:28,-7.331,-13.147,10.0,5.0
2018-10-07T17:42:21,-28.121,-179.265,400.0,5.6
2018-10-07T17:57:21,-8.361,116.823,10.0,5.1
2018-10-07T20:00:18,20.041,-73.014,23.0,5.4
2018-10-08T12:05:56,23.634,-108.933,7.0,5.5
2018-10-08T21:16:05,-1.146,119.772,10.0,5.2
2018-10-09T07:45:11,49.396,156.242,19.0,6.1
2018-10-09T19:05:42,-23.558,-13.406,10.0,5.4
2018-10-09T23:12:31,-18.481,-175.399,232.0,5.1
2018-10-10T02:02:59,-6.149,147.456,36.2,5.5
2018-10-10T04:55:15,-55.695,-27.358,35.0,5.0
2018-10-10T05:53:57,-6.225,146.808,109.1,5.0
2018-10-10T06:27:58,55.64,-158.895,48.3,5.0
2018-10-10T10:28:04,19.033,95.608,10.0,5.1
2018-10-10T16:18:27,-10.9,162.383,35.0,5.1
2018-10-10T18:44:55,-7.452,114.455,9.0,6.0
2018-10-10T19:04:10,-55.207,-128.879,10.0,5.4
2018-10-10T20:45:25,-5.743,151.353,41.6,6.1
2018-10-10T20:48:20,-5.701,151.205,39.0,7.0
2018-10-10T20:59:00,-5.912,151.056,45.1,5.9
2018-10-10T21:13:14,-5.924,151.138,19.6,5.9
2018-10-10T22:00:34,-4.962,151.723,121.0,6.2
2018-10-10T23:16:02,49.29,156.297,20.0,6.5
2018-10-10T23:16:52,-24.756,-176.912,104.2,5.2
2018-10-10T23:19:42,49.126,156.302,10.0,5.2
2018-10-10T23:21:50,49.2,156.28,10.0,5.5
2018-10-11T00:14:39,49.326,156.206,10.0,5.4
2018-10-11T01:30:20,49.344,156.096,10.0,5.0
2018-10-11T02:16:16,49.224,156.2,10.0,5.2
2018-10-11T02:55:45,-4.997,126.723,15.1,5.6
2018-10-11T05:47:32,49.197,156.15,10.0,5.2
2018-10-11T15:08:10,49.241,156.235,17.0,5.1
2018-10-12T02:52:02,-6.289,151.031,10.0,5.6
2018-10-12T04:15:47,35.755,140.758,34.5,5.2
2018-10-12T09:40:13,-55.123,-128.878,10.0,5.6
2018-10-12T21:09:49,14.197,-91.197,64.3,5.7
2018-10-12T21:38:24,47.141,146.659,355.4,5.1
2018-10-13T00:13:23,-13.747,-76.327,39.9,5.2
2018-10-13T00:13:45,-13.682,167.247,197.4,5.7
2018-10-13T04:34:14,1.515,125.309,97.2,5.2
2018-10-13T11:10:22,52.855,153.243,461.0,6.7
2018-10-13T19:38:25,-8.835,105.38,10.0,5.1
2018-10-14T05:05:34,-41.938,88.505,10.0,5.7
2018-10-14T11:07:50,-52.562,12.941,10.0,5.0
2018-10-14T12:41:14,-42.292,88.693,10.0,5.9
2018-10-14T16:27:21,-41.87,88.448,10.0,5.0
2018-10-14T23:53:14,67.774,-156.396,10.5,5.0
2018-10-15T01:32:12,54.136,159.486,121.0,5.3
2018-10-15T05:31:53,-59.448,149.353,10.0,5.4
2018-10-15T16:26:51,3.875,95.896,49.7,5.0
2018-10-15T19:35:56,-6.048,151.21,10.0,5.5
2018-10-15T19:40:31,-6.174,151.214,10.0,5.2
2018-10-16T00:28:13,-21.923,169.487,12.0,6.3
2018-10-16T01:03:43,-21.743,169.522,17.0,6.5
2018-10-16T01:14:35,-21.811,169.473,10.0,5.7
2018-10-16T01:17:52,-21.763,169.536,10.0,5.1
2018-10-16T01:18:52,-21.637,169.661,10.0,5.1
2018-10-16T01:20:55,-22.174,169.748,10.0,5.1
2018-10-16T01:22:40,-21.512,169.698,10.0,5.0
2018-10-16T01:29:02,-21.958,169.672,10.0,5.2
2018-10-16T01:31:24,-21.746,169.613,10.0,5.3
2018-10-16T01:38:23,-21.818,169.473,10.0,5.4
2018-10-16T02:10:13,44.202,82.58,25.1,5.2
2018-10-16T03:03:27,-21.956,169.382,10.0,5.1
2018-10-16T03:14:31,-21.98,169.789,10.0,5.1
2018-10-16T03:32:44,-21.804,169.548,10.0,5.2
2018-10-16T03:52:05,8.555,122.688,35.0,5.0
2018-10-16T04:08:57,-22.137,169.565,10.0,5.2
2018-10-16T04:21:21,-21.959,169.556,10.0,5.0
2018-10-16T04:42:41,-21.947,169.594,10.0,5.6
2018-10-16T05:34:51,-21.813,169.486,10.0,5.1
2018-10-16T06:49:49,-21.746,169.496,10.0,5.1
2018-10-16T08:35:36,0.95,-28.219,10.0,5.5
2018-10-16T12:50:28,-35.437,-104.117,10.0,5.3
2018-10-17T00:57:43,-11.608,166.316,35.0,5.7
2018-10-17T01:23:08,-21.752,169.602,10.0,5.3
2018-10-17T03:57:24,-43.62,-16.332,10.0,5.5
2018-10-17T04:12:46,-43.722,-16.107,10.0,5.2
2018-10-17T13:29:08,29.127,141.001,80.2,5.2
2018-10-17T18:34:50,12.368,124.664,101.9,5.1
2018-10-18T15:18:04,-37.045,78.241,10.0,5.0
2018-10-19T02:31:58,-29.511,-175.986,10.0,5.0
2018-10-19T05:55:12,-2.821,139.117,58.0,5.5
2018-10-19T09:19:33,-10.232,123.745,10.0,5.1
2018-10-19T13:25:46,38.41,73.893,123.0,5.1
2018-10-19T15:20:27,-24.758,-179.99,479.5,5.3
2018-10-19T17:13:30,-47.352,-12.136,10.0,5.0
2018-10-20T09:47:52,-6.516,128.271,358.8,5.6
2018-10-20T14:21:34,23.178,143.765,34.6,5.0
2018-10-20T18:51:57,5.215,126.53,80.9,5.3
2018-10-21T01:40:37,-29.536,60.752,10.0,5.8
2018-10-21T16:35:11,11.307,-59.863,22.3,5.1
2018-10-21T21:08:56,-1.854,-79.874,68.9,5.1
2018-10-22T05:39:39,49.259,-129.412,10.0,6.5
2018-10-22T06:16:26,49.335,-129.289,10.0,6.8
2018-10-22T06:22:48,49.297,-129.724,10.0,6.5
2018-10-22T10:47:18,37.546,141.475,43.0,5.0
2018-10-22T16:07:48,-1.669,120.18,10.0,5.1
2018-10-22T16:27:00,49.069,-128.992,10.0,5.2
2018-10-22T21:37:26,44.202,82.594,10.0,5.1
2018-10-23T04:34:58,24.115,122.603,30.0,5.8
2018-10-23T04:38:09,-22.515,171.142,53.5,5.3
2018-10-23T11:55:37,-55.808,-123.102,10.0,5.5
2018-10-23T16:04:04,23.991,122.679,31.0,5.7
2018-10-24T06:57:09,-5.774,151.381,52.5,5.1
2018-10-24T11:29:00,-16.388,178.054,10.0,5.2
2018-10-25T18:32:41,-16.553,-174.311,200.4,5.4
2018-10-25T18:36:09,38.316,141.785,40.0,5.7
2018-10-25T22:22:54,37.45,20.585,10.0,5.1
2018-10-25T22:54:52,37.52,20.556,14.0,6.8
2018-10-25T23:09:21,37.243,20.615,10.0,5.1
2018-10-25T23:15:23,1.526,126.321,10.0,5.1
2018-10-26T00:32:54,37.724,20.348,10.0,5.0
2018-10-26T01:06:04,37.406,20.847,10.0,5.0
2018-10-26T03:04:53,44.494,145.459,10.0,5.6
2018-10-26T03:06:18,44.449,145.566,10.0,5.1
2018-10-26T05:48:37,37.489,20.601,10.0,5.1
2018-10-26T09:05:39,17.406,147.881,8.0,5.9
2018-10-26T12:41:12,37.547,20.565,10.0,5.1
2018-10-26T17:02:11,-9.576,158.831,10.4,5.0
2018-10-27T05:17:26,-6.248,152.38,10.0,5.3
2018-10-27T16:57:28,65.228,-151.574,14.8,5.1
2018-10-28T00:37:31,-5.701,151.078,44.8,5.4
2018-10-28T00:38:11,45.658,26.397,151.0,5.5
2018-10-28T08:09:56,4.117,126.523,23.7,5.2
2018-10-28T20:41:46,-21.099,169.742,68.6,5.0
2018-10-28T22:23:53,13.035,-90.369,22.0,6.1
2018-10-29T01:27:44,31.613,140.252,94.0,5.5
2018-10-29T03:18:40,-58.541,-25.006,35.0,5.0
2018-10-29T06:54:21,-57.434,-66.383,10.0,6.3
2018-10-29T07:01:11,-57.586,-66.42,10.0,5.1
2018-10-29T07:41:54,-16.103,167.969,169.1,5.0
2018-10-29T13:41:13,8.66,126.805,10.0,5.2
2018-10-29T14:40:33,8.538,126.76,10.0,5.2
2018-10-29T14:41:46,8.324,126.626,10.0,5.1
2018-10-29T14:51:46,8.635,126.762,10.0,5.3
2018-10-29T20:17:22,-57.55,-66.304,10.0,5.8
2018-10-29T21:07:13,-57.542,-66.164,10.0,5.6
2018-10-29T21:11:17,-6.883,104.934,27.3,5.1
2018-10-29T21:31:16,8.684,-77.205,10.0,5.0
2018-10-29T23:26:08,-4.574,-105.915,10.0,5.8
2018-10-29T23:43:22,-4.585,-106.123,10.0,5.0
2018-10-30T02:13:39,-39.057,174.958,225.5,6.1
2018-10-30T02:59:58,37.586,20.488,10.0,5.1
2018-10-30T08:32:26,37.477,20.466,15.8,5.1
2018-10-30T11:48:02,-55.389,-28.245,10.0,5.0
2018-10-30T12:52:39,-4.248,152.098,179.2,5.0
2018-10-30T15:12:00,37.512,20.508,11.0,5.7
2018-10-31T07:26:22,26.882,-44.075,10.0,5.1
2018-10-31T08:29:58,27.793,102.22,24.3,5.1
2018-10-31T12:36:32,-57.388,-66.301,10.0,5.0
2018-10-31T23:09:01,30.289,87.465,10.0,5.0
2018-11-01T01:05:19,-55.898,-26.652,10.0,5.0
2018-11-01T19:30:20,-58.074,-25.206,29.0,5.8
2018-11-01T22:19:51,-19.583,-69.266,102.0,6.2
2018-11-02T07:53:54,33.672,135.148,28.2,5.4
2018-11-02T09:39:30,52.187,158.238,77.0,5.1
2018-11-02T11:01:15,47.833,146.697,433.0,6.0
2018-11-02T11:06:02,57.298,-33.015,10.0,5.4
2018-11-02T13:18:45,-6.379,153.436,10.0,5.4
2018-11-03T15:58:32,-3.759,101.821,45.6,5.2
2018-11-03T20:03:45,-39.338,-179.761,10.0,5.0
2018-11-04T07:55:29,7.76,123.867,600.7,6.0
2018-11-04T19:26:03,44.548,145.655,9.0,5.9
2018-11-05T14:46:58,29.238,130.53,36.2,5.0
2018-11-05T18:35:53,-2.917,119.478,10.0,5.1
2018-11-06T01:17:19,42.533,43.596,10.0,5.0
2018-11-06T16:11:39,-22.185,-174.53,10.0,5.5
2018-11-06T21:22:55,-45.534,-76.762,10.0,5.3
2018-11-07T09:42:25,-2.92,119.408,9.0,5.2
2018-11-08T01:18:39,-20.951,-178.432,556.5,5.0
2018-11-08T09:02:47,-15.274,-173.302,9.8,5.0
2018-11-08T13:39:38,-57.664,-147.192,10.0,5.2
2018-11-08T13:40:14,-2.929,119.424,10.0,5.0
2018-11-08T21:07:01,-34.351,116.839,10.0,5.2
2018-11-09T01:49:40,71.631,-11.243,10.0,6.7
2018-11-09T07:39:16,-42.596,-16.156,10.0,5.5
2018-11-09T07:54:52,-42.713,-16.02,10.0,5.7
2018-11-09T07:57:37,-42.577,-15.806,10.0,5.0
2018-11-09T09:20:30,8.715,-83.261,10.0,5.4
2018-11-09T18:54:10,-30.628,-71.711,25.8,5.2
2018-11-10T07:17:52,0.827,-29.729,10.0,5.3
2018-11-10T08:02:16,-5.812,151.721,51.0,5.5
2018-11-10T08:33:21,-20.454,-174.008,35.0,6.1
2018-11-10T16:05:11,-1.884,138.726,10.0,5.0
2018-11-10T17:15:46,23.972,93.392,52.4,5.2
2018-11-11T00:28:04,-18.558,-173.164,10.0,5.1
2018-11-11T07:13:38,1.505,127.173,124.4,5.1
2018-11-11T14:03:59,15.565,-49.872,10.0,6.3
2018-11-11T15:56:56,-20.112,66.237,10.0,5.1
2018-11-11T19:42:06,-22.529,-174.288,10.0,5.0
2018-11-12T17:53:44,-18.652,-175.399,198.7,5.0
2018-11-12T22:37:27,-3.076,-103.397,10.0,5.6
2018-11-13T07:34:03,-4.669,137.097,10.0,5.3
2018-11-13T17:33:30,14.173,125.294,10.0,5.0
2018-11-14T17:23:31,-9.039,115.462,68.1,5.0
2018-11-14T18:26:56,11.092,140.675,10.0,5.2
2018-11-14T18:56:24,-60.449,-26.704,10.0,5.0
2018-11-14T21:21:50,55.641,161.994,49.0,6.1
2018-11-14T21:29:38,55.726,161.961,66.6,5.1
2018-11-14T23:01:21,-2.907,119.392,14.0,5.5
2018-11-15T00:09:05,71.301,-9.261,10.0,5.2
2018-11-15T02:26:13,11.773,143.492,10.0,5.0
2018-11-15T04:31:24,6.19,93.118,23.2,5.2
2018-11-15T16:49:41,-56.814,-25.572,10.0,5.5
2018-11-15T20:02:22,-56.706,-25.546,15.0,6.4
2018-11-15T20:07:21,-56.776,-25.547,10.0,5.2
2018-11-15T23:09:01,-56.236,-122.044,10.0,6.3
2018-11-16T03:03:47,-57.097,-142.805,10.0,5.2
2018-11-16T03:26:55,-10.538,163.168,10.0,6.2
2018-11-16T04:18:14,-56.591,-25.418,10.0,5.4
2018-11-16T05:03:44,-10.526,163.336,10.0,5.0
2018-11-16T05:25:24,-56.706,-25.435,10.0,5.1
2018-11-16T07:53:01,-57.578,-65.866,10.0,5.1
2018-11-16T10:17:03,-10.548,163.338,10.0,5.0
2018-11-16T13:34:11,-61.975,-26.523,10.0,5.2
2018-11-16T17:11:13,-10.696,163.068,10.0,5.2
2018-11-17T13:17:59,15.54,-49.907,10.0,5.5
2018-11-17T14:39:52,54.456,168.635,10.0,5.4
2018-11-17T16:43:14,-15.736,-179.919,10.0,5.1
2018-11-18T16:04:23,14.933,-44.983,10.0,5.0
2018-11-18T19:47:42,-10.535,163.094,13.9,5.2
2018-11-18T20:25:46,-17.874,-178.927,540.0,6.8
2018-11-19T03:56:15,-14.96,168.049,10.0,5.1
2018-11-19T13:05:56,37.282,20.617,10.6,5.2
2018-11-20T00:46:28,-15.237,-173.41,10.0,5.1
2018-11-20T00:55:17,-6.055,151.318,10.0,5.1
2018-11-20T02:28:57,2.702,126.825,20.3,5.2
2018-11-20T06:38:06,-9.848,-78.575,57.4,5.4
2018-11-20T10:21:49,-6.287,149.271,29.0,5.3
2018-11-20T19:09:48,30.42,130.067,123.0,5.5
2018-11-21T04:31:25,0.478,126.002,25.0,5.1
2018-11-21T18:21:44,59.955,-153.266,143.3,5.6
2018-11-22T16:07:05,-54.226,-137.505,10.0,5.9
2018-11-22T20:12:46,-12.669,167.06,193.9,5.0
2018-11-22T22:13:52,-21.065,-178.536,532.2,5.0
2018-11-23T10:51:58,-56.302,-26.988,76.0,5.6
2018-11-24T09:47:08,-6.604,150.589,10.0,5.0
2018-11-24T13:56:02,-33.816,56.2,10.0,5.1
2018-11-24T15:42:00,-21.118,-175.791,10.0,5.6
2018-11-24T20:41:13,9.31,-70.668,18.9,5.2
2018-11-24T23:42:39,-47.904,165.422,10.0,5.8
2018-11-25T03:40:50,13.182,-81.093,10.0,6.0
2018-11-25T06:14:31,-28.998,-177.321,40.0,5.6
2018-11-25T09:42:05,-5.46,146.77,231.0,5.3
2018-11-25T12:23:33,44.655,81.508,10.0,5.0
2018-11-25T16:37:32,34.361,45.744,18.0,6.3
2018-11-25T17:09:36,34.416,45.721,10.0,5.2
2018-11-25T20:56:36,13.165,-81.046,10.0,5.7
2018-11-25T22:09:53,13.054,-81.206,10.0,5.0
2018-11-25T23:00:46,34.238,45.644,10.0,5.0
2018-11-25T23:57:25,23.404,118.578,16.0,5.7
2018-11-26T00:24:40,-53.852,-134.227,10.0,5.3
2018-11-27T02:45:33,-17.892,-178.571,574.2,5.7
2018-11-27T05:11:05,-12.822,45.299,10.0,5.0
2018-11-27T05:37:59,19.373,-108.351,10.0,5.6
2018-11-27T09:22:16,-7.081,154.748,10.0,5.2
2018-11-27T09:30:18,-7.124,154.96,10.0,5.2
2018-11-27T12:03:27,-0.942,-13.828,10.0,5.7
2018-11-27T15:41:20,-21.368,171.334,10.0,5.7
2018-11-27T19:34:45,15.58,-49.837,10.0,5.5
2018-11-28T02:23:24,41.364,143.179,9.0,5.4
2018-11-28T10:17:06,27.199,96.918,11.0,5.4
2018-11-28T20:43:04,-4.373,153.004,10.0,5.1
2018-11-29T02:33:54,-13.564,-111.434,10.0,5.0
2018-11-29T20:21:44,0.227,96.998,9.9,5.8
2018-11-29T20:42:05,-8.702,109.793,89.2,5.0
2018-11-30T04:19:33,-56.47,-142.642,10.0,5.0
2018-11-30T05:46:08,-18.492,-173.932,10.0,5.2
2018-11-30T17:29:29,61.346,-149.955,46.7,7.1
2018-11-30T17:35:37,61.282,-149.957,40.8,5.8
2018-11-30T18:00:06,61.459,-149.954,40.2,5.2
2018-11-30T20:26:55,61.384,-150.08,37.7,5.0
2018-12-01T05:49:16,-20.952,-178.617,562.4,5.0
2018-12-01T07:07:37,61.483,-149.936,51.3,5.0
2018-12-01T07:57:22,61.355,-149.991,42.9,5.1
2018-12-01T12:42:14,-54.211,-2.169,10.0,5.3
2018-12-01T13:27:21,-7.384,128.706,136.0,6.4
2018-12-01T18:24:06,-19.195,-172.804,10.0,5.0
2018-12-01T23:55:24,-33.922,-72.401,10.0,5.5
2018-12-02T11:08:43,-22.086,170.477,10.0,5.2
2018-12-02T11:11:47,-22.154,170.726,10.0,5.0
2018-12-02T15:04:59,-54.763,18.498,10.0,5.4
2018-12-02T22:32:47,-21.252,171.453,10.0,5.5
2018-12-02T23:13:53,-52.571,17.998,10.0,5.5
2018-12-03T14:00:07,-7.362,128.748,131.0,5.5
2018-12-03T20:05:45,-0.474,67.294,10.0,5.4
2018-12-03T20:09:55,-6.397,147.424,63.0,5.0
2018-12-03T21:24:21,-22.729,-174.707,10.0,5.1
2018-12-04T04:50:26,-54.172,-2.093,10.0,5.0
2018-12-04T06:20:28,-56.238,-124.105,10.0,5.6
2018-12-04T06:52:58,2.378,126.847,36.8,5.5
2018-12-04T14:22:54,19.547,144.557,10.0,5.1
2018-12-04T22:29:59,0.323,97.16,10.0,5.1
2018-12-05T04:14:36,-22.016,169.35,10.0,6.3
2018-12-05T04:18:08,-21.95,169.427,10.0,7.5
2018-12-05T04:28:43,-21.608,169.439,10.0,5.9
2018-12-05T04:30:24,-21.843,169.147,10.0,5.9
2018-12-05T04:31:23,-21.905,169.484,10.0,5.7
2018-12-05T04:35:10,-21.994,169.276,10.0,5.5
2018-12-05T04:41:56,-21.72,169.205,10.0,5.8
2018-12-05T04:43:46,-22.055,169.45,10.0,5.3
2018-12-05T04:48:56,-21.57,169.566,10.0,5.1
2018-12-05T04:50:21,-21.928,169.204,10.0,5.3
2018-12-05T04:52:56,-21.847,169.461,10.0,5.2
2018-12-05T04:54:24,-22.187,169.748,10.0,5.3
2018-12-05T05:53:06,-22.408,169.621,10.0,5.3
2018-12-05T06:43:04,-22.063,169.733,10.0,6.6
2018-12-05T07:45:38,-22.403,169.459,10.0,5.2
2018-12-05T07:46:41,-21.679,168.847,10.0,5.2
2018-12-05T08:01:28,-22.152,169.208,10.0,5.2
2018-12-05T08:08:23,-22.004,169.307,10.0,5.0
2018-12-05T08:09:31,-21.942,169.236,10.0,5.2
2018-12-05T08:13:53,4.35,126.157,71.8,5.0
2018-12-05T08:20:32,-22.134,169.42,10.0,5.2
2018-12-05T08:32:40,-21.726,168.614,10.0,5.2
2018-12-05T10:13:37,-22.093,169.356,10.0,5.1
2018-12-05T10:14:29,-22.188,169.326,10.0,5.3
2018-12-05T10:19:09,-22.216,169.575,10.0,5.0
2018-12-05T10:42:21,-22.344,169.259,10.0,5.0
2018-12-05T15:18:40,38.554,70.569,10.0,5.0
2018-12-05T15:38:21,-22.01,169.579,10.0,5.1
2018-12-05T15:40:10,-21.733,169.301,10.0,5.4
2018-12-05T16:05:12,-12.798,168.538,618.3,5.1
2018-12-05T16:35:05,-22.315,169.171,10.0,5.2
2018-12-05T16:37:51,-21.784,169.018,10.0,5.1
2018-12-05T17:12:13,-33.658,-71.632,34.8,5.0
2018-12-05T20:01:27,-22.003,169.147,10.0,5.0
2018-12-05T21:32:18,-21.92,169.798,10.0,5.4
2018-12-05T23:20:39,-21.886,169.102,10.0,5.1
2018-12-05T23:45:35,-22.228,169.382,10.0,5.0
2018-12-06T01:02:46,-8.395,116.014,12.0,5.5
2018-12-06T03:49:22,-16.261,177.961,10.0,5.0
2018-12-06T04:02:27,-21.811,169.009,10.0,5.0
2018-12-06T04:17:24,-14.899,-75.822,10.0,5.0
2018-12-06T06:07:30,-21.918,168.978,10.0,5.2
2018-12-06T09:43:55,12.596,-86.979,159.8,5.1
2018-12-06T14:13:43,6.659,125.67,185.8,5.3
2018-12-06T17:32:40,-22.915,168.791,10.0,5.1
2018-12-06T18:07:29,-22.59,169.876,10.0,5.0
2018-12-06T18:44:22,-19.03,169.44,237.6,5.1
2018-12-06T23:26:59,-22.352,169.637,9.0,5.9
2018-12-07T01:03:01,-21.971,169.088,10.0,5.0
2018-12-07T04:26:28,-21.914,169.032,10.0,5.0
2018-12-07T04:37:03,-16.589,-173.544,19.9,5.3
2018-12-07T11:14:47,-21.948,170.11,10.0,5.0
2018-12-07T20:43:55,-22.007,169.118,10.0,5.0
2018-12-08T02:57:23,-22.004,169.298,10.0,5.1
2018-12-08T07:07:34,-21.968,169.633,36.1,5.1
2018-12-08T17:45:52,-3.527,101.519,42.1,5.2
2018-12-09T01:02:36,-41.139,-91.19,10.0,5.0
2018-12-09T15:15:40,23.982,121.586,16.6,5.1
2018-12-09T16:20:13,49.026,-128.875,10.0,5.4
2018-12-09T20:37:52,-21.947,169.107,10.0,5.0
2018-12-09T21:52:24,-20.783,169.97,131.8,5.0
2018-12-09T21:53:08,-22.1,169.108,10.0,5.1
2018-12-10T08:48:25,-41.081,43.538,10.0,5.1
2018-12-11T00:26:43,43.795,146.287,112.4,5.0
2018-12-11T02:26:29,-58.545,-26.386,133.0,7.1
2018-12-11T11:23:24,-0.118,124.482,46.4,5.1
2018-12-11T17:20:15,-1.55,98.755,27.0,5.2
2018-12-12T03:24:26,-20.176,-174.088,35.0,5.1
2018-12-12T09:14:25,-55.831,-30.107,13.1,5.3
2018-12-12T13:13:56,-55.669,-128.664,10.0,6.3
2018-12-12T14:37:12,18.144,146.014,111.9,5.0
2018-12-12T23:53:43,-19.54,169.708,10.0,5.1
2018-12-13T02:33:04,-22.135,169.006,10.0,5.1
2018-12-13T12:51:11,-21.976,168.956,21.0,5.2
2018-12-13T15:32:54,29.743,98.776,26.5,5.1
2018-12-14T06:17:30,57.411,-33.156,10.0,5.0
2018-12-14T16:02:10,26.311,140.738,465.8,5.1
2018-12-14T19:27:26,-0.04,122.964,147.9,5.2
2018-12-15T08:29:00,-21.868,168.879,10.0,5.0
2018-12-15T09:42:14,-30.406,-177.466,10.0,5.1
2018-12-15T20:21:54,-16.416,168.22,11.1,5.4
2018-12-15T21:21:03,23.766,122.001,19.3,5.1
2018-12-16T02:43:43,-16.291,168.196,10.0,5.2
2018-12-16T04:46:09,28.295,105.013,18.6,5.3
2018-12-16T07:44:03,-16.425,168.175,10.0,5.2
2018-12-16T09:42:37,-3.923,140.232,62.0,6.1
2018-12-16T09:48:20,-16.337,168.151,9.0,5.5
2018-12-16T13:01:18,-6.228,147.714,46.6,5.1
2018-12-16T14:26:19,-23.323,112.498,10.0,5.8
2018-12-16T16:15:39,-16.394,168.284,10.0,5.0
2018-12-17T11:14:23,-5.028,152.341,59.2,5.3
2018-12-17T15:52:20,-21.88,169.926,22.3,5.1
2018-12-17T17:23:16,-5.764,151.414,28.2,5.2
2018-12-18T01:15:44,23.168,143.874,10.0,5.0
2018-12-18T05:27:45,-16.29,167.903,10.0,5.0
2018-12-18T20:38:35,-25.583,-177.423,150.5,5.1
2018-12-19T01:37:40,-36.138,-101.072,10.0,6.3
2018-12-19T03:38:37,30.555,-41.84,10.0,5.7
2018-12-19T11:25:09,-0.147,124.375,65.8,5.0
2018-12-19T21:37:47,-6.031,149.865,31.7,5.8
2018-12-20T08:52:55,-19.286,-63.946,10.0,5.0
2018-12-20T11:08:12,39.099,74.759,13.6,5.0
2018-12-20T17:01:55,55.1,164.699,16.6,7.3
2018-12-20T17:09:04,54.9,164.772,10.0,5.9
2018-12-20T17:14:27,54.805,164.549,10.0,5.4
2018-12-20T17:19:29,55.117,164.767,10.0,5.6
2018-12-20T17:35:10,54.849,164.692,10.0,5.6
2018-12-20T18:30:59,54.91,164.647,10.0,5.1
2018-12-21T01:59:10,15.017,-94.193,35.0,5.0
2018-12-21T05:23:42,-5.548,151.989,16.1,5.3
2018-12-21T06:33:52,-5.476,151.956,10.0,5.9
2018-12-21T07:28:33,-5.665,152.431,10.0,5.0
2018-12-21T08:30:15,-5.393,151.991,10.0,5.7
2018-12-21T10:43:55,-8.309,116.789,10.0,5.1
2018-12-21T12:26:05,-5.487,152.107,23.7,5.3
2018-12-21T16:24:16,54.784,164.817,10.0,5.0
2018-12-21T18:19:36,55.264,164.462,18.1,5.5
2018-12-21T20:10:57,9.105,-40.49,10.0,5.0
2018-12-21T20:46:14,-58.008,-25.326,44.1,5.2
2018-12-21T22:24:34,-16.225,167.836,10.0,5.0
2018-12-21T23:12:04,-3.478,152.041,348.4,5.0
2018-12-22T05:37:38,-20.643,32.803,16.0,5.6
2018-12-22T13:29:46,55.193,164.629,10.0,5.6
2018-12-22T13:34:22,55.215,164.626,10.0,5.3
2018-12-22T14:25:01,-13.4,166.815,42.0,6.0
2018-12-23T03:12:48,54.933,164.687,10.0,5.0
2018-12-23T10:09:20,-22.103,169.294,10.0,5.3
2018-12-23T14:03:56,-0.476,99.732,98.0,5.0
2018-12-23T19:32:22,30.408,87.62,10.0,5.8
2018-12-23T19:35:20,30.468,86.795,10.0,5.0
2018-12-23T23:08:43,-20.286,-175.071,113.0,6.4
2018-12-24T00:18:07,34.07,141.699,13.0,5.6
2018-12-24T00:43:11,34.062,141.623,9.2,5.5
2018-12-24T01:00:52,-20.117,-175.219,78.3,5.0
2018-12-24T02:19:29,-21.405,-68.228,114.5,5.0
2018-12-24T10:41:39,54.607,164.174,10.0,5.3
2018-12-24T12:41:19,55.344,164.51,10.0,6.1
2018-12-24T13:12:12,-34.619,179.081,155.7,5.0
2018-12-25T00:10:30,34.032,141.62,10.0,5.3
2018-12-25T07:18:23,1.119,126.453,35.0,5.4
2018-12-25T09:46:10,29.045,142.429,10.0,5.4
2018-12-25T12:48:04,-30.4,-177.127,10.0,5.0
2018-12-26T02:19:14,37.63,15.1,1.0,5.0
2018-12-26T03:23:54,-16.378,167.894,35.0,5.1
2018-12-26T14:11:21,-17.277,-174.013,120.0,5.7
2018-12-26T23:36:20,-23.235,-174.906,10.0,5.1
2018-12-27T00:35:50,23.386,94.561,91.0,5.0
2018-12-27T05:39:12,-10.068,161.136,68.8,5.3
2018-12-27T08:59:11,10.264,-67.904,8.0,5.4
2018-12-27T11:25:34,-56.623,-24.829,10.0,5.1
2018-12-27T12:26:21,-56.584,-24.754,10.0,5.1
2018-12-27T16:24:45,-56.655,-24.886,10.0,5.1
2018-12-28T03:03:33,-1.45,134.086,41.0,5.8
2018-12-28T13:03:34,44.244,148.526,58.4,5.1
2018-12-29T03:39:09,5.898,126.921,60.2,7.0
2018-12-29T03:45:46,6.0,126.948,86.6,5.3
2018-12-29T08:15:26,1.077,97.338,25.9,5.2
2018-12-29T09:13:01,5.79,126.934,61.4,5.3
2018-12-29T15:34:37,-5.666,151.69,48.4,5.1
2018-12-29T19:08:30,42.351,143.079,52.0,5.2
2018-12-30T06:00:08,8.159,58.658,10.0,5.0
2018-12-30T08:39:12,-2.677,102.349,166.0,5.7
2018-12-30T18:34:57,1.651,126.364,40.2,5.1
2018-12-31T00:28:44,8.208,58.666,10.0,5.2
2018-12-31T00:29:32,8.3,58.647,10.0,5.1
2018-12-31T02:35:37,54.427,-161.513,31.0,6.0
2018-12-31T10:49:41,-31.776,-69.234,99.4,5.3
2018-12-31T14:10:25,37.49,141.434,44.9,5.1
2018-12-31T20:22:21,-17.45,-174.856,219.4,5.0
2018-12-31T20:45:30,15.286,-46.312,10.0,5.0
2019-01-01T03:03:30,61.298,-149.952,44.4,5.0
2019-01-01T16:25:36,-9.582,122.687,62.7,5.0
2019-01-01T20:24:36,-2.452,99.676,10.0,5.1
2019-01-02T03:12:54,42.486,104.413,10.0,5.0
2019-01-02T07:59:50,-2.054,139.042,34.5,5.0
2019-01-02T13:40:23,-6.485,103.616,35.0,5.1
2019-01-03T00:03:08,-55.736,-26.977,10.0,5.1
2019-01-03T12:47:31,-59.746,-26.201,42.4,5.4
2019-01-03T17:57:46,53.334,159.735,68.0,5.0
2019-01-03T20:46:19,48.882,153.723,122.7,5.2
2019-01-03T20:59:02,2.391,127.302,54.4,5.0
2019-01-03T21:35:15,54.886,164.692,10.0,5.4
2019-01-04T06:22:45,-6.518,130.407,127.9,5.6
2019-01-05T01:04:18,4.449,126.107,107.0,5.0
2019-01-05T01:55:38,-0.84,127.681,10.0,5.2
2019-01-05T01:59:21,-1.021,127.474,10.0,5.0
2019-01-05T10:54:57,-0.825,127.607,14.3,5.4
2019-01-05T18:47:11,51.335,-178.118,30.0,5.9
2019-01-05T18:55:06,-18.041,-172.166,10.0,5.1
2019-01-05T19:25:38,-8.144,-71.587,570.4,6.8
2019-01-05T22:54:14,25.823,144.569,14.3,5.7
2019-01-06T03:45:34,65.407,-153.28,17.1,5.1
2019-01-06T04:48:09,28.541,51.6,10.0,5.0
2019-01-06T07:25:40,51.261,-178.142,35.0,5.1
2019-01-06T07:30:04,-3.394,153.689,387.1,5.2
2019-01-06T11:06:20,-15.189,-70.83,30.6,5.0
2019-01-06T13:41:59,34.125,45.679,14.0,5.6
2019-01-06T16:22:32,39.848,77.612,9.0,5.0
2019-01-06T17:27:18,2.258,126.758,43.2,6.6
2019-01-06T17:33:11,2.233,126.658,19.8,5.2
2019-01-06T18:18:09,2.232,126.74,52.5,5.1
2019-01-06T18:25:28,2.278,126.776,49.2,5.1
2019-01-06T19:16:02,2.354,126.634,35.0,5.0
2019-01-06T20:06:27,2.447,126.888,43.4,5.0
2019-01-07T03:11:54,7.866,121.95,19.4,5.5
2019-01-07T14:11:52,2.442,126.781,39.9,5.2
2019-01-08T09:54:47,-7.878,106.566,35.0,5.2
2019-01-08T10:00:10,-4.608,-74.006,10.0,5.2
2019-01-08T12:39:30,30.587,131.044,35.0,6.3
2019-01-08T14:49:01,-17.672,-174.29,10.0,5.2
2019-01-09T09:39:09,3.94,95.877,45.6,5.1
2019-01-09T18:56:31,-9.385,119.955,72.9,5.0
2019-01-10T04:54:20,-29.948,-176.345,10.0,5.2
2019-01-10T17:00:14,-21.816,168.83,10.0,5.1
2019-01-10T17:00:37,-26.904,-175.545,10.0,5.8
2019-01-10T17:12:00,-27.175,-176.158,10.0,5.0
2019-01-10T17:56:40,-26.97,-176.336,10.0,5.1
2019-01-10T18:24:41,34.58,26.626,36.4,5.0
2019-01-11T05:58:12,-21.42,-173.972,10.0,5.3
2019-01-11T19:05:29,-3.393,101.276,39.0,5.4
2019-01-12T04:32:02,39.61,75.711,18.3,5.3
2019-01-12T06:03:42,-26.818,-175.846,10.0,5.2
2019-01-12T11:19:03,53.074,159.283,76.4,5.0
2019-01-12T12:04:26,-6.839,104.186,38.7,5.1
2019-01-12T17:13:17,-5.849,152.224,10.0,5.3
2019-01-12T17:15:22,-5.753,152.134,27.4,5.2
2019-01-12T21:48:43,-7.234,129.209,117.0,5.0
2019-01-13T01:16:18,3.623,128.64,10.0,5.2
2019-01-13T01:20:16,3.673,128.748,10.0,5.0
2019-01-13T05:15:35,-12.786,45.398,10.0,5.1
2019-01-13T12:40:14,-10.081,161.392,92.8,5.3
2019-01-13T16:45:55,61.299,-150.065,44.8,5.0
2019-01-13T21:32:37,-22.649,-174.272,10.0,5.1
2019-01-14T04:23:41,36.19,139.875,53.4,5.0
2019-01-14T22:48:08,-17.674,-70.653,96.3,5.2
2019-01-15T01:58:55,-5.973,146.582,35.0,5.1
2019-01-15T03:41:03,11.265,-86.636,28.2,5.3
2019-01-15T18:06:34,-13.336,166.875,35.0,6.6
2019-01-15T20:03:20,5.811,126.898,61.8,5.7
2019-01-15T20:24:08,-8.942,-79.053,57.6,5.2
2019-01-16T01:51:01,-22.062,169.406,10.0,5.1
2019-01-16T04:12:35,-21.78,169.016,10.0,5.3
2019-01-16T07:40:59,-62.56,163.876,10.0,5.0
2019-01-16T08:16:57,-15.118,-173.348,10.0,5.1
2019-01-16T08:32:57,-43.829,-16.018,10.0,5.1
2019-01-16T10:49:27,3.483,128.634,11.0,5.5
2019-01-16T10:53:15,3.581,128.67,10.0,5.1
2019-01-17T02:53:06,7.404,94.374,88.0,5.4
2019-01-17T02:54:48,-14.36,167.322,182.4,5.1
2019-01-17T10:51:59,-4.192,68.197,10.0,5.1
2019-01-17T12:56:37,29.636,-114.13,10.0,5.3
2019-01-17T15:06:35,-3.231,146.389,10.0,6.2
2019-01-17T15:09:06,-3.103,146.589,10.0,5.0
2019-01-17T15:14:19,-3.15,146.356,10.0,5.1
2019-01-17T15:48:28,-3.065,146.444,10.0,5.1
2019-01-17T16:53:15,-3.196,146.502,10.0,5.7
2019-01-17T22:16:13,-52.5,12.644,10.0,5.3
2019-01-18T12:46:24,35.9,140.57,50.0,5.1
2019-01-18T13:18:31,-19.204,168.745,38.7,6.0
2019-01-18T16:40:43,8.43,-103.228,10.0,5.9
2019-01-18T18:51:59,3.334,128.688,12.3,5.2
2019-01-18T21:27:01,-3.266,-76.818,103.0,5.7
2019-01-19T14:03:01,2.305,126.698,48.3,5.0
2019-01-19T18:09:48,12.43,144.157,6.4,5.0
2019-01-19T18:37:08,-5.625,142.154,28.5,5.1
2019-01-20T01:32:52,-30.04,-71.382,63.0,6.7
2019-01-20T14:28:30,30.391,87.623,9.8,5.2
2019-01-21T00:35:45,-21.913,169.016,10.0,5.5
2019-01-21T01:36:34,-21.955,169.249,9.0,5.6
2019-01-21T09:55:26,-22.851,69.185,10.0,5.4
2019-01-21T11:57:20,15.584,-94.737,29.0,5.6
2019-01-21T16:47:48,4.49,126.885,14.1,5.0
2019-01-21T23:59:23,-10.328,119.152,26.0,6.0
2019-01-22T00:08:31,-10.344,119.106,10.0,5.0
2019-01-22T01:56:57,-10.335,119.116,10.0,5.1
2019-01-22T04:43:19,58.332,-155.323,121.5,5.2
2019-01-22T05:10:03,-10.415,119.016,24.0,6.3
2019-01-22T06:41:09,41.434,-29.228,10.0,5.0
2019-01-22T19:01:43,-43.122,42.357,13.0,6.7
2019-01-23T07:06:56,-33.478,-177.934,10.0,5.1
2019-01-23T11:39:02,-10.298,118.923,24.0,5.6
2019-01-23T12:36:10,-10.413,119.002,10.0,5.0
2019-01-23T14:48:29,7.983,-37.974,10.0,5.3
2019-01-23T17:53:01,-30.232,-178.021,47.2,5.2
2019-01-24T00:15:15,-55.844,-125.199,10.0,5.2
2019-01-24T00:52:38,-15.144,-173.375,10.0,5.0
2019-01-24T02:26:36,-3.095,146.668,10.0,5.0
2019-01-24T03:04:57,6.751,-73.006,159.2,5.2
2019-01-24T08:34:52,19.241,121.137,19.0,5.5
2019-01-24T10:28:28,-30.119,-71.375,58.3,5.1
2019-01-24T11:32:30,-22.561,-174.398,10.0,5.2
2019-01-24T14:30:54,36.065,28.093,47.7,5.1
2019-01-24T15:56:02,-9.631,-74.663,71.7,5.1
2019-01-24T18:56:35,-6.055,148.034,59.4,5.2
2019-01-25T04:45:22,-14.533,-75.352,60.5,5.7
2019-01-25T19:40:42,-19.124,168.613,37.8,5.0
2019-01-25T19:42:09,-15.456,-173.592,93.2,5.0
2019-01-26T02:07:21,-10.838,165.976,35.8,5.7
2019-01-26T03:51:37,-7.009,156.321,355.0,6.2
2019-01-26T08:12:48,-5.496,133.765,10.0,5.9
2019-01-26T08:23:03,40.333,142.222,48.2,5.5
2019-01-26T12:32:26,3.034,-75.738,10.0,5.6
2019-01-26T17:07:37,-6.507,130.305,90.6,5.2
2019-01-26T19:56:44,-21.048,-178.959,588.0,6.2
2019-01-26T20:04:38,-21.15,-178.944,582.7,5.3
2019-01-27T06:24:56,11.505,125.872,35.0,5.0
2019-01-27T10:16:28,-20.102,-177.815,562.4,5.8
2019-01-27T21:59:23,-2.962,146.414,26.1,5.0
2019-01-28T06:06:16,9.826,126.316,35.0,5.0
2019-01-28T08:13:14,-14.494,-176.075,35.0,5.1
2019-01-28T09:00:47,-35.589,-72.96,21.0,5.2
2019-01-28T13:03:57,-3.641,139.355,56.4,5.1
2019-01-28T16:00:16,-17.963,-179.284,618.8,5.5
2019-01-28T21:07:09,3.084,-75.646,13.1,5.5
2019-01-29T03:42:26,34.959,141.09,35.0,5.2
2019-01-29T16:24:51,-3.086,139.69,35.0,5.0
2019-01-29T23:35:00,-15.523,-72.365,111.9,5.5
2019-01-30T01:46:11,17.456,-93.966,171.7,5.4
2019-01-30T03:27:53,11.591,125.79,35.0,5.0
2019-01-30T05:21:35,23.735,122.495,24.9,5.3
2019-01-30T06:23:49,-15.18,-173.021,10.0,5.3
2019-01-30T07:44:45,-25.898,-70.668,51.0,5.6
2019-01-30T15:14:52,21.831,120.579,10.0,5.0
2019-01-30T15:31:33,-4.633,-105.48,10.0,5.9
2019-01-31T00:16:48,23.944,-109.062,10.0,5.3
2019-01-31T04:40:30,13.493,-88.349,191.8,5.0
2019-01-31T05:50:20,-19.523,169.51,186.8,5.4
2019-01-31T10:18:06,6.07,-82.627,10.0,5.4
2019-01-31T14:33:57,-24.338,-179.825,500.0,5.5
2019-01-31T16:32:52,-33.705,78.35,10.0,5.0
2019-01-31T18:17:13,21.448,143.83,10.0,5.1
2019-01-31T19:14:40,21.404,143.797,10.0,5.0
2019-02-01T06:04:02,-12.986,165.933,10.0,5.0
2019-02-01T09:40:56,21.446,144.356,10.0,5.1
2019-02-01T14:51:16,21.412,144.081,10.0,5.0
2019-02-01T16:14:12,14.68,-92.453,66.0,6.7
2019-02-01T21:54:40,46.837,83.358,10.0,5.3
2019-02-01T23:48:13,-23.709,-176.863,90.6,5.3
2019-02-02T01:11:00,0.375,125.444,51.0,5.3
2019-02-02T01:11:39,-16.641,-173.571,35.0,5.3
2019-02-02T07:02:02,-15.654,-174.926,272.6,5.4
2019-02-02T09:03:09,-2.825,100.007,10.0,5.2
2019-02-02T09:27:36,-2.846,100.074,20.0,6.0
2019-02-02T09:58:11,-2.876,100.059,10.0,5.3
2019-02-02T10:59:30,-2.876,100.133,18.0,5.9
2019-02-02T11:01:38,-2.731,100.302,10.0,5.8
2019-02-02T12:04:34,36.464,70.701,211.7,5.6
2019-02-02T13:10:20,-2.968,100.096,10.0,5.1
2019-02-02T17:55:38,-41.335,-88.273,10.0,5.5
2019-02-02T19:10:12,35.556,141.106,32.8,5.0
2019-02-03T04:45:57,52.152,174.048,40.1,5.0
2019-02-03T07:36:46,-3.284,130.76,10.0,5.4
2019-02-04T10:37:59,-24.431,-175.718,10.0,5.3
2019-02-04T14:33:48,18.136,-68.552,74.0,5.3
2019-02-04T17:45:48,-2.408,-79.835,70.0,5.8
2019-02-04T19:29:54,-0.42,98.036,19.0,5.6
2019-02-05T02:26:09,39.052,20.587,7.7,5.4
2019-02-05T16:47:06,35.103,74.169,20.7,5.2
2019-02-05T19:31:36,40.896,48.607,10.0,5.0
2019-02-05T23:17:46,2.588,128.436,63.6,5.0
2019-02-06T10:25:20,15.858,120.619,130.2,5.5
2019-02-06T17:44:46,21.4,146.105,8.9,5.3
2019-02-06T17:56:49,-19.89,-71.044,13.0,5.2
2019-02-07T01:41:33,-8.446,161.029,59.0,5.2
2019-02-07T04:15:30,1.467,126.42,40.0,5.7
2019-02-07T10:03:06,2.296,128.766,21.2,5.2
2019-02-08T03:11:05,-32.844,57.116,10.0,5.5
2019-02-08T11:55:07,9.846,126.579,20.0,5.9
2019-02-08T12:29:24,9.91,126.208,10.0,5.0
2019-02-08T12:45:38,9.834,126.426,10.0,5.2
2019-02-08T16:09:25,9.886,126.368,10.0,5.0
2019-02-08T20:14:10,9.778,126.129,10.0,5.0
2019-02-08T21:09:58,9.791,126.402,10.0,5.0
2019-02-09T19:23:08,-21.646,-68.367,115.3,5.0
2019-02-09T22:21:14,9.905,126.295,10.0,5.0
2019-02-10T01:08:46,2.601,127.066,35.0,5.0
2019-02-10T02:05:01,0.378,126.263,35.0,5.0
2019-02-10T03:22:05,27.334,96.364,10.0,5.0
2019-02-10T10:54:48,27.09,55.546,10.0,5.4
2019-02-10T13:27:09,-15.111,-173.493,10.0,5.1
2019-02-10T14:33:33,9.777,126.326,24.2,5.2
2019-02-11T23:27:00,-15.76,-172.177,10.0,5.0
2019-02-12T09:45:49,-3.091,146.284,10.0,5.0
2019-02-12T10:53:07,-15.056,168.075,10.0,5.2
2019-02-12T12:34:16,19.02,145.796,144.3,6.0
2019-02-13T04:07:19,-31.326,-178.423,35.0,5.0
2019-02-13T06:50:01,9.803,126.509,10.0,5.0
2019-02-13T10:02:52,45.415,151.386,22.0,5.0
2019-02-13T10:53:49,-24.032,-175.362,10.0,5.1
2019-02-13T23:41:54,-6.765,105.803,66.9,5.0
2019-02-14T00:34:43,50.71,-130.087,10.0,5.3
2019-02-14T14:33:16,-12.167,-74.31,10.0,5.5
2019-02-14T19:57:04,35.427,-36.038,10.0,6.2
2019-02-14T20:43:32,35.344,-35.911,10.0,5.0
2019-02-15T13:40:52,-15.713,-174.825,295.6,5.3
2019-02-15T16:20:54,6.788,126.768,81.3,5.1
2019-02-15T18:11:47,51.721,-176.907,54.6,5.0
2019-02-15T22:54:17,53.647,-162.93,35.0,5.1
2019-02-15T23:51:40,-55.722,-124.947,10.0,5.6
2019-02-16T06:39:49,-2.41,140.201,8.8,5.3
2019-02-16T06:45:55,41.385,-29.248,10.0,5.3
2019-02-16T10:01:28,25.293,125.003,10.0,5.1
2019-02-17T11:29:17,-55.1,-31.676,10.0,5.1
2019-02-17T13:22:08,-23.466,-64.692,10.0,5.0
2019-02-17T14:35:55,-3.341,152.132,368.1,6.4
2019-02-17T20:36:56,20.667,122.117,169.0,5.0
2019-02-17T23:18:54,-59.879,-25.88,10.0,5.1
2019-02-18T01:18:12,1.675,126.417,68.3,5.0
2019-02-18T04:15:49,-0.894,127.292,18.3,5.0
2019-02-18T19:30:22,-9.509,112.86,23.0,5.7
2019-02-19T02:05:39,-21.549,-174.113,10.0,5.2
2019-02-19T16:56:51,-57.199,147.585,14.0,5.1
2019-02-19T18:46:40,-6.565,101.774,10.0,5.1
2019-02-20T00:10:38,0.763,126.19,28.3,5.5
2019-02-20T03:40:13,38.47,97.206,9.6,5.0
2019-02-20T12:33:17,14.667,53.705,10.0,5.3
2019-02-20T18:23:29,39.692,26.401,10.0,5.1
2019-02-21T02:11:38,28.562,129.982,10.0,5.0
2019-02-21T06:34:39,-20.851,-178.839,614.8,5.5
2019-02-21T12:22:40,42.76,141.947,28.0,5.4
2019-02-21T22:17:33,-15.27,-72.991,77.2,5.2
2019-02-22T10:17:23,-2.186,-77.05,145.0,7.5
2019-02-22T10:40:40,-2.238,-79.737,70.9,5.5
2019-02-22T21:15:58,-17.843,-13.525,10.0,5.4
2019-02-23T11:43:57,1.089,128.2,10.0,5.0
2019-02-23T17:40:33,-9.813,149.929,10.0,5.1
2019-02-24T06:00:31,-57.612,157.657,10.0,5.4
2019-02-24T13:29:33,0.493,122.183,97.7,5.1
2019-02-25T15:05:33,4.291,-32.622,10.0,5.5
2019-02-25T15:28:42,-29.775,-71.813,10.0,5.3
2019-02-25T17:13:53,45.048,147.794,104.7,5.0
2019-02-26T12:15:09,-4.002,129.545,107.8,5.1
2019-02-27T02:44:29,-49.516,-116.369,10.0,5.1
2019-02-27T06:28:14,-57.415,-23.585,10.0,5.0
2019-02-27T23:27:04,-1.323,101.578,10.0,5.4
2019-02-28T00:00:52,7.316,94.371,108.2,5.0
2019-03-01T00:13:29,-28.25,-63.287,577.6,5.5
2019-03-01T01:00:41,5.0,125.357,179.4,5.2
2019-03-01T01:02:12,-53.417,159.574,10.0,5.9
2019-03-01T08:50:42,-14.713,-70.155,267.0,7.0
2019-03-01T22:43:26,-30.588,-71.634,24.0,5.0
2019-03-02T02:17:19,-6.962,155.782,31.6,5.5
2019-03-02T03:22:54,41.947,146.894,18.7,5.9
2019-03-02T15:51:53,30.868,142.007,10.0,5.4
2019-03-02T19:46:21,18.654,120.356,15.7,5.6
2019-03-02T20:21:52,-33.677,-72.595,10.4,5.5
2019-03-03T10:31:20,-30.579,-178.02,35.0,5.4
2019-03-03T15:25:53,18.445,-101.414,49.2,5.1
2019-03-04T10:06:00,-5.221,146.205,10.0,5.9
2019-03-05T12:01:23,52.07,175.143,30.2,5.0
2019-03-05T15:58:20,14.323,-93.041,10.0,5.4
2019-03-06T00:13:00,8.542,126.917,16.0,5.8
2019-03-06T05:11:02,-55.444,-1.667,10.0,5.3
2019-03-06T07:20:45,-36.222,-97.529,10.0,5.5
2019-03-06T13:57:22,3.536,126.962,59.8,5.0
2019-03-06T15:46:14,-32.024,-177.884,29.0,6.4
2019-03-06T15:59:01,-31.882,-177.924,10.0,5.0
2019-03-06T18:47:25,-4.128,142.931,129.6,5.6
2019-03-06T19:29:27,23.155,143.839,10.0,5.0
2019-03-06T19:54:12,17.92,40.228,10.0,5.0
2019-03-06T20:19:59,-32.245,-177.769,9.1,5.8
2019-03-06T21:33:13,66.311,-157.219,9.1,5.2
2019-03-06T21:42:54,-32.158,-177.774,10.0,5.2
2019-03-06T23:56:53,2.125,126.664,46.0,5.1
2019-03-07T02:27:00,-32.088,-178.03,10.0,5.0
2019-03-07T05:10:37,-38.523,-68.857,13.8,5.0
2019-03-07T09:46:00,51.751,-175.34,46.3,5.1
2019-03-07T15:27:23,-32.713,-176.916,10.0,5.5
2019-03-07T15:34:28,-29.465,-72.694,17.0,5.7
2019-03-07T16:29:09,-32.47,-178.373,18.7,5.7
2019-03-08T02:32:14,22.46,121.457,13.0,5.4
2019-03-08T05:32:55,-3.792,139.944,10.0,5.2
2019-03-08T11:57:18,-32.148,-178.13,10.0,5.2
2019-03-08T15:06:12,10.384,126.006,30.0,6.0
2019-03-10T07:53:20,-3.281,90.275,10.0,5.5
2019-03-10T08:12:26,-17.892,-178.603,578.2,6.2
2019-03-10T09:21:46,-9.294,112.666,65.2,5.1
2019-03-10T09:52:13,44.159,148.289,38.3,5.1
2019-03-10T12:48:00,-10.132,152.065,9.0,6.0
2019-03-10T13:18:15,-35.21,53.916,10.0,5.4
2019-03-10T16:23:49,58.462,-31.86,10.0,5.1
2019-03-10T17:10:52,36.832,142.358,13.0,5.7
2019-03-10T17:21:54,-5.225,146.175,50.0,5.0
2019-03-10T17:58:43,58.421,-31.762,10.0,5.5
2019-03-10T18:04:59,58.351,-31.95,10.0,5.9
2019-03-10T18:43:42,36.732,142.429,10.0,5.0
2019-03-11T03:15:30,-31.649,58.124,10.0,5.1
2019-03-11T03:22:31,-54.917,-128.945,10.0,5.3
2019-03-11T06:23:14,51.436,-178.26,51.2,5.2
2019-03-11T09:28:04,12.125,143.894,10.0,5.0
2019-03-11T09:33:47,25.6,141.462,15.4,5.2
2019-03-11T13:26:24,1.909,97.829,45.5,5.2
2019-03-11T16:25:51,-6.047,149.014,34.6,5.9
2019-03-11T16:31:39,-6.351,149.287,35.0,5.2
2019-03-11T16:34:28,1.126,98.781,75.6,5.3
2019-03-11T19:01:23,-6.048,149.036,35.0,5.0
2019-03-13T01:51:18,0.216,119.783,35.0,5.0
2019-03-13T04:27:51,-12.746,45.4,10.0,5.1
2019-03-13T04:48:49,33.811,134.856,37.2,5.2
2019-03-13T10:55:13,19.326,-155.2,7.0,5.5
2019-03-14T02:52:08,19.065,147.297,10.0,5.0
2019-03-15T05:03:50,-17.874,-65.907,359.0,6.3
2019-03-15T12:08:38,-6.069,148.814,33.2,5.1
2019-03-15T17:53:34,-27.459,-176.462,10.0,5.6
2019-03-15T19:35:19,-7.457,128.139,131.8,5.1
2019-03-15T23:07:56,6.252,125.372,90.1,5.5
2019-03-16T00:48:44,-52.625,12.567,10.0,5.1
2019-03-16T06:00:04,29.721,67.427,10.0,5.0
2019-03-16T07:30:39,-1.0,126.888,25.9,5.2
2019-03-16T09:58:19,13.564,120.87,118.6,5.4
2019-03-16T17:54:33,-45.651,-76.669,10.0,5.0
2019-03-16T18:06:15,-29.772,-71.555,41.0,5.2
2019-03-16T22:29:29,-3.115,101.974,87.3,5.1
2019-03-17T00:43:30,-20.149,-173.694,10.0,5.1
2019-03-17T00:53:37,-20.372,-68.429,120.8,5.1
2019-03-17T07:07:25,-8.418,116.521,10.0,5.6
2019-03-17T07:09:19,-8.35,116.57,10.0,5.3
2019-03-17T17:41:42,-9.662,119.051,20.9,5.0
2019-03-18T04:44:25,-3.781,150.149,10.0,5.1
2019-03-18T04:50:21,-4.579,149.692,35.0,5.0
2019-03-18T14:30:22,-31.762,-177.771,8.2,5.2
2019-03-18T15:07:16,-31.63,-177.599,10.0,5.0
2019-03-19T03:26:28,-54.253,7.918,10.0,5.2
2019-03-19T22:15:15,-20.373,-176.033,205.1,5.0
2019-03-20T06:34:27,37.408,29.531,8.0,5.7
2019-03-20T15:23:58,-15.596,167.655,119.0,6.3
2019-03-20T16:23:22,-2.761,-77.329,32.3,5.1
2019-03-20T19:03:01,-17.694,-172.476,10.0,5.3
2019-03-20T19:13:03,15.235,-44.943,10.0,5.0
2019-03-21T09:15:40,-7.914,32.109,22.0,5.5
2019-03-21T10:33:25,-3.462,145.13,10.0,5.0
2019-03-21T19:24:08,-31.381,-177.775,10.0,5.1
2019-03-22T02:42:42,49.7,-28.504,10.0,5.3
2019-03-22T12:00:37,-56.514,-141.535,10.0,5.3
2019-03-22T14:52:55,-11.39,162.509,23.0,5.4
2019-03-22T21:23:51,-16.782,-173.022,10.0,5.0
2019-03-23T07:47:42,-31.849,-177.785,10.0,5.2
2019-03-23T10:54:16,19.171,145.767,104.1,5.0
2019-03-23T11:29:27,14.114,93.043,10.0,5.2
2019-03-23T12:35:24,7.53,-37.098,10.0,5.5
2019-03-23T19:21:17,4.56,-76.223,122.0,6.1
2019-03-24T01:32:00,-1.87,120.524,10.0,5.5
2019-03-24T03:37:05,-2.713,68.136,10.0,5.1
2019-03-24T04:37:35,1.66,126.396,45.0,6.1
2019-03-24T09:30:01,12.085,-86.757,87.8,5.3
2019-03-24T12:27:34,15.622,-94.769,32.5,5.0
2019-03-25T10:52:40,-21.314,-70.0,72.0,5.0
2019-03-26T12:01:47,12.549,-89.199,8.0,5.5
2019-03-26T17:37:31,-6.041,130.913,112.6,5.0
2019-03-26T21:27:18,66.306,-157.247,8.5,5.0
2019-03-26T21:54:06,-21.362,-173.422,10.0,5.3
2019-03-26T22:44:40,-57.489,-147.25,10.0,5.4
2019-03-27T00:11:22,32.157,131.979,16.6,5.2
2019-03-27T06:38:03,32.151,132.105,19.0,5.3
2019-03-27T20:10:49,12.161,142.291,35.0,5.0
2019-03-28T03:08:13,11.153,95.156,10.0,5.2
2019-03-28T09:10:05,-6.426,143.316,10.0,5.2
2019-03-28T15:05:31,-24.598,-70.102,45.5,5.4
2019-03-28T16:18:12,12.053,142.208,44.0,5.0
2019-03-28T22:06:49,50.495,159.943,9.0,6.2
2019-03-29T20:55:42,30.616,131.023,27.3,5.1
2019-03-30T05:05:55,-9.808,161.017,55.9,5.0
2019-03-30T06:27:23,-9.692,66.534,8.0,5.8
2019-03-30T10:46:19,38.366,22.394,10.0,5.3
2019-03-30T11:20:42,-5.7,151.105,41.0,6.2
2019-03-31T00:09:26,-8.576,156.504,10.0,5.3
2019-03-31T03:07:40,-30.688,-178.113,35.0,5.0
2019-03-31T07:04:04,-1.945,-80.81,18.0,6.2
2019-03-31T07:27:13,-1.97,-80.719,10.0,5.1
2019-03-31T07:28:50,-1.936,-80.734,18.6,5.5
2019-03-31T11:30:17,37.506,29.379,10.0,5.1
2019-03-31T15:27:57,-9.967,-79.323,29.0,5.5
2019-03-31T23:42:01,7.564,94.389,10.0,5.0
2019-03-31T23:46:41,7.828,94.24,10.0,5.2
2019-03-31T23:56:43,7.58,94.33,10.0,5.0
2019-04-01T00:03:43,7.806,94.364,10.0,5.0
2019-04-01T00:25:43,7.669,94.311,10.0,5.0
2019-04-01T01:11:43,7.548,94.351,10.0,5.1
2019-04-01T01:21:31,7.696,94.261,10.0,5.2
2019-04-01T01:23:58,7.656,94.257,10.0,5.2
2019-04-01T02:16:53,10.604,125.852,50.1,5.6
2019-04-01T03:38:07,7.538,94.162,10.0,5.0
2019-04-01T04:09:14,7.498,94.206,10.0,5.0
2019-04-01T05:52:38,7.538,94.388,10.0,5.1
2019-04-01T08:11:32,7.578,94.337,10.0,5.5
2019-04-01T10:07:23,33.55,45.774,10.0,5.3
2019-04-01T18:39:05,-18.206,65.366,10.0,6.0
2019-04-02T21:35:30,52.17,178.071,8.0,6.4
2019-04-02T21:39:41,51.896,178.104,10.0,5.2
2019-04-02T23:01:23,-6.095,148.93,50.9,5.0
2019-04-03T01:52:56,22.97,120.957,10.0,5.4
2019-04-04T01:56:56,23.011,120.95,6.4,5.2
2019-04-04T07:45:30,25.447,94.424,61.8,5.1
2019-04-04T17:31:10,38.3,39.162,10.0,5.2
2019-04-04T21:34:38,24.494,142.513,35.0,5.1
2019-04-05T09:56:52,30.41,138.684,383.0,5.9
2019-04-05T10:28:04,-12.715,45.444,10.0,5.1
2019-04-05T12:40:13,-14.972,-172.985,10.0,5.2
2019-04-05T16:14:16,-55.931,-27.852,57.0,6.4
2019-04-05T18:46:42,1.451,-85.266,10.0,5.8
2019-04-06T07:47:41,-11.54,66.442,10.0,5.3
2019-04-06T12:03:33,-11.504,66.524,10.0,5.1
2019-04-06T18:44:42,-10.198,161.879,57.7,5.0
2019-04-06T21:01:41,30.828,-114.03,10.0,5.2
2019-04-06T21:55:01,-6.828,125.042,539.0,6.3
2019-04-07T02:18:19,-9.299,124.8,35.0,5.1
2019-04-07T07:02:14,-32.021,-177.972,10.0,5.1
2019-04-07T10:52:41,-33.759,-72.515,10.0,5.6
2019-04-07T15:45:08,-41.289,-87.483,7.1,5.7
2019-04-07T19:15:01,-19.074,-174.317,35.0,5.1
2019-04-08T01:54:52,13.134,95.42,10.0,5.1
2019-04-08T04:12:40,26.329,129.588,10.0,5.5
2019-04-08T06:58:10,22.129,121.523,10.0,5.0
2019-04-08T16:16:34,1.274,127.011,133.0,5.1
2019-04-08T17:53:11,-4.741,145.2,44.2,5.0
2019-04-08T20:15:44,-15.565,-172.914,10.0,5.2
2019-04-08T22:25:42,12.544,-89.198,35.0,5.0
2019-04-08T23:05:53,-15.596,-172.985,10.0,5.2
2019-04-09T11:39:52,3.746,-78.736,10.0,5.0
2019-04-09T17:53:58,-58.626,-25.304,38.0,6.5
2019-04-09T20:24:13,23.936,121.602,11.8,5.0
2019-04-10T05:57:54,-23.217,169.076,10.0,5.1
2019-04-11T02:39:29,7.674,94.325,10.0,5.0
2019-04-11T03:50:38,7.636,94.25,10.0,5.1
2019-04-11T08:18:21,40.41,143.298,18.0,6.0
2019-04-11T16:51:57,-6.394,150.509,10.0,5.1
2019-04-11T17:52:42,24.883,128.231,10.0,5.1
2019-04-11T21:31:49,-6.492,148.635,20.5,5.6
2019-04-11T22:28:10,-31.922,57.142,10.0,5.0
2019-04-12T00:31:27,-47.239,-13.269,10.0,5.0
2019-04-12T11:40:49,-1.815,122.58,15.5,6.8
2019-04-12T11:45:36,-1.861,122.614,10.0,5.7
2019-04-12T11:50:11,-1.66,122.611,10.0,5.3
2019-04-12T12:12:12,-1.853,122.576,10.0,5.4
2019-04-12T12:23:04,-15.407,-172.817,15.4,6.0
2019-04-12T14:51:31,-6.488,148.739,30.0,6.0
2019-04-13T05:26:14,-1.835,122.58,10.0,5.0
2019-04-13T07:11:01,26.238,129.522,10.0,5.0
2019-04-13T08:44:03,-6.527,148.682,45.3,5.1
2019-04-13T09:50:44,-5.323,145.978,72.4,5.2
2019-04-13T15:07:02,26.223,129.524,10.0,5.0
2019-04-13T16:12:55,7.419,94.406,10.0,5.4
2019-04-13T16:20:16,7.344,94.441,10.0,5.0
2019-04-13T20:43:30,7.355,94.379,10.0,5.1
2019-04-14T01:53:11,26.254,129.532,10.0,5.1
2019-04-14T03:09:02,19.742,-155.79,13.3,5.3
2019-04-14T15:30:36,52.116,178.086,10.0,5.2
2019-04-14T20:28:30,42.482,144.821,40.4,5.0
2019-04-15T01:33:00,19.302,120.98,10.0,5.1
2019-04-15T23:41:50,-51.342,139.149,10.0,5.0
2019-04-15T23:42:55,-10.403,161.366,35.0,5.3
2019-04-16T07:30:38,-35.297,-15.486,10.0,5.7
2019-04-16T09:22:32,-31.172,-179.068,10.0,5.7
2019-04-16T09:39:37,-31.043,-178.799,10.0,5.7
2019-04-16T16:01:16,-32.37,-179.576,8.8,5.3
2019-04-16T16:59:16,-58.74,-23.618,10.0,5.2
2019-04-16T17:01:00,-28.225,-63.134,589.6,5.0
2019-04-17T05:03:43,-31.793,179.732,341.3,5.0
2019-04-17T08:21:55,-9.443,150.994,10.0,5.0
2019-04-17T09:55:48,3.97,-82.612,10.0,5.1
2019-04-17T15:01:00,-5.071,-78.133,49.3,5.1
2019-04-17T23:26:36,-9.56,150.867,8.5,5.1
2019-04-18T04:06:34,-29.365,-71.589,54.0,5.6
2019-04-18T05:01:06,24.037,121.65,20.0,6.1
2019-04-18T14:46:01,-51.127,139.321,10.0,6.3
2019-04-18T20:08:38,-52.517,-119.089,10.0,5.0
2019-04-18T21:52:10,7.591,94.371,10.0,5.0
2019-04-19T07:29:57,5.435,126.863,47.0,5.2
2019-04-19T22:28:21,-15.726,-177.237,35.0,5.1
2019-04-20T00:55:36,-1.953,122.588,10.0,5.0
2019-04-20T03:48:21,-10.3,161.205,80.1,5.0
2019-04-20T22:34:39,54.857,164.659,10.0,5.2
2019-04-21T03:50:56,-16.573,-177.136,10.0,5.0
2019-04-21T06:31:36,51.462,-178.308,53.4,5.0
2019-04-21T09:24:40,-22.164,174.909,10.0,5.4
2019-04-21T16:31:41,-24.345,-67.014,162.2,5.0
2019-04-22T09:11:12,14.954,120.515,21.8,6.1
2019-04-22T14:49:05,-56.263,-27.351,79.0,6.0
2019-04-22T17:45:18,40.662,143.695,10.0,5.4
2019-04-22T18:29:54,-24.247,-67.088,157.8,5.1
2019-04-22T20:15:24,16.359,-98.485,12.5,5.4
2019-04-22T21:44:41,50.222,-130.173,10.0,5.5
2019-04-23T04:52:02,-20.042,-173.159,10.0,5.0
2019-04-23T05:37:53,11.755,125.201,56.0,6.4
2019-04-23T14:20:17,-24.706,-178.764,385.6,6.0
2019-04-23T20:15:50,28.407,94.56,14.0,5.9
2019-04-24T04:41:22,-58.384,-29.869,10.0,5.0
2019-04-24T18:42:12,-0.331,125.875,43.0,5.1
2019-04-24T18:57:32,-21.539,-68.622,145.7,5.3
2019-04-24T23:18:07,-20.743,-177.827,441.6,5.0
2019-04-25T11:42:46,-57.898,-24.58,42.3,5.1
2019-04-25T16:45:49,-5.303,151.492,111.7,5.0
2019-04-25T21:57:46,-1.924,122.49,10.0,5.4
2019-04-26T05:26:59,9.794,126.686,10.0,5.4
2019-04-26T06:04:20,9.777,126.472,10.0,5.1
2019-04-26T06:22:34,-25.899,-71.017,29.0,5.5
2019-04-26T08:04:23,9.851,126.503,10.0,5.3
2019-04-26T10:54:50,9.813,126.718,10.0,5.0
2019-04-26T15:04:10,5.281,-82.752,10.0,5.1
2019-04-26T19:10:14,-24.15,-176.347,35.0,5.1
2019-04-26T20:28:30,9.703,126.611,16.1,5.3
2019-04-27T13:04:26,-4.266,102.143,57.4,5.0
2019-04-27T17:24:45,42.455,142.819,110.5,5.4
2019-04-27T18:10:48,-37.09,178.989,35.0,5.0
2019-04-27T20:27:38,39.138,97.404,19.6,5.0
2019-04-28T00:20:40,-21.258,-174.509,10.0,5.1
2019-04-28T03:59:53,9.64,126.459,10.0,5.0
2019-04-28T07:43:46,16.77,-86.113,10.0,5.1
2019-04-28T10:34:25,-6.247,142.24,10.0,5.1
2019-04-28T14:15:56,-19.144,167.78,10.0,5.0
2019-04-29T02:48:51,43.178,-29.123,10.0,5.5
2019-04-29T14:19:52,10.865,57.228,10.0,6.3
2019-04-29T14:28:14,21.752,144.2,107.4,5.3
2019-04-29T16:35:08,-28.144,-67.396,129.8,5.0
2019-04-30T02:28:49,-6.276,131.557,59.0,5.1
2019-04-30T20:52:22,15.301,-46.422,10.0,5.4
2019-05-01T15:32:21,-16.942,-171.708,10.0,5.0
2019-05-02T21:31:19,14.457,55.931,10.0,5.0
2019-05-03T03:42:41,-29.95,-177.927,10.0,5.1
2019-05-03T06:55:27,-24.268,-115.951,10.0,5.0
2019-05-03T07:25:31,-6.948,160.112,27.0,6.2
2019-05-03T22:22:37,4.107,126.645,35.0,5.1
2019-05-04T00:07:47,-24.488,-115.847,10.0,5.5
2019-05-04T01:05:09,12.371,120.932,10.0,5.7
2019-05-04T04:33:43,-24.152,-115.905,10.0,5.0
2019-05-04T11:04:01,26.229,95.722,85.9,5.2
2019-05-04T16:40:24,43.35,146.347,36.0,5.1
2019-05-04T21:02:10,1.985,123.661,327.0,5.7
2019-05-05T01:56:04,8.96,126.951,10.0,5.0
2019-05-05T06:46:57,40.62,-127.334,10.0,5.0
2019-05-05T08:42:48,-6.285,145.771,116.3,5.1
2019-05-05T09:40:03,-6.002,128.834,315.6,5.0
2019-05-06T02:48:42,18.734,120.876,35.0,5.5
2019-05-06T03:56:50,-19.251,169.426,219.4,5.0
2019-05-06T08:20:22,-5.399,102.026,35.0,5.1
2019-05-06T13:23:08,-3.173,-12.281,10.0,5.4
2019-05-06T14:13:48,-6.23,154.815,62.8,5.2
2019-05-06T16:11:29,-3.26,-12.095,10.0,5.0
2019-05-06T21:19:37,-6.975,146.449,146.0,7.1
2019-05-06T23:19:08,-15.445,167.452,141.1,5.0
2019-05-07T06:28:13,49.435,155.793,43.0,5.1
2019-05-08T13:47:19,-15.776,-75.096,15.3,5.7
2019-05-08T14:57:00,-19.064,167.507,10.0,5.2
2019-05-08T16:58:55,-6.591,154.843,10.0,5.0
2019-05-09T21:37:13,49.714,155.893,42.7,5.2
2019-05-09T22:43:23,31.801,131.887,22.0,5.6
2019-05-09T23:06:50,-17.038,-174.003,93.6,5.2
2019-05-09T23:48:42,31.777,131.848,22.0,6.2
2019-05-10T00:07:34,31.687,131.785,10.0,5.1
2019-05-10T03:23:33,-28.668,-176.779,10.0,5.7
2019-05-10T03:43:17,-28.564,-177.023,10.0,5.0
2019-05-10T08:44:53,-19.74,169.133,105.0,5.8
2019-05-10T14:53:05,-12.023,165.462,10.0,5.0
2019-05-11T10:28:59,34.956,45.733,10.0,5.2
2019-05-11T16:06:16,-34.603,179.774,86.0,5.5
2019-05-11T20:13:01,-6.053,149.361,68.6,5.0
2019-05-12T08:51:41,-6.549,104.629,35.0,5.0
2019-05-12T08:59:54,19.41,121.02,30.4,5.4
2019-05-12T15:25:40,-11.989,165.46,10.0,5.1
2019-05-12T19:24:50,8.625,-82.83,19.0,6.0
2019-05-12T21:17:14,-5.835,151.088,35.0,5.0
2019-05-13T00:43:33,79.413,123.906,10.0,5.4
2019-05-13T02:11:05,-32.931,-178.863,35.0,5.1
2019-05-13T07:10:31,-12.16,-74.883,89.7,5.2
2019-05-13T12:01:10,-23.36,-174.728,10.0,5.2
2019-05-13T12:41:53,-14.04,-74.426,80.1,5.0
2019-05-14T00:20:38,-12.839,45.453,10.0,5.0
2019-05-14T11:16:36,-39.437,178.363,10.0,5.1
2019-05-14T12:58:25,-4.051,152.597,10.0,7.6
2019-05-14T13:38:20,-4.21,152.662,10.0,5.0
2019-05-14T14:36:34,-3.78,152.011,12.1,5.0
2019-05-14T20:01:07,-35.704,-103.832,10.0,5.0
2019-05-14T20:55:26,43.872,147.947,39.1,5.2
2019-05-15T00:33:45,-3.235,148.996,10.0,5.5
2019-05-15T05:24:31,29.722,130.712,29.0,5.7
2019-05-15T12:11:00,12.147,46.162,10.0,5.1
2019-05-15T14:08:57,-28.541,-176.758,18.3,5.4
2019-05-16T00:32:13,-31.456,-69.393,105.4,5.1
2019-05-16T01:23:58,-5.255,152.63,21.0,5.7
2019-05-16T12:09:44,-5.169,152.994,10.0,5.0
2019-05-16T14:32:49,-17.814,-70.171,114.1,5.1
2019-05-16T14:32:49,-17.763,-70.076,107.0,5.1
2019-05-16T16:22:17,12.644,-87.817,72.0,5.9
2019-05-16T22:52:43,-4.585,-105.733,10.0,5.9
2019-05-17T05:27:28,-35.063,-74.015,10.0,5.2
2019-05-17T14:16:24,-19.802,-70.28,69.5,5.0
2019-05-17T19:05:19,7.604,94.307,10.0,5.1
2019-05-17T22:37:47,-4.583,153.01,21.0,5.9
2019-05-17T23:02:32,-3.247,139.87,35.0,5.0
2019-05-18T01:51:29,-9.508,108.597,8.0,5.6
2019-05-18T14:58:30,-5.258,152.642,10.0,5.1
2019-05-19T01:23:29,-21.662,169.778,20.0,6.3
2019-05-19T11:48:33,-60.434,-26.752,10.0,5.1
2019-05-19T14:27:11,-21.731,169.576,16.0,6.0
2019-05-19T14:56:50,-21.607,169.469,20.0,6.3
2019-05-19T15:01:48,-21.67,169.688,10.0,5.1
2019-05-20T01:15:48,-6.718,154.727,10.0,5.2
2019-05-20T06:02:14,-6.863,154.607,10.0,5.2
2019-05-20T11:18:33,-31.478,-70.003,108.0,5.5
2019-05-21T06:33:04,-41.322,-88.593,10.0,5.0
2019-05-21T07:18:59,-23.139,-66.689,195.8,5.0
2019-05-21T18:42:47,0.986,122.092,49.0,5.1
2019-05-21T21:19:51,1.089,-85.108,10.0,5.3
2019-05-22T00:39:34,13.892,92.992,29.0,5.6
2019-05-22T17:36:14,-36.098,-100.744,10.0,5.4
2019-05-22T18:10:06,-15.237,-173.172,10.0,5.1
2019-05-23T08:45:17,51.308,-178.239,30.0,6.0
2019-05-23T12:34:34,-6.257,142.372,10.0,5.2
2019-05-23T15:02:18,-21.654,169.794,19.0,5.7
2019-05-23T15:56:41,-2.565,-12.208,10.0,5.1
2019-05-24T06:16:17,-44.668,-80.521,10.0,5.0
2019-05-24T09:36:17,-16.455,178.057,10.0,5.1
2019-05-24T20:15:59,-27.885,-66.643,148.8,5.2
2019-05-24T21:23:34,13.873,92.951,10.0,5.0
2019-05-24T22:09:19,-20.629,169.809,131.0,5.0
2019-05-25T10:31:10,-18.997,169.042,145.0,5.7
2019-05-26T07:41:15,-5.812,-75.27,122.6,8.0
2019-05-26T14:33:14,-10.274,165.429,36.9,5.1
2019-05-27T09:25:19,-8.174,158.625,102.0,5.5
2019-05-27T09:52:21,58.856,-152.358,64.0,5.8
2019-05-27T10:14:20,-4.642,152.888,57.5,5.0
2019-05-27T23:29:32,-56.337,-27.778,115.3,5.7
2019-05-29T01:43:06,6.322,93.767,35.0,5.0
2019-05-29T14:54:26,33.966,-38.952,10.0,5.1
2019-05-29T18:21:52,-31.657,-178.782,86.6,5.0
2019-05-29T22:13:43,2.152,128.408,73.3,5.2
2019-05-30T09:03:32,13.199,-89.306,57.9,6.6
2019-05-30T15:38:01,-21.754,-176.317,177.8,6.0
2019-05-31T06:37:53,-7.218,117.51,572.0,5.4
2019-05-31T10:12:32,6.28,126.479,98.7,6.1
2019-05-31T11:57:24,18.76,-107.145,10.0,5.8
2019-05-31T17:50:29,-4.941,151.453,9.3,5.4
2019-06-01T04:26:19,40.526,20.702,10.0,5.2
2019-06-01T07:00:28,40.571,20.74,10.0,5.0
2019-06-01T09:45:28,6.186,126.6,82.0,5.4
2019-06-01T10:17:43,-14.144,-14.53,10.0,5.4
2019-06-01T15:03:01,0.816,-25.978,10.0,5.3
2019-06-01T16:14:05,-1.758,122.679,35.0,5.0
2019-06-01T20:14:00,23.45,142.726,66.4,5.1
2019-06-02T03:03:09,0.645,98.449,43.0,5.4
2019-06-02T10:36:29,-21.207,-173.91,10.0,6.0
2019-06-02T23:05:45,-21.126,-173.684,10.0,5.0
2019-06-03T05:57:09,0.378,97.722,19.0,5.8
2019-06-03T06:04:35,0.343,97.743,10.0,5.2
2019-06-03T06:26:30,-6.862,129.493,191.2,5.3
2019-06-03T08:42:12,-19.684,-70.495,47.4,5.2
2019-06-03T17:24:35,-37.043,179.155,10.0,5.3
2019-06-04T01:15:38,-21.51,-174.123,10.0,5.2
2019-06-04T04:39:16,29.066,139.289,422.0,6.4
2019-06-04T06:24:32,-16.846,173.247,10.0,5.3
2019-06-04T09:46:18,22.903,121.686,10.0,5.5
2019-06-04T23:27:25,-20.06,-175.192,76.3,5.0
2019-06-05T10:57:53,54.705,164.423,10.0,5.1
2019-06-05T16:19:42,-27.415,-70.193,75.2,5.3
2019-06-05T20:41:49,6.476,124.168,470.1,5.5
2019-06-07T14:57:33,58.281,-151.18,25.4,5.0
2019-06-07T23:36:08,-47.775,102.493,10.0,5.0
2019-06-08T10:19:55,-6.225,154.8,62.8,5.0
2019-06-08T10:49:19,-3.735,149.535,10.0,5.1
2019-06-08T14:19:03,-25.21,-177.174,109.3,5.5
2019-06-08T21:36:54,-5.651,154.485,149.9,5.0
2019-06-09T09:32:25,-8.198,108.947,70.4,5.4
2019-06-09T11:53:55,-2.796,139.361,35.0,5.3
2019-06-10T09:12:18,13.05,-88.567,72.4,5.1
2019-06-10T14:43:08,-15.963,167.933,168.7,5.0
2019-06-10T15:59:58,17.403,147.802,10.0,5.0
2019-06-10T16:59:18,-6.576,131.856,61.0,5.5
2019-06-10T17:14:53,17.407,147.76,23.8,5.4
2019-06-10T20:25:21,-16.148,178.39,11.0,5.0
2019-06-11T07:00:01,-21.232,-173.84,10.0,5.2
2019-06-11T23:23:41,-55.045,-127.071,10.0,5.2
2019-06-12T03:10:24,34.681,72.857,12.9,5.2
2019-06-13T03:00:31,-35.73,-17.193,10.0,5.7
2019-06-13T07:33:58,-21.164,-173.806,10.0,5.2
2019-06-13T10:34:31,11.212,142.916,10.0,5.0
2019-06-13T13:47:59,9.867,57.842,10.0,5.0
2019-06-13T22:50:11,-30.444,-71.377,47.5,5.0
2019-06-13T23:10:24,-31.584,-178.606,35.0,5.3
2019-06-14T00:19:12,-30.056,-72.082,11.0,6.4
2019-06-14T03:53:15,-21.178,-174.036,10.0,5.4
2019-06-14T04:28:28,-18.9,168.794,80.7,5.2
2019-06-14T06:54:56,-11.173,118.459,10.0,5.1
2019-06-14T07:50:56,13.542,145.338,59.7,5.2
2019-06-14T16:26:26,14.356,-93.162,10.0,5.1
2019-06-14T18:12:59,14.382,-93.019,10.0,5.0
2019-06-14T20:10:52,-5.843,130.725,105.0,5.7
2019-06-14T20:44:54,15.385,-46.577,10.0,5.2
2019-06-15T21:56:10,-21.181,-174.169,13.0,6.1
2019-06-15T22:55:04,-30.644,-178.1,46.0,7.3
2019-06-15T23:04:06,-30.524,-178.238,35.0,5.2
2019-06-15T23:07:25,-30.617,-178.019,39.4,5.3
2019-06-16T00:00:07,-30.644,-178.045,39.2,5.0
2019-06-16T01:29:42,-30.611,-178.078,35.0,5.1
2019-06-16T03:02:39,-30.644,-178.039,35.0,5.5
2019-06-16T05:17:14,-31.0,-178.082,21.0,6.3
2019-06-16T06:30:21,-44.69,35.428,10.0,5.0
2019-06-16T17:25:23,18.574,-101.771,60.7,5.1
2019-06-16T20:13:56,-10.366,120.032,45.0,5.0
2019-06-16T20:58:22,-31.659,-177.796,10.0,5.6
2019-06-16T21:56:05,-30.639,-177.952,35.0,5.0
2019-06-16T23:19:58,-31.93,-177.99,10.0,5.0
2019-06-17T04:01:50,-6.791,129.257,171.8,5.0
2019-06-17T05:43:30,-8.725,123.048,96.8,5.4
2019-06-17T06:02:04,-30.839,-177.481,12.0,6.1
2019-06-17T07:18:16,-54.066,-1.901,10.0,5.0
2019-06-17T11:04:04,-0.304,99.025,59.2,5.0
2019-06-17T13:47:48,-65.607,-176.702,10.0,5.8
2019-06-17T14:55:44,28.406,104.933,6.0,5.8
2019-06-17T15:36:02,28.44,104.874,10.0,5.1
2019-06-17T16:53:05,-30.794,-177.526,22.4,5.5
2019-06-17T20:03:09,0.794,-26.078,10.0,5.4
2019-06-18T01:15:58,-30.718,-177.405,10.0,5.1
2019-06-18T04:23:50,-31.068,-177.613,10.0,5.1
2019-06-18T05:14:46,-25.46,178.213,579.0,5.5
2019-06-18T13:22:19,38.639,139.477,12.0,6.4
2019-06-18T16:05:17,-31.021,-177.554,15.0,5.9
2019-06-18T17:21:48,-31.218,-177.636,10.0,5.5
2019-06-18T17:26:22,-21.451,-173.631,10.0,5.0
2019-06-18T18:12:09,-30.65,-178.029,43.9,5.2
2019-06-18T20:27:40,-22.317,169.774,10.0,5.4
2019-06-18T23:04:34,-30.926,-177.654,18.4,5.0
2019-06-18T23:24:20,-31.369,-177.562,14.3,5.2
2019-06-18T23:59:06,-30.985,-177.588,19.5,5.3
2019-06-19T06:03:42,-21.466,-173.679,10.0,5.1
2019-06-19T07:01:45,-30.524,-177.848,30.0,6.4
2019-06-19T17:24:48,-2.266,138.461,10.0,6.3
2019-06-19T23:14:59,-12.656,166.264,10.0,5.7
2019-06-20T01:23:26,-33.632,-68.759,150.2,5.4
2019-06-20T02:04:42,5.714,126.848,71.4,5.0
2019-06-20T05:24:44,-33.698,-178.832,10.0,5.0
2019-06-20T07:31:33,-21.189,-179.056,622.6,5.1
2019-06-20T07:32:57,-17.665,-173.716,47.7,5.5
2019-06-20T08:27:22,-58.071,-25.31,35.0,5.2
2019-06-20T16:30:00,-7.404,125.49,438.4,5.0
2019-06-20T21:45:06,-31.006,-177.381,10.0,5.1
2019-06-20T23:15:11,-34.01,179.594,10.0,5.1
2019-06-21T06:38:29,-6.085,149.779,57.9,5.3
2019-06-21T07:27:40,-31.076,-177.59,15.2,5.2
2019-06-21T08:37:16,-30.859,-177.468,14.0,6.2
2019-06-21T08:40:38,-30.853,-177.522,10.0,5.1
2019-06-21T22:49:24,-30.751,-177.424,10.0,5.1
2019-06-21T23:00:28,-30.642,-177.537,10.0,5.1
2019-06-21T23:34:42,-21.188,-173.949,10.0,5.0
2019-06-22T12:52:01,43.767,-128.402,10.0,5.3
2019-06-22T13:00:14,43.794,-128.519,10.0,5.3
2019-06-22T14:29:56,28.395,104.81,10.0,5.3
2019-06-22T18:34:33,-17.056,171.468,10.0,5.0
2019-06-22T22:31:34,14.39,-92.96,17.0,5.6
2019-06-23T00:21:06,-21.112,-173.935,10.0,5.1
2019-06-23T03:53:02,40.274,-124.3,9.4,5.6
2019-06-23T06:52:08,-30.963,-177.456,10.0,5.2
2019-06-24T00:11:45,34.929,140.01,46.4,5.2
2019-06-24T01:05:29,-2.776,138.568,28.0,6.1
2019-06-24T01:22:46,-2.666,138.61,10.0,5.0
2019-06-24T01:28:37,-2.659,138.583,10.0,5.1
2019-06-24T02:43:55,-2.652,138.504,10.0,5.3
2019-06-24T02:48:05,-2.668,138.474,10.0,5.1
2019-06-24T02:53:39,-6.408,129.169,212.0,7.3
2019-06-24T03:28:25,-6.415,129.178,206.2,5.2
2019-06-24T04:47:08,-2.619,138.538,22.2,5.6
2019-06-24T05:15:48,-2.652,138.522,10.0,5.3
2019-06-24T07:19:45,-2.658,138.638,10.0,5.0
2019-06-24T11:34:08,-30.763,-177.353,10.0,5.9
2019-06-24T16:53:19,-2.684,138.438,10.0,5.7
2019-06-24T16:54:12,-2.655,138.407,20.0,5.5
2019-06-24T17:35:13,-2.742,138.432,10.0,5.5
2019-06-24T19:21:36,-57.989,-25.392,26.0,5.5
2019-06-24T22:39:45,-2.642,138.587,10.0,5.0
2019-06-25T06:01:51,-47.872,99.453,10.0,5.9
2019-06-25T09:05:40,56.202,164.233,10.0,6.4
2019-06-26T02:18:07,56.182,164.088,10.0,6.3
2019-06-26T03:18:15,-9.517,157.753,17.8,5.6
2019-06-26T04:49:58,-2.657,138.498,10.0,5.0
2019-06-26T05:23:51,8.461,-82.754,32.6,6.2
2019-06-26T18:06:30,-30.888,-177.342,10.0,5.3
2019-06-26T22:12:58,84.464,105.478,10.0,5.0
2019-06-27T04:20:48,56.219,164.303,10.0,5.7
2019-06-27T11:04:56,-30.396,-179.182,10.0,6.3
2019-06-27T12:48:34,-2.65,138.34,10.0,5.2
2019-06-27T20:45:15,-2.662,138.426,10.0,5.0
2019-06-27T20:58:24,-20.706,-173.925,10.0,5.2
2019-06-28T08:30:42,-29.36,-71.024,78.3,5.0
2019-06-28T15:51:31,19.852,144.348,410.0,6.4
2019-06-28T18:14:25,-12.562,166.082,10.0,5.5
2019-06-29T06:47:04,-8.193,108.963,78.9,5.1
2019-06-29T08:08:26,8.332,126.852,35.0,5.0
2019-06-29T19:00:07,9.711,125.068,44.5,5.0
2019-06-29T19:36:43,-9.004,158.183,10.0,5.2
2019-06-29T19:44:12,22.297,122.462,20.5,5.0
2019-06-29T19:46:36,-56.258,-27.229,100.8,5.0
2019-06-29T19:51:20,-1.715,-13.01,10.0,5.5
2019-07-01T00:37:36,41.216,142.125,44.4,5.2
2019-07-01T01:14:03,39.335,71.606,10.0,5.0
2019-07-01T03:24:29,54.924,164.481,10.0,5.0
2019-07-01T07:51:30,-56.346,-26.718,65.3,5.1
2019-07-01T16:59:25,9.17,124.192,533.0,5.9
2019-07-01T17:13:28,-15.44,167.531,91.0,6.0
2019-07-01T19:56:58,-30.626,-177.99,35.0,5.2
2019-07-01T20:39:50,-7.386,128.438,139.3,5.1
2019-07-02T04:07:17,-31.243,-175.862,10.0,5.4
2019-07-02T04:07:28,-31.375,-177.349,15.0,5.4
2019-07-02T08:00:13,-11.497,166.408,43.0,5.7
2019-07-02T09:44:33,-1.519,67.606,10.0,5.8
2019-07-02T14:53:12,-6.584,143.09,10.0,5.1
2019-07-02T19:51:46,-43.68,123.906,10.0,5.6
2019-07-03T03:45:29,-22.136,-179.515,596.1,5.8
2019-07-03T04:38:22,69.117,-144.687,13.9,5.3
2019-07-03T08:32:24,-56.166,-26.744,48.2,5.1
2019-07-04T02:17:58,28.488,104.84,10.0,5.1
2019-07-04T04:30:44,51.237,-130.5,10.0,6.2
2019-07-04T17:33:49,35.705,-117.504,10.5,6.4
2019-07-04T19:22:01,-4.605,153.242,62.4,5.0
2019-07-05T02:08:23,-14.788,-173.451,10.0,5.3
2019-07-05T06:38:14,-20.549,-173.883,10.0,5.1
2019-07-05T10:30:42,-61.973,-157.895,10.0,5.3
2019-07-05T11:07:53,35.76,-117.575,7.0,5.4
2019-07-05T11:56:39,-48.945,127.346,10.0,5.1
2019-07-05T12:58:27,51.344,-130.574,9.0,5.6
2019-07-05T17:08:27,9.376,87.112,10.0,5.0
2019-07-05T19:59:13,-5.984,130.853,101.2,5.2
2019-07-05T22:09:53,-21.579,-174.032,10.0,5.0
2019-07-06T00:10:45,-30.29,-177.796,35.0,5.2
2019-07-06T03:19:53,35.77,-117.599,8.0,7.1
2019-07-06T03:47:53,35.901,-117.75,5.0,5.5
2019-07-06T04:18:55,35.91,-117.685,7.4,5.4
2019-07-06T05:23:33,56.212,164.272,10.0,5.3
2019-07-06T05:29:52,56.163,164.141,10.0,5.0
2019-07-06T06:13:26,-63.194,-157.596,10.0,5.2
2019-07-06T06:27:03,-18.58,176.512,10.0,5.0
2019-07-06T06:30:27,-18.437,176.314,10.0,5.0
2019-07-06T06:31:58,-27.647,-176.187,10.0,5.4
2019-07-06T07:09:20,56.134,164.18,10.0,5.1
2019-07-06T09:44:28,-6.271,154.738,37.8,5.7
2019-07-06T09:45:33,-27.815,-176.178,10.0,5.1
2019-07-06T11:08:16,-20.957,169.868,99.7,5.6
2019-07-06T17:52:21,-32.827,-178.349,10.0,5.1
2019-07-07T04:03:10,-18.459,-173.936,10.0,5.1
2019-07-07T15:08:40,0.513,126.189,35.0,6.9
2019-07-07T18:49:01,-23.761,-179.861,530.4,5.2
2019-07-07T18:49:14,-23.91,-179.865,511.8,5.1
2019-07-08T00:09:02,10.842,-85.632,59.1,5.1
2019-07-08T00:59:25,9.529,126.195,40.6,5.0
2019-07-08T02:24:36,0.8,126.518,34.1,5.1
2019-07-08T04:16:15,0.707,126.359,19.1,5.0
2019-07-08T06:20:10,0.449,126.251,10.0,5.6
2019-07-08T06:56:00,-2.525,138.506,35.0,5.1
2019-07-08T07:00:32,31.756,49.561,19.0,5.6
2019-07-08T18:52:33,0.504,126.304,28.0,5.9
2019-07-08T19:00:38,0.493,126.384,15.6,5.0
2019-07-08T23:57:55,0.687,126.357,19.7,5.2
2019-07-08T23:58:23,0.665,126.389,28.1,5.0
2019-07-09T03:11:47,-30.368,-177.876,35.0,5.2
2019-07-09T11:33:31,47.442,144.982,436.0,5.5
2019-07-09T12:36:58,6.814,125.119,10.0,5.6
2019-07-09T18:43:43,52.899,-167.483,33.1,5.5
2019-07-10T00:56:38,6.868,125.105,31.2,5.0
2019-07-10T14:14:03,44.614,148.942,57.2,5.0
2019-07-10T19:00:52,-56.775,-141.505,10.0,5.5
2019-07-10T21:43:48,0.011,-16.963,10.0,5.2
2019-07-11T14:38:00,-0.56,127.703,10.0,5.0
2019-07-11T15:31:27,-17.892,167.711,10.0,5.0
2019-07-11T17:08:37,-4.641,155.224,495.2,6.0
2019-07-11T17:17:30,15.597,-49.959,10.0,5.1
2019-07-11T21:21:57,23.912,122.879,18.2,5.1
2019-07-11T21:46:36,0.546,126.467,10.0,5.2
2019-07-12T01:34:41,14.785,-94.257,10.0,5.3
2019-07-12T04:12:24,-30.832,-177.434,10.0,5.2
2019-07-12T07:30:34,-34.256,179.462,10.0,5.0
2019-07-12T11:22:43,-54.678,-27.911,10.0,5.1
2019-07-12T17:01:56,-8.936,117.806,49.8,5.3
2019-07-12T18:05:51,-54.613,-131.949,10.0,5.0
2019-07-12T20:42:55,9.328,126.043,14.3,5.8
2019-07-13T00:57:44,29.353,128.153,251.0,6.1
2019-07-13T07:59:33,-49.559,-116.733,10.0,5.7
2019-07-14T05:39:23,-18.224,120.358,10.0,6.6
2019-07-14T09:10:51,-0.586,128.034,19.0,7.2
2019-07-14T09:28:39,-0.762,128.207,10.0,5.1
2019-07-14T09:29:36,-0.743,128.247,10.0,5.1
2019-07-14T09:43:46,-0.804,127.721,10.0,5.8
2019-07-14T10:04:59,-1.612,135.705,29.5,5.1
2019-07-14T10:05:21,-0.547,127.969,10.0,5.2
2019-07-14T10:26:58,-0.477,127.848,10.0,5.8
2019-07-14T11:52:26,-0.481,127.988,10.0,5.0
2019-07-14T15:44:20,-0.506,127.949,10.0,5.1
2019-07-14T19:12:24,13.353,50.447,10.0,5.1
2019-07-14T23:01:36,-18.278,120.279,10.0,5.0
2019-07-15T03:05:13,-0.685,127.724,10.0,5.0
2019-07-15T08:21:34,-5.971,149.488,42.0,6.3
2019-07-15T10:35:24,-0.441,127.84,10.0,5.2
2019-07-16T00:18:36,-8.821,114.487,80.0,5.7
2019-07-16T22:03:51,12.334,144.5,7.3,5.7
2019-07-17T02:43:24,-17.152,-177.134,10.0,5.6
2019-07-17T04:35:14,-12.358,166.277,10.0,5.2
2019-07-17T06:10:46,-17.026,-176.892,10.0,5.6
2019-07-17T14:57:55,-0.972,128.783,11.3,5.0
2019-07-17T14:59:59,43.421,-127.174,10.0,5.4
2019-07-18T01:17:07,1.486,-90.866,10.0,5.3
2019-07-18T08:52:07,46.276,153.34,10.0,5.2
2019-07-18T17:17:49,0.308,126.304,23.4,5.3
2019-07-19T09:22:15,27.719,92.83,15.0,5.5
2019-07-19T11:13:15,38.095,23.525,10.0,5.3
2019-07-20T15:16:29,-20.279,-173.174,10.0,5.1
2019-07-20T18:23:54,-29.326,-111.369,10.0,5.1
2019-07-20T20:43:44,-5.994,149.5,49.0,5.6
2019-07-20T22:35:36,-31.032,-178.35,63.4,5.2
2019-07-21T17:25:15,12.347,144.401,10.0,5.5
2019-07-21T17:35:33,12.262,144.253,9.0,5.5
2019-07-22T04:08:17,-3.384,131.016,25.9,5.1
2019-07-22T10:06:57,-3.322,131.048,16.0,5.4
2019-07-22T20:46:58,25.257,124.363,99.9,5.1
2019-07-22T22:59:02,26.759,55.008,10.0,5.0
2019-07-23T10:33:24,-61.287,154.114,10.0,6.0
2019-07-23T23:08:56,-33.798,-179.509,35.0,5.5
2019-07-24T01:29:12,-8.595,114.313,102.5,5.0
2019-07-24T13:17:19,-10.681,114.966,10.0,5.2
2019-07-24T18:57:34,9.4,-40.528,10.0,5.2
2019-07-24T22:14:22,35.134,140.688,44.7,5.0
2019-07-25T14:13:21,-20.316,-173.28,10.0,5.0
2019-07-25T20:47:24,-5.48,68.79,10.0,5.0
2019-07-26T20:16:56,20.759,121.919,11.6,5.4
2019-07-26T23:36:36,-16.734,176.338,10.0,5.1
2019-07-26T23:37:58,20.837,121.974,9.0,6.0
2019-07-27T01:24:44,20.754,122.008,10.0,5.7
2019-07-27T05:57:23,-37.174,-17.381,10.0,5.2
2019-07-27T09:55:08,-59.644,-150.912,10.0,5.7
2019-07-27T10:07:56,-59.846,-151.654,10.0,5.6
2019-07-27T10:11:32,20.818,122.004,10.0,5.1
2019-07-27T18:31:07,33.149,137.303,367.0,6.3
2019-07-28T03:19:20,-3.69,151.471,10.0,5.4
2019-07-28T08:59:51,-8.424,159.964,35.0,5.0
2019-07-28T12:32:39,-55.862,-124.753,10.0,5.6
2019-07-28T14:25:02,-6.978,106.142,58.5,5.1
2019-07-29T05:46:39,-2.727,100.217,35.0,5.1
2019-07-29T12:42:29,-9.771,118.002,35.0,5.0
2019-07-29T20:37:43,32.838,140.569,59.1,5.8
2019-07-30T01:21:27,-20.966,-178.86,606.7,5.2
2019-07-30T14:32:53,-22.279,170.41,10.0,5.1
2019-07-31T00:41:04,-14.083,-13.951,10.0,5.0
2019-07-31T01:36:03,-20.501,169.798,128.6,5.2
2019-07-31T05:54:53,13.148,-89.395,43.0,5.9
2019-07-31T08:29:23,59.889,144.683,10.0,5.0
2019-07-31T09:45:28,56.135,164.287,10.0,5.1
2019-07-31T15:02:33,-16.198,167.998,181.0,6.6
2019-07-31T18:35:53,-0.766,133.252,41.8,5.2
2019-07-31T19:11:44,-16.223,167.993,188.8,5.0
2019-08-01T01:22:16,-19.772,133.9,10.0,5.1
2019-08-01T18:28:07,-34.236,-72.31,25.0,6.8
2019-08-01T20:01:28,-34.281,-72.373,15.4,5.6
2019-08-01T20:35:22,1.109,121.788,37.7,5.0
2019-08-02T00:55:16,-34.182,-72.196,13.2,5.4
2019-08-02T05:50:55,-49.731,-113.833,10.0,6.0
2019-08-02T12:03:27,-7.282,104.791,49.0,6.9
2019-08-02T13:06:53,-48.852,120.824,10.0,5.0
2019-08-02T16:10:11,6.014,125.828,148.4,5.2
2019-08-02T17:28:23,12.856,124.927,43.2,5.0
2019-08-02T18:16:52,-30.384,-177.945,34.0,5.0
2019-08-03T09:51:24,35.224,27.845,10.0,5.1
2019-08-03T18:11:27,52.248,-165.689,23.5,5.2
2019-08-03T21:10:56,12.806,125.055,41.6,5.0
2019-08-04T00:11:07,-47.895,165.578,16.5,5.1
2019-08-04T01:26:14,11.913,95.008,10.0,5.0
2019-08-04T10:23:03,37.759,141.603,38.0,6.3
2019-08-04T11:44:21,-48.815,163.79,10.0,5.6
2019-08-04T19:04:54,36.676,71.275,226.3,5.1
2019-08-04T19:51:16,30.586,50.845,7.7,5.4
2019-08-05T00:40:46,1.042,-27.87,10.0,5.8
2019-08-05T05:09:59,-6.025,102.236,10.0,5.0
2019-08-05T09:01:00,-18.379,-174.373,10.0,5.7
2019-08-06T03:51:16,2.149,126.562,35.0,5.2
2019-08-06T22:14:14,-17.959,168.584,150.0,5.9
2019-08-07T05:32:40,-15.498,167.656,124.0,5.9
2019-08-07T12:26:49,-34.889,-108.223,10.0,5.3
2019-08-07T21:28:03,24.478,121.93,20.8,5.8
2019-08-08T00:45:26,36.527,70.057,226.0,5.8
2019-08-08T00:49:48,18.657,147.54,10.0,5.0
2019-08-08T11:25:31,37.935,29.7,11.0,5.9
2019-08-09T02:54:37,-5.162,151.187,126.2,5.3
2019-08-09T13:09:47,-4.26,152.824,10.0,5.1
2019-08-09T17:45:46,-21.06,-173.812,10.0,5.3
2019-08-09T21:26:57,55.91,161.866,46.6,5.4
2019-08-10T03:41:21,7.562,-37.064,10.0,5.3
2019-08-10T06:43:12,37.17,71.534,110.7,5.3
2019-08-10T12:01:33,-5.58,129.558,21.2,5.4
2019-08-10T21:11:09,-0.739,99.391,36.7,5.2
2019-08-10T23:17:17,51.949,160.252,10.0,5.0
2019-08-11T02:11:10,-7.11,102.905,10.0,5.1
2019-08-11T02:13:26,30.345,94.873,10.0,5.0
2019-08-11T04:39:03,-7.221,102.944,10.0,5.0
2019-08-11T07:02:49,34.309,25.004,10.0,5.0
2019-08-11T22:51:33,-9.642,113.947,35.0,5.0
2019-08-12T10:35:28,-44.547,167.905,10.0,5.4
2019-08-12T20:39:34,15.977,-93.728,93.0,5.5
2019-08-12T22:40:58,-29.092,96.91,10.0,5.2
2019-08-13T06:35:01,-31.168,-177.348,10.0,5.2
2019-08-13T18:38:38,-3.04,101.303,46.5,5.2
2019-08-14T03:02:28,-54.744,-0.974,10.0,5.2
2019-08-14T21:35:18,20.502,-109.288,10.0,5.9
2019-08-15T05:32:53,40.828,141.244,86.0,5.4
2019-08-15T10:38:32,-20.807,173.488,10.0,5.5
2019-08-15T13:54:31,45.879,152.192,53.6,5.0
2019-08-16T02:09:20,36.439,70.693,207.7,5.1
2019-08-16T15:23:18,44.273,-129.396,10.0,5.4
2019-08-16T19:50:04,-4.532,153.434,100.5,5.0
2019-08-16T23:30:07,-26.685,-175.695,10.0,5.2
2019-08-17T22:28:37,30.929,142.554,10.0,5.0
2019-08-18T03:24:21,18.473,94.539,26.1,5.2
2019-08-18T06:28:34,24.02,93.858,63.4,5.0
2019-08-18T09:28:29,-2.324,-79.277,84.7,5.0
2019-08-18T18:00:25,16.626,146.316,17.9,5.9
2019-08-18T18:55:11,16.308,146.5,10.0,5.0
2019-08-19T03:44:17,-60.591,-25.197,10.0,5.2
2019-08-20T08:20:22,27.924,130.034,10.0,5.2
2019-08-20T12:52:22,27.974,130.835,10.0,5.4
2019-08-20T13:03:52,-11.368,166.291,37.0,6.0
2019-08-21T00:02:58,5.965,126.957,134.2,5.1
2019-08-21T09:24:54,-6.064,154.647,64.0,5.5
2019-08-21T12:58:08,-50.333,139.365,10.0,5.4
2019-08-21T14:28:25,-50.33,139.324,10.0,6.0
2019-08-21T20:10:50,36.39,69.34,42.9,5.0
2019-08-21T23:50:13,-5.063,152.609,40.0,5.0
2019-08-22T11:02:40,17.561,145.475,519.9,5.5
2019-08-22T19:27:11,-14.667,-177.414,10.0,5.9
2019-08-22T22:54:25,-12.581,167.062,206.9,5.6
2019-08-23T00:04:32,-29.106,-178.322,219.7,5.2
2019-08-23T02:03:47,-21.479,-173.75,10.0,5.1
2019-08-23T10:44:21,-11.592,166.394,43.0,5.5
2019-08-23T23:44:51,24.314,124.784,36.8,5.0
2019-08-24T04:52:46,37.334,142.501,11.6,5.1
2019-08-24T15:05:50,-21.419,-173.699,10.0,5.1
2019-08-24T15:51:27,-14.309,167.19,115.0,6.0
2019-08-24T21:21:27,-20.185,-175.63,215.1,5.5
2019-08-24T23:36:34,-43.135,-74.314,20.0,5.1
2019-08-25T07:16:19,50.44,157.806,35.0,5.0
2019-08-25T17:28:49,-7.886,159.218,33.7,5.1
2019-08-25T18:46:50,8.492,-39.353,10.0,5.0
2019-08-25T20:30:20,2.734,-78.04,61.4,5.0
2019-08-26T21:40:49,-19.847,170.041,10.0,5.0
2019-08-27T23:55:19,-60.215,-26.58,16.0,6.6
2019-08-28T07:59:02,-60.357,-26.529,10.0,5.6
2019-08-28T08:00:45,-60.558,-26.852,10.0,5.5
2019-08-28T09:24:02,-60.337,-26.424,10.0,5.3
2019-08-28T10:07:49,-60.466,-26.381,10.0,5.1
2019-08-28T20:19:53,-60.626,-26.551,10.0,5.1
2019-08-28T23:46:40,41.068,142.996,23.8,5.9
2019-08-29T15:07:58,43.542,-127.882,10.0,6.3
2019-08-30T05:57:17,23.766,-45.446,10.0,5.3
2019-08-31T13:02:20,7.495,126.65,61.7,5.1
2019-08-31T15:09:21,22.741,95.522,10.0,5.4
2019-08-31T23:54:40,-50.004,-114.467,10.0,5.7
2019-09-01T02:34:50,-49.856,-114.781,10.0,5.5
2019-09-01T04:32:26,59.103,-136.973,9.8,5.0
2019-09-01T15:54:20,-20.364,-178.57,591.0,6.6
2019-09-01T16:10:38,-19.183,-176.332,6.4,5.0
2019-09-01T16:15:41,-19.28,-176.006,10.0,5.0
2019-09-01T21:32:16,-18.579,-71.033,35.0,5.1
2019-09-02T06:41:47,12.342,144.842,10.0,5.1
2019-09-02T13:02:45,80.087,-0.595,10.0,5.2
2019-09-02T16:35:27,-14.046,-72.55,80.0,5.0
2019-09-02T22:45:48,23.777,-45.217,10.0,5.9
2019-09-03T07:30:38,-18.503,-132.883,10.0,5.0
2019-09-04T07:02:52,-38.776,175.981,10.0,5.1
2019-09-04T09:48:22,-18.92,-176.301,10.0,5.7
2019-09-04T13:37:47,2.288,126.812,47.5,5.0
2019-09-04T18:09:44,0.294,126.174,35.0,5.0
2019-09-05T03:23:27,46.546,152.76,35.0,5.3
2019-09-05T05:41:31,-36.084,-73.804,10.0,5.1
2019-09-05T07:32:35,-17.864,168.328,10.0,5.1
2019-09-05T09:12:19,-2.519,68.483,10.0,5.6
2019-09-05T11:52:06,52.586,-31.916,10.0,5.5
2019-09-05T11:56:19,-6.406,103.65,35.0,5.1
2019-09-05T13:58:34,14.726,116.135,11.2,5.3
2019-09-05T15:02:45,43.718,-127.819,10.0,5.9
2019-09-05T16:06:03,-57.579,-66.268,10.0,5.1
2019-09-05T18:50:05,-1.939,26.957,10.0,5.0
2019-09-06T15:27:56,-20.184,169.053,27.0,5.9
2019-09-06T17:25:39,-31.04,-177.844,31.4,5.0
2019-09-06T21:14:26,-0.131,130.562,10.0,5.1
2019-09-07T05:35:01,-46.871,-10.653,10.0,5.3
2019-09-07T09:35:50,41.594,142.058,56.8,5.2
2019-09-07T18:50:37,-58.951,-26.634,142.6,5.3
2019-09-07T22:42:14,29.53,104.931,10.0,5.0
2019-09-08T03:34:20,-26.031,68.754,10.0,5.2
2019-09-08T13:49:16,6.109,125.515,35.0,5.0
2019-09-08T18:10:32,-6.537,155.023,371.7,5.1
2019-09-09T00:38:46,-6.471,30.739,25.0,5.4
2019-09-09T03:54:06,51.44,-178.627,16.7,5.4
2019-09-09T09:37:59,-19.504,168.393,24.8,5.4
2019-09-09T09:53:31,-36.334,-99.233,20.4,5.5
2019-09-09T17:17:07,13.503,120.943,192.3,5.0
2019-09-09T18:05:17,10.512,-64.421,10.0,5.4
2019-09-09T21:24:18,50.415,-177.173,10.0,5.4
2019-09-10T05:39:24,6.637,126.417,48.0,5.7
2019-09-10T09:53:00,-58.847,-16.276,10.0,5.0
2019-09-10T14:16:46,12.901,-88.796,62.5,5.0
2019-09-10T20:32:12,57.019,-139.529,9.9,5.7
2019-09-10T23:32:23,4.03,126.682,27.0,5.6
2019-09-11T17:51:55,-25.541,178.259,618.4,5.6
2019-09-11T19:06:57,16.575,40.142,10.0,5.0
2019-09-11T19:16:40,-38.278,-93.007,10.0,5.4
2019-09-11T20:59:09,47.184,152.436,123.1,5.0
2019-09-12T08:48:40,-52.569,13.226,10.0,5.0
2019-09-12T14:08:53,-27.878,74.069,10.0,5.1
2019-09-12T15:36:32,-27.848,74.156,10.0,5.1
2019-09-13T04:08:05,50.62,87.347,10.0,5.0
2019-09-13T08:28:17,15.053,122.275,48.1,5.3
2019-09-13T14:12:29,43.668,-28.793,10.0,5.3
2019-09-13T22:53:31,-15.353,-173.17,10.0,5.7
2019-09-14T03:42:05,-0.32,132.376,10.0,5.1
2019-09-14T05:15:30,-31.396,-68.618,102.9,5.0
2019-09-14T12:47:14,-37.295,-17.229,10.0,5.2
2019-09-14T13:25:54,53.993,-165.834,67.0,5.4
2019-09-14T16:21:27,-0.981,128.537,4.4,5.8
2019-09-14T16:42:11,-30.218,-177.858,35.0,5.0
2019-09-14T21:10:52,54.491,-35.138,10.0,5.0
2019-09-15T06:59:17,13.652,-91.458,35.0,5.2
2019-09-16T00:29:32,25.938,143.065,10.0,5.1
2019-09-16T12:48:41,38.568,100.247,17.3,5.1
2019-09-17T01:09:56,61.72,-150.89,63.1,5.2
2019-09-17T13:51:33,36.339,-33.921,10.0,5.4
2019-09-17T14:10:19,-11.051,166.417,153.2,5.1
2019-09-17T16:03:20,-3.177,147.015,10.0,5.2
2019-09-18T02:54:28,44.551,148.076,66.1,5.0
2019-09-18T03:58:53,-0.595,127.995,32.5,5.1
2019-09-18T06:22:48,-3.86,151.498,10.0,5.2
2019-09-18T06:25:58,-6.591,154.245,10.0,5.1
2019-09-18T07:01:01,5.409,126.453,23.4,5.6
2019-09-18T11:54:58,-54.201,7.912,10.0,5.2
2019-09-18T14:46:20,-10.555,152.356,10.0,5.2
2019-09-18T16:00:53,-54.146,7.811,10.0,5.0
2019-09-18T16:10:18,-9.888,150.19,10.0,5.1
2019-09-19T07:06:33,-6.071,111.842,610.0,6.1
2019-09-19T07:32:01,-6.059,111.888,617.6,5.9
2019-09-19T07:32:58,-6.053,111.897,636.4,5.6
2019-09-19T16:02:26,-22.771,-175.024,10.0,5.1
2019-09-19T19:09:50,3.578,127.231,45.8,5.0
2019-09-19T23:59:40,-4.963,151.624,138.3,5.0
2019-09-20T05:28:25,-18.253,-172.1,10.0,5.3
2019-09-20T08:00:14,-18.299,-172.099,10.0,5.0
2019-09-20T09:13:40,-18.306,-172.505,10.0,5.4
2019-09-20T09:19:12,-18.311,-172.462,10.0,5.1
2019-09-20T18:20:07,-17.333,166.97,10.0,5.1
2019-09-20T20:59:15,-0.951,128.654,10.0,5.0
2019-09-21T14:04:25,41.338,19.53,20.0,5.6
2019-09-21T14:15:52,41.468,19.544,13.7,5.1
2019-09-21T19:53:13,-6.458,130.426,65.0,5.9
2019-09-22T01:25:18,-31.615,-176.21,10.0,5.2
2019-09-22T07:32:33,-15.563,-173.06,10.0,5.6
2019-09-22T22:32:24,-6.835,102.63,10.0,5.1
2019-09-23T08:24:39,-36.045,-73.835,10.0,5.3
2019-09-23T08:54:22,11.058,138.597,10.0,5.2
2019-09-23T17:51:10,52.533,-166.907,10.0,5.3
2019-09-24T03:23:40,19.077,-67.27,10.0,6.0
2019-09-24T03:32:41,19.022,-67.208,5.0,5.1
2019-09-24T07:18:37,-20.871,-178.397,523.0,5.3
2019-09-24T11:01:54,33.078,73.794,10.0,5.4
2019-09-24T21:12:01,-33.815,56.24,10.0,5.1
2019-09-24T21:19:47,-33.821,56.3,10.0,6.0
2019-09-24T21:25:10,-33.786,56.285,10.0,5.0
2019-09-25T04:29:11,-17.486,-172.773,10.0,5.2
2019-09-25T15:57:33,-4.251,142.804,52.1,5.4
2019-09-25T19:43:22,-27.877,-66.752,157.3,5.3
2019-09-25T19:54:28,-5.871,148.144,94.8,5.3
2019-09-25T20:15:54,-40.655,-16.794,10.0,5.2
2019-09-25T20:18:31,-40.495,-16.831,10.0,5.4
2019-09-25T23:46:43,-3.453,128.37,12.3,6.5
2019-09-26T00:39:59,-3.627,128.416,10.0,5.5
2019-09-26T10:59:25,40.904,28.15,8.0,5.7
2019-09-26T11:08:32,-7.174,150.6,10.0,5.1
2019-09-26T16:36:18,-40.814,-71.999,129.0,6.1
2019-09-26T19:00:41,-13.374,-111.426,10.0,5.5
2019-09-26T19:07:40,-9.882,159.631,10.0,5.1
2019-09-26T20:31:30,-29.855,-71.35,35.1,5.4
2019-09-27T02:18:40,-25.666,-177.309,89.6,5.2
2019-09-27T03:19:01,-55.31,-27.951,10.0,5.0
2019-09-27T12:05:02,-30.173,-177.862,34.0,6.1
2019-09-27T14:02:05,-30.094,-177.931,32.0,5.2
2019-09-27T15:11:29,-35.917,-102.782,10.0,5.9
2019-09-28T04:07:59,-22.648,-177.195,226.5,5.2
2019-09-28T18:19:14,-35.282,78.672,10.0,5.0
2019-09-28T21:28:08,56.217,120.094,10.0,5.1
2019-09-29T02:02:51,5.676,126.548,73.0,6.2
2019-09-29T07:40:17,5.661,126.502,75.7,5.3
2019-09-29T13:44:52,3.937,64.214,10.0,5.3
2019-09-29T15:57:53,-35.476,-73.163,11.0,6.7
2019-09-29T16:09:46,-35.453,-73.239,10.0,5.2
2019-09-29T20:11:58,-35.517,-72.988,13.9,5.0
2019-09-29T21:00:00,12.869,-90.239,10.0,5.2
2019-09-30T11:53:22,-22.191,-68.799,117.0,5.6
2019-09-30T17:56:08,43.447,136.373,314.1,5.0
2019-10-01T03:56:07,-55.928,-122.559,10.0,6.0
2019-10-01T05:16:38,-39.228,177.736,10.0,5.1
2019-10-01T07:41:53,-32.5,79.98,10.0,5.3
2019-10-01T19:57:09,-55.258,158.552,10.0,5.5
2019-10-01T22:25:08,-22.59,-10.64,10.0,5.3
2019-10-02T10:13:09,15.729,-95.102,30.0,5.3
2019-10-03T01:11:43,-56.976,-30.471,10.0,5.2
2019-10-03T04:44:56,36.276,28.572,17.8,5.1
2019-10-03T14:33:04,-2.651,138.341,13.3,5.6
2019-10-04T12:28:02,62.496,-151.569,92.8,5.0
2019-10-04T13:19:27,-5.362,133.781,10.0,5.0
2019-10-05T03:48:15,52.031,178.072,130.6,5.0
2019-10-05T14:28:48,-6.398,147.737,64.9,5.1
2019-10-05T14:51:37,35.989,27.978,76.0,5.0
2019-10-05T17:01:40,59.845,-30.077,10.0,5.0
2019-10-05T20:18:19,27.993,128.117,10.0,5.1
2019-10-06T10:40:56,-21.934,-68.593,119.0,5.7
2019-10-06T17:13:39,-59.131,-26.199,124.7,5.0
2019-10-07T00:16:58,-59.784,-26.264,35.0,5.3
2019-10-07T20:09:33,-6.021,102.266,20.0,5.1
2019-10-08T12:45:38,-10.368,161.426,64.6,5.0
2019-10-09T05:44:46,-57.932,-139.183,10.0,5.5
2019-10-09T10:44:35,36.507,70.641,203.3,5.1
2019-10-09T20:22:51,-35.047,-179.327,10.0,5.6
2019-10-09T21:26:09,-15.308,-172.82,10.0,5.2
2019-10-10T03:18:03,-57.958,157.378,10.0,5.6
2019-10-10T04:39:46,-3.587,128.221,35.0,5.2
2019-10-10T14:16:40,-6.858,129.52,144.3,5.0
2019-10-10T21:26:26,-46.945,-10.416,10.0,5.3
2019-10-11T01:55:07,6.698,125.028,10.0,5.1
2019-10-11T18:52:40,-18.674,-172.624,10.0,5.2
2019-10-12T02:35:37,-5.104,152.628,23.7,5.3
2019-10-12T02:44:19,56.192,-148.609,10.0,5.0
2019-10-12T09:21:53,34.725,140.624,48.0,5.3
2019-10-13T06:09:02,-56.33,-26.199,19.6,5.5
2019-10-13T06:32:10,16.527,146.369,17.2,5.2
2019-10-13T09:58:42,44.562,148.751,86.9,5.0
2019-10-13T12:21:07,-44.897,35.039,10.0,5.4
2019-10-13T19:35:12,-0.105,124.767,30.0,5.1
2019-10-13T21:57:36,-30.228,-177.988,44.8,5.0
2019-10-14T01:11:29,36.529,70.602,202.6,5.0
2019-10-14T21:07:12,-6.019,146.901,99.2,5.0
2019-10-14T21:33:22,-55.8,-27.076,19.0,5.5
2019-10-14T22:00:08,-21.14,-173.788,10.0,5.1
2019-10-14T22:23:54,-4.482,101.195,19.0,5.9
2019-10-14T23:14:52,44.628,146.668,100.8,5.3
2019-10-15T03:00:14,-4.431,101.133,10.0,5.1
2019-10-15T10:45:13,-14.355,166.615,10.0,5.1
2019-10-15T17:36:01,-20.175,-173.335,10.0,5.0
2019-10-15T19:56:47,4.785,-82.583,10.0,5.1
2019-10-16T02:18:21,1.324,96.981,10.0,5.0
2019-10-16T11:37:06,6.715,125.007,16.1,6.4
2019-10-16T12:09:31,6.75,125.013,12.0,5.3
2019-10-16T20:53:53,7.305,126.549,129.9,5.1
2019-10-16T23:59:52,-47.735,-9.95,10.0,5.0
2019-10-17T01:28:56,5.192,126.14,75.2,5.0
2019-10-17T11:44:33,24.054,122.481,17.8,5.1
2019-10-17T15:05:50,6.662,124.983,10.0,5.0
2019-10-17T19:34:07,-2.899,141.631,20.1,5.5
2019-10-18T00:58:28,66.297,-157.216,6.3,5.4
2019-10-18T07:45:18,-18.723,-172.809,10.0,5.1
2019-10-18T13:08:59,66.342,-157.288,6.3,5.2
2019-10-18T13:25:49,-18.133,-178.084,620.6,5.3
2019-10-18T21:18:49,-18.065,-174.437,10.0,5.1
2019-10-18T22:52:17,6.756,125.094,25.4,5.0
2019-10-19T08:40:14,-18.264,-172.086,10.0,5.4
2019-10-19T11:53:11,-18.966,-172.086,10.0,5.3
2019-10-19T12:42:07,13.993,145.434,90.7,5.0
2019-10-19T14:29:19,-8.72,127.512,10.0,5.1
2019-10-19T16:32:47,-18.479,-172.252,10.0,5.1
2019-10-19T20:31:55,-18.915,178.061,17.5,5.7
2019-10-20T04:26:32,-18.341,-172.114,10.0,5.0
2019-10-20T04:32:02,-18.678,-172.165,10.0,5.0
2019-10-20T08:08:49,-18.44,-172.097,10.0,5.1
2019-10-20T08:55:32,6.583,125.034,10.0,5.1
2019-10-20T11:50:35,6.661,125.17,10.0,5.0
2019-10-20T11:59:43,6.651,125.196,10.0,5.1
2019-10-21T02:52:29,-19.018,169.488,231.0,6.4
2019-10-21T07:41:57,3.519,64.287,10.0,5.0
2019-10-21T10:43:34,-20.692,-179.015,610.4,5.3
2019-10-21T10:58:52,27.226,55.004,9.0,5.5
2019-10-21T14:07:00,42.081,84.505,10.0,5.1
2019-10-21T20:59:51,-7.041,154.246,10.0,5.0
2019-10-21T23:49:04,-2.638,99.587,10.0,5.2
2019-10-22T04:18:41,-15.17,-173.007,29.0,5.9
2019-10-22T19:15:28,-2.865,138.3,10.0,5.5
2019-10-22T19:24:23,-2.739,138.308,10.0,5.2
2019-10-22T21:41:56,-2.6,138.22,10.0,5.1
2019-10-22T21:44:18,-2.535,138.284,10.0,5.0
2019-10-22T22:11:07,-2.379,99.862,18.1,5.1
2019-10-22T22:54:05,-2.589,138.284,21.6,5.1
2019-10-23T00:22:10,-2.617,138.319,10.0,5.0
2019-10-23T03:50:44,-2.673,138.299,10.0,5.4
2019-10-23T05:56:43,-2.628,138.286,25.0,5.0
2019-10-23T14:09:29,-18.136,-174.493,10.0,5.1
2019-10-23T15:30:16,-55.949,-27.871,79.2,5.1
2019-10-23T16:08:14,-1.099,-13.837,10.0,6.3
2019-10-24T00:33:34,-19.467,-177.405,381.9,5.2
2019-10-24T03:54:19,15.599,-91.952,214.1,5.0
2019-10-24T08:53:39,-44.79,167.443,20.7,5.1
2019-10-24T10:50:15,-17.628,-172.705,10.0,5.5
2019-10-24T13:38:16,1.185,124.202,241.0,5.6
2019-10-24T19:14:16,-28.52,-177.048,70.0,5.7
2019-10-26T00:41:25,52.323,-170.166,35.0,5.8
2019-10-26T08:52:37,-15.699,-171.871,10.0,5.3
2019-10-26T12:33:15,-60.137,-18.562,10.0,5.0
2019-10-26T20:28:49,53.051,173.369,15.4,5.1
2019-10-27T02:05:37,3.051,127.101,58.1,5.0
2019-10-27T17:56:48,35.074,102.679,10.0,5.3
2019-10-28T03:55:07,-30.244,-68.912,12.3,5.0
2019-10-28T04:07:50,2.455,128.425,59.9,5.0
2019-10-28T08:01:37,-9.783,159.67,13.4,5.1
2019-10-28T11:01:04,41.891,-125.837,10.0,5.2
2019-10-28T20:45:51,-29.174,61.181,10.0,5.2
2019-10-29T01:04:43,6.757,125.008,15.0,6.6
2019-10-29T01:09:01,6.787,125.019,14.1,5.6
2019-10-29T01:13:35,6.588,125.182,10.0,5.3
2019-10-29T01:28:03,6.718,124.972,10.0,5.1
2019-10-29T02:22:34,6.783,125.05,10.0,5.0
2019-10-29T02:42:38,6.866,124.985,10.0,5.9
2019-10-29T08:16:31,-23.342,-177.038,153.4,5.5
2019-10-29T08:33:12,6.846,124.993,10.0,5.4
2019-10-29T08:44:08,-6.311,154.837,54.3,5.8
2019-10-29T08:46:02,6.653,125.253,10.0,5.2
2019-10-29T20:16:20,56.127,164.767,10.0,5.1
2019-10-29T21:22:07,6.78,125.114,12.9,5.0
2019-10-30T17:29:00,1.469,126.386,25.5,5.4
2019-10-30T20:55:27,-2.782,28.469,10.0,5.1
2019-10-30T22:59:16,-10.419,161.275,48.2,5.0
2019-10-31T01:11:19,6.91,125.178,10.0,6.5
2019-10-31T01:20:58,6.872,125.158,10.0,5.1
2019-10-31T12:54:22,-7.514,156.802,397.5,5.0
2019-10-31T15:43:59,26.158,54.729,10.0,5.0
2019-10-31T16:38:33,-24.305,-176.446,10.0,5.0
2019-10-31T19:18:44,-17.667,-172.384,10.0,5.2
2019-11-01T02:33:58,3.214,126.986,28.1,5.6
2019-11-01T15:24:10,11.714,-86.577,35.0,5.4
2019-11-02T18:08:41,-55.735,-26.24,8.0,6.1
2019-11-03T08:06:10,-30.643,-72.116,10.0,5.2
2019-11-03T13:23:18,-29.164,-67.666,120.0,5.6
2019-11-03T16:07:32,-35.013,179.413,85.1,5.1
2019-11-04T13:03:39,-21.409,-70.488,31.0,5.1
2019-11-04T18:32:53,-22.124,-176.648,151.6,5.4
2019-11-04T21:53:25,-31.836,-71.375,53.0,6.1
2019-11-04T22:43:32,-18.575,-175.272,10.0,6.6
2019-11-04T22:46:10,-18.597,-175.701,10.0,5.5
2019-11-05T15:59:38,11.875,143.735,10.0,5.1
2019-11-05T20:52:01,-57.924,-9.322,10.0,6.3
2019-11-05T20:52:22,36.55,70.115,209.9,5.1
2019-11-05T23:17:26,-13.799,167.749,19.0,6.0
2019-11-05T23:34:15,-13.681,167.722,10.0,5.0
2019-11-06T00:39:09,-13.721,167.809,10.0,6.0
2019-11-06T05:59:49,16.203,-97.979,25.1,5.0
2019-11-06T07:40:43,27.238,54.96,10.0,5.4
2019-11-06T20:52:54,14.874,122.795,6.6,5.6
2019-11-06T23:37:23,-20.905,-174.33,10.0,5.1
2019-11-07T13:07:32,-29.02,-12.938,10.0,5.1
2019-11-07T14:21:48,-3.961,-104.026,10.0,5.4
2019-11-07T21:48:44,54.984,-157.956,9.8,5.0
2019-11-07T22:24:49,-37.599,51.458,10.0,5.4
2019-11-07T22:41:28,5.658,126.329,90.0,5.1
2019-11-07T22:47:07,37.803,47.581,20.0,5.9
2019-11-08T05:31:44,10.761,125.647,58.9,5.3
2019-11-08T05:52:06,-2.835,147.564,10.0,5.4
2019-11-08T09:41:14,-15.781,-172.851,43.0,5.8
2019-11-08T10:44:44,-21.945,-179.511,577.0,6.5
2019-11-08T15:00:53,24.943,-45.649,10.0,5.1
2019-11-08T15:52:42,-15.672,-173.105,10.0,5.2
2019-11-08T19:57:21,4.853,127.422,59.5,5.1
2019-11-09T00:27:57,-27.308,66.746,10.0,5.2
2019-11-09T08:32:52,14.509,-90.274,200.0,5.5
2019-11-09T11:16:58,52.502,160.836,10.0,5.0
2019-11-09T11:24:30,-20.292,-176.394,255.0,5.6
2019-11-10T10:46:05,40.255,143.99,10.0,5.2
2019-11-10T14:24:00,-60.929,-51.007,10.0,5.0
2019-11-10T16:14:21,-7.238,-75.847,117.4,5.0
2019-11-11T09:20:56,-6.539,131.071,23.8,5.0
2019-11-11T23:00:21,-18.687,-175.37,10.0,5.5
2019-11-11T23:03:28,-18.862,-175.368,10.0,6.2
2019-11-11T23:40:58,1.424,127.05,106.9,5.3
2019-11-12T10:10:44,-3.554,128.303,48.3,5.2
2019-11-12T11:42:51,0.835,97.4,26.9,5.0
2019-11-12T15:51:08,-15.134,167.691,121.7,5.0
2019-11-12T21:35:06,12.926,-88.493,60.3,5.1
2019-11-13T00:09:19,-15.288,-70.405,202.8,5.1
2019-11-13T02:33:01,15.87,146.83,14.3,5.3
2019-11-13T13:44:05,7.321,-35.404,10.0,5.5
2019-11-13T14:17:17,-32.511,79.991,10.0,5.3
2019-11-13T16:28:52,13.676,-90.937,45.0,5.5
2019-11-14T05:26:24,9.937,57.63,10.0,5.5
2019-11-14T08:04:04,-1.892,100.262,63.9,5.0
2019-11-14T09:23:33,36.466,71.51,97.6,5.1
2019-11-14T10:21:39,-8.138,114.886,10.0,5.0
2019-11-14T16:17:40,1.621,126.416,33.0,7.1
2019-11-14T16:26:10,1.675,126.415,24.7,5.3
2019-11-14T16:31:19,1.379,126.698,35.0,5.0
2019-11-14T17:11:33,1.669,126.33,9.3,5.0
2019-11-14T17:55:16,1.67,126.515,4.7,5.1
2019-11-14T18:45:39,1.433,126.361,27.2,5.8
2019-11-14T20:10:49,1.716,126.299,35.0,5.1
2019-11-14T20:19:45,1.783,126.451,20.0,5.3
2019-11-14T20:39:09,1.676,126.356,35.0,5.3
2019-11-14T20:54:02,1.698,126.438,35.0,5.3
2019-11-14T21:07:29,1.567,126.473,35.0,5.1
2019-11-14T21:12:54,1.536,126.416,23.0,6.0
2019-11-14T21:37:27,1.463,126.389,24.2,5.4
2019-11-14T22:00:32,1.485,126.454,17.9,5.1
2019-11-14T22:15:09,1.623,126.466,20.2,5.4
2019-11-14T22:25:51,1.556,126.438,35.4,5.1
2019-11-14T22:28:20,1.661,126.439,24.8,5.0
2019-11-14T22:34:21,1.706,126.383,15.4,5.3
2019-11-14T22:42:22,1.589,126.398,21.3,5.2
2019-11-14T23:17:20,1.582,126.331,24.6,5.5
2019-11-15T01:17:38,1.616,126.347,35.0,5.9
2019-11-15T01:22:15,1.668,126.427,35.0,5.4
2019-11-15T01:24:36,1.734,126.468,35.0,5.0
2019-11-15T03:13:00,1.615,126.517,35.0,5.1
2019-11-15T05:27:53,1.572,126.342,35.0,5.0
2019-11-15T05:34:48,1.652,126.339,35.0,5.0
2019-11-15T08:08:49,1.561,126.52,35.0,5.0
2019-11-15T09:36:23,1.544,126.414,35.0,5.1
2019-11-15T17:16:42,-34.003,-72.246,13.7,5.2
2019-11-15T23:44:33,1.469,126.457,35.0,5.1
2019-11-16T10:19:13,1.567,126.335,24.0,5.9
2019-11-16T17:46:02,-3.325,137.536,61.6,5.1
2019-11-17T01:28:55,7.203,94.528,10.0,5.2
2019-11-17T06:18:34,-54.096,6.144,10.0,5.4
2019-11-17T08:26:28,-16.42,66.707,10.0,5.1
2019-11-17T08:39:09,32.661,-4.253,10.0,5.0
2019-11-17T12:13:27,-20.807,-177.832,499.0,5.8
2019-11-17T23:05:55,11.286,92.957,53.4,5.1
2019-11-17T23:55:49,13.445,145.28,66.3,5.0
2019-11-18T11:24:06,1.809,126.479,35.0,5.0
2019-11-18T13:22:10,7.622,124.91,14.4,5.9
2019-11-18T21:40:10,-0.651,133.991,12.7,5.0
2019-11-19T06:10:26,29.29,142.278,10.0,5.0
2019-11-19T13:30:55,29.323,81.143,10.0,5.0
2019-11-19T23:10:40,-33.64,-66.872,10.0,5.7
2019-11-20T04:27:05,13.886,-93.207,15.0,6.3
2019-11-20T06:32:15,1.634,126.543,35.0,5.0
2019-11-20T08:26:08,53.128,153.68,496.0,6.3
2019-11-20T11:30:55,13.888,-93.155,10.0,5.3
2019-11-20T21:03:57,19.445,101.253,10.0,5.7
2019-11-20T23:50:43,19.453,101.356,10.0,6.2
2019-11-21T22:55:04,-7.03,129.978,78.4,5.0
2019-11-22T04:54:49,-8.897,123.988,92.6,5.0
2019-11-22T09:05:08,31.909,131.95,35.0,5.1
2019-11-22T09:21:15,-31.375,-177.956,10.0,5.1
2019-11-22T22:27:31,-32.7,-70.1,103.8,5.0
2019-11-23T02:33:12,-20.162,169.655,129.0,5.3
2019-11-23T11:39:58,-7.359,128.741,127.6,5.3
2019-11-23T12:11:15,1.644,132.815,5.0,6.2
2019-11-23T12:18:13,1.652,132.711,10.0,5.1
2019-11-23T12:50:40,-44.265,-81.892,10.0,5.3
2019-11-23T12:58:06,43.993,147.015,10.0,5.2
2019-11-23T16:34:43,-37.37,177.257,120.5,5.8
2019-11-23T17:59:49,-15.22,-173.379,10.0,5.2
2019-11-24T00:54:01,51.381,-175.512,20.0,6.3
2019-11-24T01:08:26,-0.907,97.921,10.0,5.0
2019-11-24T14:18:44,2.404,92.466,10.0,5.1
2019-11-24T15:47:15,-6.222,154.814,45.1,5.0
2019-11-24T22:05:13,1.636,132.851,10.0,5.1
2019-11-25T01:18:22,22.951,106.688,10.0,5.0
2019-11-25T01:32:41,23.999,121.764,9.6,5.0
2019-11-25T07:29:54,-22.467,170.728,24.1,5.0
2019-11-25T16:00:20,-6.283,154.802,43.0,5.4
2019-11-25T16:50:39,-18.591,-173.386,10.0,5.0
2019-11-26T02:54:12,41.514,19.526,22.0,6.4
2019-11-26T02:59:23,41.422,19.532,10.0,5.1
2019-11-26T03:02:59,41.422,19.638,10.0,5.3
2019-11-26T06:08:21,41.571,19.424,10.0,5.5
2019-11-26T09:19:25,43.224,17.912,10.0,5.3
2019-11-26T11:05:57,19.227,94.938,60.8,5.3
2019-11-26T15:11:17,-5.763,152.218,36.0,5.1
2019-11-27T02:27:22,-17.817,-172.424,10.0,5.1
2019-11-27T07:23:42,35.717,23.228,69.0,6.0
2019-11-27T10:00:39,-22.086,-179.47,564.1,5.5
2019-11-27T14:44:35,3.584,64.262,10.0,5.4
2019-11-27T14:45:23,41.55,19.479,10.0,5.3
2019-11-27T16:52:10,3.603,64.173,10.0,5.3
2019-11-27T17:12:54,-58.337,-139.669,10.0,5.0
2019-11-27T23:49:52,22.919,106.726,10.0,5.0
2019-11-28T00:26:29,-60.896,-50.912,10.0,5.5
2019-11-28T10:52:41,41.537,19.422,10.0,5.0
2019-11-28T14:39:13,23.179,96.035,10.0,5.2
2019-11-28T16:13:39,-0.176,124.57,49.4,5.1
2019-11-28T17:29:43,12.246,144.766,10.0,5.1
2019-11-29T04:01:40,39.162,143.017,19.0,5.4
2019-11-29T14:44:07,-4.868,-105.872,10.0,5.2
2019-11-29T17:20:13,31.944,49.814,10.0,5.0
2019-11-30T07:44:21,13.843,-91.893,19.0,5.7
2019-11-30T16:16:53,-27.18,-177.582,155.9,5.3
2019-11-30T19:52:40,-26.611,178.326,614.0,5.5
2019-12-01T05:48:34,-5.145,68.618,10.0,5.3
2019-12-01T21:22:43,-10.304,161.251,65.2,5.1
2019-12-02T05:01:54,51.187,-178.1,28.0,6.0
2019-12-02T17:53:29,8.351,94.531,186.1,5.0
2019-12-03T07:29:30,-20.914,-70.762,10.0,5.3
2019-12-03T08:46:35,-18.504,-70.576,38.0,6.0
2019-12-03T10:52:27,1.458,126.208,38.6,5.1
2019-12-03T10:55:27,1.557,126.241,12.0,5.3
2019-12-03T11:24:24,0.598,122.272,93.6,5.0
2019-12-03T22:23:12,-3.223,150.761,10.0,5.6
2019-12-03T23:25:06,43.333,147.939,8.7,5.2
2019-12-04T01:38:55,36.842,140.426,26.9,5.0
2019-12-04T08:46:16,36.477,70.794,141.8,5.0
2019-12-04T20:10:03,-19.068,169.575,266.0,6.0
2019-12-05T01:29:08,43.362,147.772,10.0,5.0
2019-12-05T02:03:18,45.336,150.14,36.0,5.5
2019-12-05T03:23:19,-13.678,-76.069,35.0,5.2
2019-12-05T12:24:44,5.381,126.754,44.0,5.6
2019-12-05T19:32:42,-7.365,128.393,131.5,5.0
2019-12-06T01:45:43,-49.286,120.57,10.0,5.1
2019-12-06T08:43:50,-15.721,-174.871,10.0,5.1
2019-12-06T10:24:38,-58.552,-24.202,10.0,5.1
2019-12-06T13:04:46,-15.259,-175.104,10.0,6.0
2019-12-06T13:17:29,-15.596,-175.163,10.0,5.0
2019-12-06T15:42:44,-15.023,-175.079,10.0,5.8
2019-12-09T06:12:23,19.078,-80.437,10.0,5.0
2019-12-09T07:20:57,31.724,104.323,10.0,5.0
2019-12-09T09:11:19,-6.268,154.77,71.7,5.1
2019-12-09T17:59:47,-52.836,11.387,10.0,5.6
2019-12-09T22:36:30,52.856,-34.92,10.0,5.4
2019-12-09T23:58:02,-38.829,177.968,31.5,5.2
2019-12-10T08:40:42,-20.94,168.614,10.0,5.7
2019-12-10T17:05:02,30.727,141.72,11.0,5.8
2019-12-10T17:29:01,30.737,141.726,10.6,5.1
2019-12-10T21:58:28,35.497,26.447,57.9,5.4
2019-12-11T01:34:28,-18.582,168.183,33.1,5.1
2019-12-11T02:13:12,-0.231,124.469,69.2,5.0
2019-12-11T09:39:08,37.763,141.826,44.8,5.2
2019-12-11T10:12:09,48.892,154.771,54.8,5.1
2019-12-11T17:48:30,-0.12,125.227,31.1,5.0
2019-12-13T17:04:50,-0.88,127.927,19.0,5.3
2019-12-14T04:57:34,-14.363,167.709,7.5,6.0
2019-12-14T06:12:35,-39.334,176.114,60.7,5.0
2019-12-15T06:11:51,6.697,125.174,18.0,6.8
2019-12-15T06:32:25,6.631,125.258,11.0,5.0
2019-12-15T07:09:20,6.534,125.26,10.0,5.6
2019-12-15T07:18:12,6.717,125.281,13.7,5.0
2019-12-15T07:49:54,6.696,125.157,14.2,5.0
2019-12-15T07:53:44,6.604,125.287,15.5,5.0
2019-12-15T09:52:23,-37.541,177.199,150.9,5.1
2019-12-15T12:38:53,6.574,125.224,10.0,5.3
2019-12-15T14:09:11,1.743,127.282,110.8,5.4
2019-12-15T15:11:03,-54.089,-129.93,10.0,5.3
2019-12-15T15:41:39,-55.584,-129.055,10.0,5.0
2019-12-15T16:16:27,-48.972,105.103,10.0,5.0
2019-12-15T17:57:06,-26.887,-65.371,36.9,5.0
2019-12-15T18:42:06,-24.179,-67.04,154.8,5.0
2019-12-16T11:25:56,24.496,121.801,35.0,5.0
2019-12-16T14:49:16,-2.97,100.945,40.3,5.6
2019-12-16T16:21:53,6.524,125.309,10.0,5.0
2019-12-16T16:46:47,-8.438,158.977,70.9,5.4
2019-12-17T02:04:04,-23.466,-179.917,540.7,5.0
2019-12-17T06:07:17,6.615,125.161,10.0,5.0
2019-12-17T06:45:14,18.848,147.098,10.0,5.0
2019-12-17T20:18:05,6.455,125.527,14.3,5.4
2019-12-17T23:35:21,27.346,128.342,40.6,5.1
2019-12-18T00:22:33,6.71,125.186,10.0,5.0
2019-12-18T01:56:44,-29.756,-178.487,10.0,5.9
2019-12-18T04:44:14,-41.192,-89.188,10.0,5.4
2019-12-18T12:19:55,-23.389,-177.158,143.9,5.2
2019-12-18T21:52:04,58.535,-137.698,2.0,5.1
2019-12-18T22:11:05,-5.379,152.119,61.8,5.0
2019-12-19T04:49:38,-26.289,178.378,616.4,5.6
2019-12-19T06:21:33,40.556,142.066,49.3,5.1
2019-12-19T11:55:32,18.58,145.608,186.0,5.6
2019-12-19T12:35:31,13.735,-91.226,21.0,5.9
2019-12-19T12:39:11,13.673,-91.294,35.0,5.1
2019-12-19T15:25:58,1.805,8.184,10.0,5.5
2019-12-20T06:11:50,59.624,-30.402,10.0,5.1
2019-12-20T11:39:52,36.537,70.456,212.0,6.1
2019-12-20T17:20:19,-21.432,-173.929,10.0,5.0
2019-12-20T19:40:52,32.861,142.66,10.0,5.2
2019-12-21T02:25:44,-31.169,-13.355,10.0,5.0
2019-12-21T02:33:14,-31.259,-13.496,10.0,5.1
2019-12-21T20:34:49,-56.97,-67.338,10.0,5.2
2019-12-22T16:49:26,-20.094,-173.481,10.0,5.1
2019-12-23T06:33:40,11.527,141.734,41.9,5.8
2019-12-23T12:39:56,-6.302,142.712,10.0,5.0
2019-12-23T15:47:56,13.764,-92.861,10.0,5.8
2019-12-23T16:19:06,55.742,162.183,8.4,5.2
2019-12-23T16:44:13,50.567,-129.719,10.0,5.2
2019-12-23T19:13:25,50.543,-129.833,10.0,5.7
2019-12-23T19:49:43,50.607,-129.937,10.0,6.0
2019-12-23T20:56:23,50.517,-129.757,10.0,6.0
2019-12-24T05:52:56,7.077,92.407,10.0,5.1
2019-12-24T14:36:54,43.602,146.066,93.9,5.0
2019-12-24T16:43:33,-26.964,-63.386,572.4,6.0
2019-12-24T18:37:50,11.654,142.739,10.0,5.0
2019-12-24T19:03:52,3.536,-74.018,11.0,6.0
2019-12-24T19:11:01,3.542,-73.925,10.0,5.1
2019-12-24T19:15:43,3.492,-74.125,10.0,5.0
2019-12-24T19:19:03,3.45,-74.103,10.0,5.7
2019-12-25T02:11:23,3.419,-73.987,10.0,5.0
2019-12-25T03:36:01,50.611,-129.963,6.6,6.3
2019-12-25T03:45:46,-21.981,173.498,10.0,5.1
2019-12-25T08:58:03,31.493,139.93,118.6,5.0
2019-12-25T10:11:41,-21.978,173.609,9.8,5.0
2019-12-25T12:23:13,-22.109,173.633,10.0,5.4
2019-12-25T16:56:19,4.025,126.784,10.0,5.1
2019-12-25T20:20:12,-25.223,-115.844,10.0,6.1
2019-12-26T02:06:37,-22.284,173.305,10.0,5.1
2019-12-26T02:16:56,-21.958,173.644,10.0,5.1
2019-12-26T02:21:28,-21.978,173.223,10.0,5.4
2019-12-26T09:24:33,-5.478,150.92,106.5,5.3
2019-12-26T10:36:37,30.965,113.432,10.0,5.0
2019-12-26T15:15:13,-55.727,-27.169,17.7,5.2
2019-12-26T17:13:50,58.831,158.792,9.2,5.2
2019-12-27T04:53:46,-50.362,130.414,10.0,5.1
2019-12-27T18:04:47,-6.35,-11.027,10.0,5.0
2019-12-28T02:34:32,58.924,158.788,16.6,5.1
2019-12-28T04:14:48,-55.667,-26.985,10.0,5.0
2019-12-28T15:36:35,-44.608,37.094,10.0,5.7
2019-12-28T18:25:44,1.471,128.555,55.4,5.0
2019-12-28T22:49:15,-30.389,-177.562,10.0,5.2
2019-12-29T01:06:00,17.885,-66.864,6.0,5.0
2019-12-29T09:12:15,4.687,125.396,24.0,5.4
2019-12-29T13:59:02,-5.501,151.773,35.0,5.1
2019-12-29T18:24:41,-52.86,11.331,10.0,5.2
2019-12-30T04:11:10,27.837,142.822,17.3,5.1
2019-12-30T13:49:45,27.384,56.54,10.0,5.0
2019-12-30T17:18:57,35.591,74.628,13.8,5.6
2019-12-30T17:49:59,35.63,74.639,24.3,5.0
2019-12-31T11:22:49,-33.614,-178.475,10.0,5.0
2020-01-01T00:28:20,-5.324,152.551,40.2,5.1
2020-01-01T03:53:29,52.637,159.161,58.5,5.0
2020-01-01T08:31:24,-17.428,-172.504,10.0,5.4
2020-01-01T16:34:59,-53.091,9.5,10.0,5.0
2020-01-01T16:51:32,-30.286,-71.558,40.9,5.0
2020-01-01T18:10:11,53.252,170.355,10.0,5.1
2020-01-01T19:28:50,-32.962,-178.334,10.0,5.4
2020-01-01T20:01:27,-33.212,-178.23,10.0,5.0
2020-01-01T23:12:54,-18.819,-172.099,10.0,5.0
2020-01-02T04:29:06,34.133,60.268,10.0,5.5
2020-01-02T05:28:59,9.526,138.143,45.8,5.0
2020-01-02T08:54:33,55.549,-151.427,13.2,5.0
2020-01-02T11:25:04,-5.753,124.976,10.0,5.6
2020-01-02T13:41:28,-9.678,159.921,10.0,5.2
2020-01-02T16:00:31,-12.849,45.557,10.0,5.0
2020-01-02T18:23:53,35.81,141.249,31.0,5.7
2020-01-03T15:28:54,11.739,-86.286,106.9,5.5
2020-01-04T07:18:18,-36.855,176.951,317.8,5.1
2020-01-04T22:36:58,-28.736,-176.854,10.0,5.0
2020-01-05T02:10:22,22.839,143.095,109.9,5.2
2020-01-05T04:40:49,16.401,-94.489,87.0,5.9
2020-01-05T18:58:52,6.132,126.106,81.4,5.2
2020-01-06T01:29:20,0.231,-16.987,10.0,5.6
2020-01-06T10:32:18,17.868,-66.819,6.0,5.8
2020-01-06T22:31:53,-11.306,118.493,10.0,5.3
2020-01-07T01:38:17,-5.442,147.016,191.0,5.3
2020-01-07T04:31:52,80.067,0.236,10.0,5.2
2020-01-07T06:05:19,2.348,96.358,17.0,6.3
2020-01-07T08:24:27,17.958,-66.811,6.0,6.4
2020-01-07T08:29:49,17.868,-66.703,10.0,5.0
2020-01-07T08:34:01,17.892,-66.722,10.0,5.6
2020-01-07T08:50:45,17.942,-66.675,10.0,5.0
2020-01-07T11:18:43,18.022,-66.776,9.0,5.6
2020-01-07T19:08:58,12.243,-86.429,202.9,5.2
2020-01-07T19:11:35,-5.205,151.266,117.0,6.0
2020-01-08T07:29:41,-55.02,-128.431,10.0,5.5
2020-01-08T08:47:44,-20.43,-68.711,102.0,5.2
2020-01-09T00:55:43,-29.439,61.259,10.0,5.1
2020-01-09T08:38:08,62.358,171.061,10.0,6.4
2020-01-09T17:15:03,-56.043,-26.718,35.0,5.0
2020-01-09T18:52:34,-4.702,143.727,93.8,5.1
2020-01-10T01:05:37,-21.432,-175.238,10.0,5.4
2020-01-10T15:21:21,18.455,-105.233,10.0,5.6
2020-01-10T16:32:30,-15.336,167.522,119.8,5.0
2020-01-10T20:06:41,-16.598,167.474,15.5,5.4
2020-01-10T20:59:43,-53.164,23.205,10.0,5.4
2020-01-10T22:26:25,17.935,-66.883,9.0,5.2
2020-01-10T22:54:26,-29.84,-178.829,10.0,5.4
2020-01-10T22:54:49,-30.119,-178.884,215.0,5.1
2020-01-11T09:00:45,-29.541,61.201,10.0,5.1
2020-01-11T09:03:19,-16.622,167.681,10.0,5.1
2020-01-11T12:54:45,17.949,-66.851,5.0,5.9
2020-01-11T12:56:22,17.824,-66.794,10.0,5.2
2020-01-12T02:27:00,-54.395,5.206,10.0,5.6
2020-01-12T05:23:56,35.015,74.474,10.0,5.1
2020-01-12T10:53:47,9.492,126.18,50.2,5.1
2020-01-12T16:48:05,-7.358,155.81,35.0,5.0
2020-01-12T19:06:25,-7.029,155.374,10.0,5.0
2020-01-13T02:01:40,-40.249,-71.228,167.6,5.3
2020-01-13T03:07:01,53.38,-169.522,104.1,5.0
2020-01-13T19:53:48,36.082,139.916,40.9,5.0
2020-01-14T01:57:28,-21.735,-68.274,109.1,5.0
2020-01-15T00:14:18,-23.684,-179.977,505.8,5.0
2020-01-15T07:55:30,-10.373,124.086,10.0,5.7
2020-01-15T08:15:27,16.49,-97.902,32.0,5.0
2020-01-15T09:45:18,-10.354,-78.591,36.0,5.4
2020-01-15T11:31:34,42.947,145.236,78.0,5.0
2020-01-15T15:36:23,17.916,-67.017,5.0,5.2
2020-01-15T16:22:13,-9.133,123.797,79.9,5.0
2020-01-16T08:32:38,41.249,83.707,10.0,5.2
2020-01-16T09:58:19,0.117,-17.09,10.0,5.6
2020-01-16T16:31:10,52.071,159.777,25.5,5.4
2020-01-16T22:09:45,-9.678,151.049,10.0,5.0
2020-01-17T02:07:21,16.595,-95.058,17.5,5.2
2020-01-17T02:11:05,16.578,-95.198,6.8,5.0
2020-01-17T06:37:52,-11.637,-13.782,10.0,5.8
2020-01-17T16:05:48,39.728,77.146,10.0,5.3
2020-01-18T01:31:10,-6.589,132.098,10.0,5.1
2020-01-18T02:07:41,-29.092,-176.299,10.0,5.0
2020-01-18T02:25:15,-29.086,-176.291,10.0,5.1
2020-01-18T16:38:14,-2.84,139.336,44.0,6.0
2020-01-19T02:52:09,38.258,20.75,10.0,5.1
2020-01-19T13:27:56,39.835,77.108,5.6,6.0
2020-01-19T14:23:02,39.85,77.428,10.0,5.0
2020-01-19T16:58:20,-0.104,123.802,121.7,6.1
2020-01-20T02:25:43,13.782,144.619,156.7,5.1
2020-01-20T06:51:37,-59.228,-26.282,93.0,6.1
2020-01-21T09:33:56,9.043,-83.947,11.1,5.3
2020-01-21T11:25:34,9.007,-83.96,11.0,5.2
2020-01-21T21:31:32,-29.213,-176.142,10.0,5.0
2020-01-22T00:57:20,-16.552,177.952,10.0,5.5
2020-01-22T10:09:19,-15.23,166.673,10.0,5.0
2020-01-22T11:04:12,54.875,161.423,51.9,5.5
2020-01-22T18:33:40,-36.126,-99.898,10.0,5.5
2020-01-22T19:22:16,39.072,27.839,5.6,5.6
2020-01-22T19:23:13,28.037,56.766,10.0,5.0
2020-01-22T22:14:48,-60.341,-27.156,18.8,5.2
2020-01-23T03:51:01,21.072,144.847,125.8,5.0
2020-01-23T05:53:02,51.984,-177.855,10.0,6.2
2020-01-23T21:11:28,-26.988,-63.351,554.4,5.5
2020-01-24T05:13:49,-17.39,-71.016,82.3,5.3
2020-01-24T07:09:15,39.165,71.508,10.0,5.5
2020-01-24T07:14:24,39.196,71.666,10.0,5.0
2020-01-24T17:55:14,38.431,39.061,10.0,6.7
2020-01-24T21:59:06,11.386,-86.59,35.0,5.3
2020-01-24T22:56:05,31.995,95.058,10.0,5.2
2020-01-25T10:45:11,-40.634,174.557,86.3,5.1
2020-01-25T16:30:11,38.362,39.11,10.0,5.1
2020-01-25T19:19:30,-30.411,-177.697,19.5,5.2
2020-01-25T19:24:52,-35.478,-179.707,17.3,5.3
2020-01-25T20:20:38,18.01,-66.819,13.0,5.0
2020-01-25T21:20:07,-35.516,-179.644,15.3,5.1
2020-01-26T03:57:18,51.047,-179.926,15.1,5.6
2020-01-26T06:31:55,51.134,-179.889,17.0,6.1
2020-01-26T06:40:50,51.118,-179.907,23.1,5.2
2020-01-26T07:24:06,51.146,-179.867,30.6,5.3
2020-01-26T09:12:08,51.166,-179.746,24.7,5.8
2020-01-26T09:14:04,51.243,-179.901,39.9,5.4
2020-01-26T09:43:35,-35.603,-179.662,10.0,5.1
2020-01-26T17:46:44,-32.191,57.049,10.0,5.1
2020-01-26T18:44:04,-21.995,-65.897,267.3,5.3
2020-01-26T22:33:39,51.086,-179.946,35.0,5.7
2020-01-27T05:02:01,-10.093,161.061,21.0,6.3
2020-01-27T13:28:27,29.59,52.047,10.0,5.3
2020-01-27T14:24:45,80.798,121.339,10.0,5.2
2020-01-27T15:51:45,51.044,-179.808,10.0,5.1
2020-01-27T19:13:23,-6.204,152.497,6.4,5.0
2020-01-28T01:36:03,43.527,145.911,91.0,5.4
2020-01-28T11:26:15,39.106,27.875,10.0,5.0
2020-01-28T15:24:34,29.588,52.131,10.0,5.0
2020-01-28T15:38:34,35.218,27.892,10.0,5.5
2020-01-28T16:41:38,50.9,-179.834,10.0,5.4
2020-01-28T18:16:44,-30.24,-72.346,7.4,5.5
2020-01-28T19:10:24,19.419,-78.756,14.9,7.7
2020-01-28T19:28:47,-23.283,-179.53,490.7,5.0
2020-01-28T20:15:08,41.466,19.536,10.0,5.1
2020-01-28T20:29:36,7.312,92.09,10.0,5.1
2020-01-28T21:55:16,18.946,-80.741,10.0,6.1
2020-01-28T21:58:57,18.986,-80.915,10.0,5.4
2020-01-28T23:39:29,27.185,126.773,10.0,5.3
2020-01-29T07:26:49,-5.056,152.011,67.1,5.0
2020-01-29T13:49:49,-10.418,161.276,85.0,6.0
2020-01-29T15:10:53,10.31,93.783,10.0,5.0
2020-01-29T23:46:56,0.714,126.329,27.0,5.8
2020-01-30T01:28:05,35.156,27.884,10.0,5.5
2020-01-30T06:47:22,16.941,-99.979,13.6,5.2
2020-01-30T11:21:36,35.182,27.781,10.0,5.7
2020-01-30T17:58:07,-9.976,160.958,10.0,5.0
2020-01-30T22:10:10,-3.642,-75.349,10.0,5.1
2020-01-30T22:38:55,-3.38,146.167,10.0,5.9
2020-01-31T09:34:35,47.719,154.229,9.3,5.0
2020-01-31T11:08:09,-22.733,-174.527,10.0,5.0
2020-01-31T11:18:48,6.687,125.371,31.5,5.0
2020-01-31T11:25:37,55.798,-149.33,10.3,5.1
2020-01-31T12:27:01,-8.269,156.533,10.0,5.4
2020-01-31T12:29:00,-8.349,156.51,10.0,5.1
2020-01-31T13:53:31,-25.366,178.4,574.8,5.7
2020-01-31T16:11:21,35.651,140.728,35.4,5.2
2020-01-31T17:07:46,35.884,140.064,64.0,5.3
2020-01-31T22:10:55,-6.406,129.152,221.4,5.0
2020-02-01T02:35:57,-24.446,-66.956,160.5,5.2
2020-02-01T04:43:50,-19.316,-174.55,37.1,5.0
2020-02-01T09:09:31,-2.922,101.047,62.5,5.0
2020-02-01T16:04:05,-44.706,-81.249,10.0,5.0
2020-02-02T03:32:44,13.819,-92.861,10.0,5.6
2020-02-03T11:18:07,-5.112,134.206,27.1,5.0
2020-02-04T09:47:22,-37.708,176.605,289.1,5.1
2020-02-04T13:19:23,-29.719,-177.481,30.8,5.1
2020-02-04T14:45:55,17.839,-66.875,7.0,5.0
2020-02-04T15:47:12,-9.03,157.904,10.0,5.1
2020-02-05T01:51:45,-5.813,-80.745,42.1,5.0
2020-02-05T03:13:25,-25.276,-176.549,35.0,5.1
2020-02-05T07:57:20,-4.477,-77.457,10.0,5.1
2020-02-05T10:43:06,19.894,-109.421,10.0,5.2
2020-02-05T12:17:05,-54.597,158.737,10.0,5.8
2020-02-05T18:12:37,-6.082,113.078,592.4,6.2
2020-02-06T10:20:29,-32.174,-178.959,10.0,5.1
2020-02-06T11:19:56,36.282,141.802,10.0,5.3
2020-02-06T13:40:05,5.454,126.569,19.0,6.0
2020-02-06T13:45:37,5.489,126.559,10.0,5.1
2020-02-07T03:50:39,-2.638,138.333,30.4,5.0
2020-02-07T18:52:50,-59.392,-60.212,10.0,5.5
2020-02-08T06:17:57,-20.828,-68.714,108.3,5.2
2020-02-08T06:36:44,-2.877,129.935,10.0,5.6
2020-02-08T12:47:01,26.339,90.785,10.0,5.0
2020-02-08T12:48:43,-6.014,147.442,53.3,5.1
2020-02-08T14:32:58,-59.921,-25.553,16.0,6.0
2020-02-08T18:26:00,-60.639,-25.423,10.0,5.0
2020-02-08T19:02:49,-16.648,-176.79,35.0,5.1
2020-02-08T22:21:49,-17.249,-177.0,35.0,5.2
2020-02-08T22:54:29,-17.046,-177.386,35.0,5.2
2020-02-08T23:06:35,-16.432,-177.609,35.0,5.1
2020-02-09T06:04:29,-5.492,152.152,34.0,6.1
2020-02-09T07:05:40,-52.814,27.539,10.0,5.1
2020-02-09T09:42:24,-4.584,149.516,551.5,5.5
2020-02-09T13:32:52,81.178,-3.944,10.0,5.0
2020-02-10T19:52:01,-59.826,-25.876,10.0,5.1
2020-02-11T10:21:46,-22.505,-174.731,10.0,5.2
2020-02-11T10:37:02,15.78,147.88,10.0,5.4
2020-02-11T11:07:03,-25.167,179.942,493.9,5.4
2020-02-11T13:07:28,-52.345,17.069,10.0,5.0
2020-02-11T13:50:02,-24.787,-70.884,36.2,5.3
2020-02-11T15:15:46,-5.966,150.229,49.2,5.3
2020-02-12T08:59:34,-24.561,-177.425,102.3,5.0
2020-02-12T10:37:18,37.322,141.381,77.9,5.2
2020-02-12T14:57:51,-17.781,-178.563,552.0,5.1
2020-02-13T04:31:52,-15.98,-74.667,35.0,5.1
2020-02-13T05:50:38,-20.944,-70.828,10.0,5.0
2020-02-13T06:50:44,-19.202,169.016,110.1,5.1
2020-02-13T10:16:08,-5.526,153.131,10.0,5.3
2020-02-13T10:33:44,45.616,148.959,143.0,7.0
2020-02-13T14:07:39,51.638,177.313,44.3,5.0
2020-02-13T15:26:25,51.242,-174.985,24.4,5.0
2020-02-13T18:17:31,-6.622,130.607,80.1,5.2
2020-02-14T05:59:00,-56.655,-142.286,10.0,5.6
2020-02-14T09:55:28,-58.905,-25.542,35.0,5.1
2020-02-15T03:31:56,41.815,79.276,10.0,5.1
2020-02-15T09:39:15,-15.694,179.966,10.0,5.7
2020-02-15T11:00:05,23.838,121.617,10.0,5.3
2020-02-15T15:36:44,1.61,126.646,35.0,5.4
2020-02-15T23:00:27,-3.346,131.484,10.0,5.6
2020-02-16T07:35:37,49.409,155.518,49.6,5.2
2020-02-16T11:18:12,28.638,142.668,10.0,5.0
2020-02-16T12:30:47,27.129,55.766,8.5,5.1
2020-02-16T22:05:44,-21.932,-68.468,104.1,5.2
2020-02-17T00:28:18,-33.105,179.874,178.2,5.4
2020-02-17T05:10:27,-59.97,-27.672,96.4,5.3
2020-02-17T12:54:53,28.602,142.658,10.0,5.3
2020-02-18T05:32:45,-35.596,-73.244,10.0,5.0
2020-02-18T07:29:39,85.729,22.694,10.0,5.5
2020-02-20T04:01:42,-57.485,-26.061,67.1,5.2
2020-02-20T06:35:31,-34.285,-178.96,10.0,5.2
2020-02-20T06:42:24,-54.563,5.412,10.0,5.0
2020-02-20T09:54:07,5.594,125.545,201.1,5.4
2020-02-20T18:01:35,34.518,85.696,10.0,5.1
2020-02-20T18:57:36,53.7,160.676,32.0,5.8
2020-02-20T20:24:28,-6.743,129.625,163.2,5.4
2020-02-21T10:20:14,50.835,-179.267,10.0,5.3
2020-02-22T01:11:03,-8.113,129.086,30.7,5.2
2020-02-22T01:21:05,-54.262,-118.941,10.0,5.2
2020-02-22T02:32:44,-11.912,165.518,10.0,5.0
2020-02-22T03:19:28,13.418,146.424,10.0,5.0
2020-02-22T15:29:48,5.462,126.777,13.5,5.1
2020-02-22T15:34:42,5.525,126.66,23.5,5.3
2020-02-22T18:50:18,-21.778,-174.888,17.5,5.3
2020-02-22T19:46:11,-21.825,-174.657,10.0,5.6
2020-02-22T23:12:36,-38.146,-93.75,10.0,5.5
2020-02-22T23:19:02,-38.24,-93.787,10.0,5.0
2020-02-23T02:08:04,-0.192,125.189,21.2,5.3
2020-02-23T05:53:01,38.446,44.417,10.0,5.8
2020-02-23T13:25:40,28.513,142.785,10.0,5.1
2020-02-23T16:00:31,38.496,44.373,10.0,6.0
2020-02-25T04:15:02,-8.085,-80.016,28.2,5.3
2020-02-25T11:14:03,24.374,121.452,10.0,5.0
2020-02-25T23:03:37,38.349,38.797,10.0,5.0
2020-02-26T00:23:32,15.871,119.223,10.0,5.0
2020-02-26T07:33:12,-7.489,131.12,54.0,6.0
2020-02-26T15:04:08,32.975,76.247,10.0,5.0
2020-02-27T04:11:10,-12.283,-14.798,10.0,5.1
2020-02-27T04:13:34,-45.147,95.479,10.0,5.0
2020-02-27T15:18:18,-13.794,-14.673,10.0,5.3
2020-02-27T19:13:02,3.795,125.758,122.0,5.5
2020-02-27T19:20:59,1.864,126.447,62.0,5.0
2020-02-27T22:20:36,-54.486,-118.947,10.0,5.4
2020-02-28T07:41:50,-18.901,-172.904,10.0,5.7
2020-02-28T14:02:55,-3.951,103.118,94.0,5.1
2020-02-28T18:47:58,-55.347,-29.388,10.0,5.3
2020-02-29T01:57:09,-19.438,-172.991,10.0,5.1
2020-02-29T09:28:25,3.14,128.191,136.9,5.3
2020-03-01T21:19:20,11.358,124.684,10.0,5.4
2020-03-02T00:31:15,51.107,-179.85,19.7,5.7
2020-03-02T21:23:15,-59.609,-26.39,79.8,5.1
2020-03-03T01:06:38,-54.62,144.169,10.0,5.0
2020-03-03T08:41:58,51.036,-179.795,10.0,5.0
2020-03-03T10:14:36,-59.674,-26.281,66.7,5.0
2020-03-03T11:57:23,79.976,-0.392,10.0,5.0
2020-03-03T15:53:52,-18.021,167.625,10.0,5.0
2020-03-04T09:11:34,-29.82,-176.123,10.0,5.0
2020-03-04T13:36:46,-3.464,99.607,10.0,5.0
2020-03-04T16:47:56,-59.64,-26.572,59.4,5.1
2020-03-05T06:57:41,-28.419,-67.498,105.9,5.5
2020-03-05T10:05:05,-3.433,145.372,10.0,5.3
2020-03-05T13:11:45,-29.727,-176.211,10.0,5.4
2020-03-05T14:48:13,-3.347,145.248,10.0,5.1
2020-03-05T14:58:45,-48.854,-8.788,10.0,5.1
2020-03-06T10:28:42,-31.368,58.324,10.0,6.0
2020-03-06T19:52:59,-5.222,102.209,35.0,5.0
2020-03-07T02:40:47,9.011,-83.165,39.2,5.2
2020-03-07T03:52:03,31.689,-114.54,10.0,5.5
2020-03-07T05:43:45,-17.892,167.85,10.0,5.5
2020-03-07T11:35:26,-7.384,128.698,165.2,5.2
2020-03-07T12:43:06,-40.975,-91.872,10.0,5.1
2020-03-07T20:58:04,32.4,-16.821,4.7,5.3
2020-03-07T22:23:20,-58.714,-25.34,35.0,5.0
2020-03-09T02:59:08,40.392,-125.094,3.2,5.8
2020-03-09T09:45:48,11.007,138.617,48.2,5.3
2020-03-09T18:12:09,32.801,85.546,10.0,5.2
2020-03-10T07:20:58,-0.602,-20.719,10.0,5.0
2020-03-10T10:18:04,-6.785,106.681,10.0,5.0
2020-03-10T11:13:48,1.171,-90.642,10.0,5.6
2020-03-10T13:44:20,-22.112,-67.873,151.3,5.1
2020-03-10T14:06:26,-5.837,103.019,26.2,5.7
2020-03-10T23:08:34,3.866,97.254,110.5,5.0
2020-03-11T01:01:48,-32.393,-178.077,10.0,5.2
2020-03-11T15:16:55,-6.955,155.455,28.4,5.3
2020-03-11T19:54:08,-19.334,-172.942,10.0,5.2
2020-03-12T08:03:18,-8.903,110.541,94.3,5.2
2020-03-12T12:50:27,-19.105,-172.871,10.0,5.5
2020-03-12T15:44:02,32.715,85.332,10.0,5.4
2020-03-12T17:18:46,37.274,136.878,10.0,5.3
2020-03-12T22:00:48,14.716,119.078,10.0,5.3
2020-03-13T02:08:02,-19.931,-69.274,102.7,5.2
2020-03-13T04:46:40,8.31,-82.838,19.2,5.0
2020-03-14T10:01:17,-27.367,-175.61,11.0,6.4
2020-03-14T10:05:15,-36.545,178.816,48.1,5.8
2020-03-14T10:51:00,11.531,126.758,10.0,5.0
2020-03-14T20:27:48,-22.553,173.381,10.0,5.1
2020-03-15T01:22:16,15.06,-92.769,80.2,5.1
2020-03-15T21:05:32,-10.469,118.292,10.0,5.2
2020-03-15T22:04:25,27.405,55.354,10.0,5.4
2020-03-15T23:33:16,-12.279,166.562,88.0,5.2
2020-03-16T03:53:28,1.162,-78.575,42.2,5.0
2020-03-16T07:47:19,59.985,-29.718,10.0,5.3
2020-03-16T10:59:11,-1.196,126.451,21.2,5.0
2020-03-16T15:09:16,-6.218,151.44,10.0,5.0
2020-03-17T08:12:03,-36.156,-73.168,33.0,5.6
2020-03-17T15:10:32,42.319,138.352,230.2,5.0
2020-03-17T16:06:22,-16.025,-172.191,10.0,6.0
2020-03-18T03:13:29,3.02,128.038,101.8,5.4
2020-03-18T03:13:45,-13.136,167.028,176.0,6.1
2020-03-18T05:31:33,-11.052,164.459,10.0,5.5
2020-03-18T13:09:31,40.751,-112.078,11.9,5.7
2020-03-18T15:31:33,66.288,-157.251,8.6,5.0
2020-03-18T16:56:24,-36.59,178.962,47.1,5.1
2020-03-18T17:45:39,-11.052,115.138,20.7,6.2
2020-03-18T22:08:20,40.348,-124.456,28.6,5.2
2020-03-19T13:52:55,20.704,143.536,10.0,5.5
2020-03-19T17:53:33,38.392,39.073,10.0,5.2
2020-03-19T20:08:22,14.51,124.064,22.5,5.0
2020-03-19T20:16:38,-60.727,-25.489,10.0,5.0
2020-03-20T01:33:15,28.59,87.308,10.0,5.7
2020-03-20T01:36:10,-34.21,-179.047,10.0,5.0
2020-03-20T03:03:13,46.048,93.997,10.0,5.5
2020-03-20T07:53:27,56.52,-148.679,10.0,5.2
2020-03-20T09:54:18,-48.415,31.42,10.0,5.1
2020-03-21T00:49:51,39.357,20.638,10.0,5.7
2020-03-21T06:42:34,-12.334,44.884,10.0,5.0
2020-03-21T11:40:23,11.255,138.726,10.0,5.1
2020-03-21T20:06:30,-35.358,-104.463,10.0,5.0
2020-03-21T21:19:34,-5.306,141.408,10.0,5.0
2020-03-22T03:34:53,1.337,121.975,10.0,5.0
2020-03-22T05:24:03,45.907,15.97,10.0,5.3
2020-03-22T05:51:47,-3.112,135.631,30.8,5.1
2020-03-22T19:21:41,41.716,81.154,10.0,5.1
2020-03-22T20:43:08,-0.705,-21.177,10.0,5.6
2020-03-22T22:34:14,-16.799,-175.446,313.6,5.0
2020-03-22T22:38:04,-4.674,-104.952,10.0,6.1
2020-03-23T01:30:40,22.871,144.057,10.0,5.0
2020-03-23T12:25:55,52.091,-177.618,101.2,5.0
2020-03-23T17:46:12,-44.478,-78.991,10.0,5.1
2020-03-23T20:33:11,-25.316,179.687,500.8,5.4
2020-03-23T20:33:39,-25.281,179.721,506.1,5.5
2020-03-24T07:38:37,-23.549,-174.742,10.0,5.0
2020-03-25T02:49:21,48.964,157.696,57.8,7.5
2020-03-25T06:52:38,-35.747,-73.468,10.0,5.1
2020-03-25T17:21:45,49.231,158.132,36.4,5.1
2020-03-25T19:56:07,55.894,160.248,186.7,5.0
2020-03-26T05:52:48,22.686,143.235,112.0,5.4
2020-03-26T05:58:33,-19.779,-11.78,10.0,5.0
2020-03-26T07:09:25,35.868,5.758,10.0,5.0
2020-03-26T15:16:27,31.717,-104.042,9.5,5.0
2020-03-26T15:38:04,5.567,125.052,59.0,6.1
2020-03-26T20:24:54,-56.606,-26.892,78.3,5.4
2020-03-26T21:36:42,-2.951,139.113,38.0,5.7
2020-03-27T06:40:42,28.244,57.12,10.0,5.3
2020-03-27T14:32:48,0.175,133.583,10.0,5.6
2020-03-27T17:42:50,-28.806,-63.163,597.1,5.2
2020-03-28T05:32:52,-1.313,150.171,10.0,5.0
2020-03-28T15:43:17,-1.714,120.178,10.0,5.9
2020-03-28T17:48:16,-17.816,168.339,84.0,5.8
2020-03-28T23:10:38,-7.137,124.021,590.0,5.3
2020-03-29T02:46:01,-5.149,144.239,92.3,5.2
2020-03-29T13:33:47,-23.907,-174.517,10.0,5.1
2020-03-29T18:02:41,31.03,-41.376,10.0,5.0
2020-03-29T18:19:14,-21.423,169.485,10.0,5.7
2020-03-30T06:44:27,-56.077,-60.183,10.0,5.0
2020-03-30T09:09:05,0.29,-77.688,130.9,5.2
2020-03-30T15:52:49,23.988,123.448,33.1,5.3
2020-03-30T17:54:40,-13.762,66.151,10.0,5.6
2020-03-31T23:52:30,44.465,-115.118,12.1,6.5
2020-04-01T04:09:21,-45.591,-76.63,10.0,5.2
2020-04-01T05:50:18,-55.684,-28.148,39.6,5.2
2020-04-01T06:32:24,-54.364,-136.28,10.0,5.3
2020-04-01T12:23:27,33.126,98.909,10.0,5.4
2020-04-02T02:13:11,-7.935,125.702,16.2,5.5
2020-04-02T10:15:37,11.727,-88.43,17.0,5.2
2020-04-02T18:43:33,-56.014,-26.644,35.0,5.1
2020-04-02T20:09:03,20.668,144.77,111.0,5.2
2020-04-02T21:42:41,-6.967,126.62,408.5,5.2
2020-04-03T22:50:49,-58.658,-25.273,27.8,5.0
2020-04-04T01:52:50,-55.936,-27.754,76.7,5.1
2020-04-04T06:18:24,54.828,166.178,14.0,5.5
2020-04-04T09:24:18,-19.402,-173.252,10.0,5.1
2020-04-05T18:37:10,1.395,126.438,42.0,6.0
2020-04-06T01:12:53,-10.198,161.181,60.0,5.0
2020-04-06T18:02:01,-21.542,-175.558,42.2,5.0
2020-04-06T19:20:27,2.825,95.753,35.0,5.0
2020-04-07T00:35:18,-43.688,-16.148,10.0,5.0
2020-04-07T03:26:51,11.659,-61.127,20.1,5.0
2020-04-07T06:27:21,49.141,157.819,45.3,5.1
2020-04-07T11:29:08,-31.674,179.638,420.0,5.0
2020-04-07T11:32:06,-15.267,-173.262,10.0,5.2
2020-04-07T16:12:21,-56.32,-26.995,97.7,5.0
2020-04-08T05:55:50,26.688,126.654,102.8,5.0
2020-04-08T10:02:32,-15.719,-177.549,422.0,5.5
2020-04-09T10:53:52,-35.866,-103.888,10.0,5.0
2020-04-09T12:20:36,24.894,-45.874,10.0,5.1
2020-04-09T14:06:52,-18.18,-69.611,141.9,5.0
2020-04-09T16:07:53,-30.645,-177.028,10.0,5.0
2020-04-09T17:26:26,-5.343,68.665,10.0,5.3
2020-04-10T04:40:18,12.512,144.056,10.0,5.0
2020-04-10T16:38:06,-58.096,-25.725,66.4,5.1
2020-04-10T16:44:56,20.468,122.11,160.0,5.9
2020-04-10T18:45:49,5.594,126.489,79.9,5.1
2020-04-11T03:19:19,28.101,142.67,10.0,5.2
2020-04-11T14:36:37,38.052,-118.733,8.4,5.2
2020-04-11T18:22:42,-19.411,-173.047,34.3,5.2
2020-04-11T22:33:45,-24.299,-176.535,50.1,5.0
2020-04-12T00:07:48,-40.33,78.367,10.0,5.3
2020-04-12T00:46:19,-40.157,78.307,10.0,5.4
2020-04-12T06:57:47,-36.956,77.393,10.0,6.1
2020-04-12T11:33:16,-5.356,152.574,10.0,5.0
2020-04-12T12:25:10,-4.211,151.934,10.0,5.1
2020-04-13T01:42:52,48.252,154.321,52.5,5.0
2020-04-13T06:44:26,3.739,125.388,42.3,5.0
2020-04-13T13:18:27,-14.263,-73.212,69.8,5.2
2020-04-13T14:59:35,0.29,126.828,38.5,5.0
2020-04-14T01:06:47,-30.389,-176.348,31.0,6.0
2020-04-14T02:46:26,45.332,149.991,51.2,5.0
2020-04-14T06:31:49,7.179,143.284,10.0,5.2
2020-04-15T01:15:34,-26.882,-63.414,562.0,5.2
2020-04-15T02:01:05,20.008,122.053,10.0,5.1
2020-04-15T07:05:03,-15.208,-173.381,21.8,5.3
2020-04-15T07:11:04,-19.854,148.77,10.0,5.0
2020-04-15T07:19:04,26.281,128.924,10.0,5.0
2020-04-15T09:44:43,15.17,-94.189,41.4,5.0
2020-04-15T10:59:28,9.034,-74.434,53.0,5.7
2020-04-15T13:30:36,10.74,-86.166,41.6,5.0
2020-04-15T18:43:39,52.168,160.621,10.0,5.0
2020-04-15T21:03:38,1.107,126.677,41.4,5.7
2020-04-15T22:42:16,-5.359,152.74,17.2,5.2
2020-04-16T05:12:38,-58.024,-25.67,49.1,5.3
2020-04-16T08:04:37,16.959,-85.685,12.0,6.1
2020-04-16T08:15:20,-60.424,-27.036,10.0,5.1
2020-04-16T08:21:54,-16.288,178.374,10.0,5.2
2020-04-16T11:45:23,22.8,94.029,10.0,5.9
2020-04-16T15:13:05,-37.973,-73.771,11.2,5.1
2020-04-16T17:38:23,-10.368,161.25,45.8,5.0
2020-04-16T21:22:29,26.006,128.566,10.0,5.3
2020-04-16T21:23:51,26.078,128.476,10.0,5.0
2020-04-17T00:22:45,55.972,-153.308,7.3,5.2
2020-04-17T12:05:07,52.745,-34.626,10.0,5.3
2020-04-17T16:30:48,-23.7,69.437,10.0,5.8
2020-04-18T08:25:37,27.126,140.135,453.0,6.6
2020-04-18T09:24:18,27.203,140.071,473.7,5.7
2020-04-18T21:09:07,-30.416,-177.663,35.2,5.0
2020-04-19T13:09:31,4.023,126.166,16.7,5.1
2020-04-19T16:46:56,-56.275,-142.764,10.0,5.0
2020-04-19T20:39:05,38.895,142.005,38.0,6.3
2020-04-20T00:34:36,-15.345,167.541,124.4,5.3
2020-04-20T03:54:49,64.59,-17.656,10.0,5.1
2020-04-20T19:59:21,-8.542,159.219,87.4,5.2
2020-04-22T06:51:01,46.481,153.504,10.0,5.3
2020-04-22T20:22:46,13.726,51.639,10.0,5.1
2020-04-22T22:31:25,-22.08,-175.496,39.7,5.5
2020-04-22T23:19:30,-19.067,-172.932,10.0,5.0
2020-04-23T04:44:23,36.166,137.778,10.0,5.2
2020-04-23T19:52:26,41.509,141.929,53.3,5.2
2020-04-24T00:30:35,13.908,-93.147,10.0,5.4
2020-04-24T05:41:56,-19.807,-126.561,10.0,5.3
2020-04-25T02:53:06,-6.534,154.235,19.0,6.1
2020-04-25T02:55:19,-6.554,154.451,10.0,5.4
2020-04-26T13:43:57,-3.958,151.38,10.0,5.2
2020-04-26T14:02:13,42.131,144.945,10.0,5.0
2020-04-26T22:52:11,-44.922,167.543,78.4,5.0
2020-04-26T23:48:44,5.661,126.898,58.0,5.1
2020-04-27T08:40:42,-3.733,151.466,10.0,5.4
2020-04-28T00:13:43,-16.387,-172.9,10.0,5.2
2020-04-28T12:02:32,13.227,-44.837,10.0,5.1
2020-04-29T05:37:16,-24.27,-67.046,149.3,5.4
2020-04-29T10:23:16,-5.128,152.326,35.0,5.0
2020-04-30T03:15:21,40.922,142.777,36.2,5.2
2020-04-30T08:20:26,1.23,99.6,17.1,5.0
2020-04-30T09:23:12,-22.66,-68.0,108.9,5.3
2020-04-30T21:23:21,-2.398,138.727,58.9,5.1
2020-04-30T22:10:31,-24.011,-66.93,164.4,5.4
2020-05-01T02:03:44,-30.335,-177.869,10.0,5.0
2020-05-01T07:04:49,54.46,161.702,36.5,5.0
2020-05-01T20:28:08,28.4,56.924,10.0,5.0
2020-05-02T11:13:18,17.937,-66.727,9.0,5.4
2020-05-02T12:51:05,34.182,25.71,10.0,6.5
2020-05-02T13:33:49,34.15,25.458,10.0,5.3
2020-05-02T16:44:26,34.118,25.606,10.0,5.3
2020-05-03T00:44:26,-15.273,-70.459,184.2,5.7
2020-05-03T03:24:41,23.255,121.586,41.8,5.2
2020-05-03T07:06:45,-6.231,104.694,48.5,5.0
2020-05-03T11:54:24,31.404,128.839,10.0,5.9
2020-05-03T13:35:28,-22.338,-113.566,10.0,5.1
2020-05-03T15:25:10,-21.52,-173.96,10.0,5.1
2020-05-03T19:36:55,2.854,36.06,10.0,5.0
2020-05-04T03:03:10,31.037,141.87,10.0,5.3
2020-05-04T13:07:48,35.686,140.875,42.4,5.6
2020-05-05T00:09:12,-56.828,-141.9,10.0,5.3
2020-05-05T12:02:32,13.278,-91.118,8.0,5.5
2020-05-05T16:57:08,35.559,140.055,71.2,5.1
2020-05-05T23:20:39,-15.252,-172.875,10.0,5.4
2020-05-06T10:51:00,39.684,73.943,10.0,5.1
2020-05-06T13:53:55,-6.776,129.785,96.0,6.8
2020-05-06T15:43:12,-19.355,-70.482,63.5,5.1
2020-05-07T00:49:10,-5.71,-76.688,22.8,5.3
2020-05-07T11:21:20,-4.464,154.741,471.2,6.1
2020-05-07T15:16:41,-4.179,152.569,128.1,5.3
2020-05-08T01:14:20,-55.502,-29.363,11.2,5.4
2020-05-08T10:27:36,12.307,144.002,10.0,5.2
2020-05-08T20:45:30,-29.439,76.515,10.0,5.5
2020-05-08T22:42:07,-23.215,-68.848,90.4,5.0
2020-05-09T05:49:14,-7.016,129.492,168.4,5.1
2020-05-09T15:35:58,40.835,78.862,10.0,5.3
2020-05-09T19:18:13,14.074,120.47,99.2,5.3
2020-05-10T18:04:21,-22.756,-68.068,107.3,5.4
2020-05-10T23:58:33,36.357,141.127,31.0,5.8
2020-05-11T01:06:18,-6.061,129.911,10.0,5.7
2020-05-12T15:10:34,-10.594,-78.17,73.2,5.0
2020-05-12T22:41:12,-12.066,166.648,107.0,6.6
2020-05-13T05:56:28,42.742,139.004,192.6,5.0
2020-05-13T20:10:36,-20.793,-176.583,243.3,5.2
2020-05-14T05:55:21,-35.786,-102.898,10.0,5.7
2020-05-14T20:28:58,-16.531,-177.531,10.0,5.1
2020-05-15T10:50:44,-21.657,-179.314,606.7,5.1
2020-05-15T11:03:27,38.169,-117.85,2.7,6.5
2020-05-15T11:26:01,38.181,-117.871,6.8,5.1
2020-05-15T14:49:21,-15.582,-173.081,10.0,5.7
2020-05-15T15:05:56,-15.781,-172.891,23.9,5.6
2020-05-15T15:18:55,-29.967,-176.445,10.0,5.2
2020-05-16T03:15:44,-16.056,168.003,170.6,5.9
2020-05-16T13:11:13,-17.546,-174.151,85.9,5.3
2020-05-17T19:07:42,-25.448,179.924,459.1,5.4
2020-05-18T03:00:38,38.217,141.676,46.8,5.0
2020-05-18T04:18:17,34.165,25.62,10.0,5.2
2020-05-18T06:56:01,40.771,-127.227,10.0,5.0
2020-05-18T07:02:34,40.848,-127.192,10.0,5.3
2020-05-18T08:00:17,-29.964,-176.394,10.0,5.0
2020-05-18T11:48:07,34.133,25.523,10.0,5.0
2020-05-18T13:48:03,27.266,103.288,10.0,5.1
2020-05-18T23:22:35,34.186,25.517,10.0,5.7
2020-05-19T03:17:13,37.616,141.277,44.3,5.1
2020-05-19T04:12:59,36.285,137.686,10.0,5.2
2020-05-19T07:19:00,5.913,-77.5,10.0,5.0
2020-05-20T12:36:53,38.201,-117.745,11.7,5.0
2020-05-20T12:45:07,5.204,126.116,90.3,5.0
2020-05-20T13:46:45,-15.98,-173.556,41.7,5.1
2020-05-20T20:31:51,-16.32,168.031,165.3,5.2
2020-05-20T23:43:16,35.159,20.278,13.4,5.7
2020-05-21T12:57:33,-9.662,23.998,10.0,5.1
2020-05-21T19:18:49,-2.916,142.835,10.0,5.1
2020-05-22T00:22:00,38.231,-117.794,7.2,5.1
2020-05-22T03:40:30,34.483,25.887,10.0,5.1
2020-05-22T08:46:06,22.415,-108.128,10.0,6.1
2020-05-22T19:33:07,27.268,128.493,53.6,5.0
2020-05-22T22:36:52,-2.497,99.521,10.0,5.1
2020-05-23T00:13:38,-7.15,129.145,125.0,5.3
2020-05-23T02:10:27,15.629,121.566,43.5,5.2
2020-05-23T02:14:51,50.432,-129.527,10.0,5.2
2020-05-23T13:11:00,-33.512,-69.826,114.4,5.2
2020-05-23T22:50:12,34.296,25.514,14.4,5.3
2020-05-23T23:02:27,-14.814,66.695,10.0,5.5
2020-05-24T02:52:24,-47.294,-12.295,10.0,5.8
2020-05-24T03:52:21,14.597,-93.814,11.9,5.3
2020-05-24T09:36:14,31.399,140.098,120.8,5.2
2020-05-24T19:53:32,-40.378,174.957,46.0,5.6
2020-05-24T23:25:18,-55.267,-29.269,10.0,5.1
2020-05-25T00:06:26,-20.547,172.534,10.0,5.0
2020-05-25T14:42:17,24.386,93.92,57.9,5.1
2020-05-25T23:22:25,12.599,144.189,8.8,5.2
2020-05-26T05:18:19,46.564,153.52,10.0,5.4
2020-05-26T05:25:42,14.257,146.892,10.0,5.0
2020-05-26T05:57:58,34.131,141.587,10.0,5.0
2020-05-26T22:52:13,-17.04,167.762,10.4,5.5
2020-05-27T01:09:52,34.226,25.622,10.0,5.1
2020-05-27T02:33:12,-24.535,-116.109,10.0,5.4
2020-05-27T07:09:09,-17.53,167.874,9.7,6.2
2020-05-27T08:05:51,-17.182,167.679,10.0,5.0
2020-05-27T09:19:51,24.85,125.411,38.7,5.3
2020-05-27T21:09:10,-23.765,69.574,10.0,5.3
2020-05-28T05:17:29,16.603,120.375,77.5,5.1
2020-05-28T07:18:45,-22.215,-174.42,10.0,6.0
2020-05-28T07:41:38,-9.52,156.008,10.0,5.0
2020-05-28T08:37:57,-56.283,-27.102,61.5,5.0
2020-05-28T09:46:46,-27.712,-174.833,10.0,5.8
2020-05-29T06:23:29,-21.787,-179.061,594.8,5.0
2020-05-29T10:05:17,36.234,137.754,10.0,5.1
2020-05-29T11:07:49,-17.402,167.737,10.0,5.3
2020-05-29T16:13:19,-17.396,167.609,11.7,5.0
2020-05-29T20:14:51,-32.05,-178.597,10.0,5.0
2020-05-30T03:06:19,-6.063,152.334,6.1,5.1
2020-05-30T03:21:51,25.984,-44.955,10.0,5.5
2020-05-30T03:29:32,25.975,-44.99,10.0,5.4
2020-05-30T13:06:24,4.071,126.52,28.6,5.6
2020-05-30T18:13:48,42.48,143.809,89.0,5.6
2020-05-31T00:32:01,8.053,-39.132,10.0,5.2
2020-05-31T05:09:38,-15.326,-70.773,186.0,6.1
2020-05-31T11:11:38,-15.485,168.286,10.0,5.0
2020-05-31T19:54:16,-63.623,169.996,10.0,5.0
2020-05-31T21:02:11,36.203,140.365,98.6,5.2
2020-05-31T23:25:43,-23.904,-176.603,128.0,5.8
2020-06-01T00:15:52,18.205,147.17,10.0,5.0
2020-06-02T00:30:35,-55.089,-33.137,10.0,5.0
2020-06-02T02:04:24,-19.007,169.487,255.6,5.1
2020-06-02T15:41:15,37.637,144.506,10.0,5.0
2020-06-03T07:35:36,-23.274,-68.468,112.0,6.8
2020-06-03T08:16:53,33.416,46.11,10.0,5.0
2020-06-03T09:03:29,34.332,25.893,10.0,5.4
2020-06-03T09:31:35,-24.675,-176.711,69.8,6.0
2020-06-03T15:54:04,-7.006,116.928,639.9,5.7
2020-06-04T01:32:11,35.615,-117.428,8.4,5.5
2020-06-04T08:49:40,2.911,128.248,112.9,6.4
2020-06-04T11:21:53,-17.444,167.91,35.0,5.1
2020-06-05T04:04:29,-6.315,103.721,23.3,5.2
2020-06-05T06:19:36,-22.26,-175.56,22.4,5.3
2020-06-05T13:38:02,12.715,120.962,44.3,5.3
2020-06-05T16:26:03,81.383,-3.399,10.0,5.0
2020-06-05T18:06:21,38.238,38.759,10.0,5.1
2020-06-06T05:03:05,-7.487,-13.687,10.0,5.3
2020-06-06T07:22:00,-22.142,-179.492,576.3,5.0
2020-06-06T08:05:54,-57.74,-25.257,34.1,5.0
2020-06-06T10:55:41,-16.725,177.346,10.0,5.7
2020-06-06T23:50:35,1.718,97.053,11.5,5.2
2020-06-07T03:39:50,-23.714,69.764,10.0,5.1
2020-06-07T10:31:19,-4.038,-76.964,110.0,5.4
2020-06-07T14:36:56,-10.661,166.184,13.0,5.8
2020-06-07T14:43:24,-10.638,166.178,20.5,5.7
2020-06-07T20:06:38,-5.344,151.6,47.8,5.9
2020-06-08T02:34:32,-0.37,124.237,68.8,5.0
2020-06-09T04:56:10,-4.224,126.344,10.0,5.7
2020-06-09T16:08:50,27.764,53.345,10.0,5.5
2020-06-09T17:18:14,27.72,53.42,10.0,5.7
2020-06-10T04:29:20,-23.457,179.228,541.3,5.9
2020-06-10T04:35:18,-2.575,101.152,41.7,5.1
2020-06-10T19:58:50,-15.807,-13.036,10.0,6.0
2020-06-10T21:14:39,-15.372,-13.171,10.0,5.3
2020-06-12T00:53:26,-6.76,-11.796,10.0,5.1
2020-06-12T01:00:43,-56.976,-144.536,10.0,5.0
2020-06-12T02:53:22,-42.992,41.784,10.0,5.7
2020-06-13T06:07:23,-20.729,-173.563,10.0,5.1
2020-06-13T09:15:52,-8.905,117.82,44.3,5.1
2020-06-13T11:43:34,51.237,-178.393,44.7,5.0
2020-06-13T15:51:24,28.859,128.271,165.0,6.6
2020-06-13T18:48:29,-23.165,69.075,10.0,5.0
2020-06-13T20:18:59,24.31,122.467,53.6,5.4
2020-06-13T21:08:30,18.932,145.112,622.0,6.2
2020-06-14T14:24:29,39.423,40.707,10.0,5.9
2020-06-14T14:43:08,23.382,70.355,10.0,5.1
2020-06-14T16:02:48,-23.575,69.599,10.0,5.0
2020-06-14T18:06:01,27.776,53.378,10.0,5.2
2020-06-14T19:26:20,24.905,123.26,10.0,5.1
2020-06-14T21:23:19,49.13,158.098,10.0,5.1
2020-06-14T22:29:57,7.654,121.731,10.0,5.1
2020-06-15T04:07:48,-9.452,155.998,10.0,5.1
2020-06-15T04:09:35,-9.365,156.117,10.0,5.2
2020-06-15T04:15:43,1.309,128.068,116.2,5.2
2020-06-15T06:51:31,39.423,40.748,10.0,5.5
2020-06-15T10:37:33,-9.466,156.103,10.0,5.2
2020-06-15T13:47:15,24.86,123.268,10.4,5.2
2020-06-16T01:30:48,37.834,72.204,127.0,5.6
2020-06-16T08:30:29,-17.334,167.621,10.0,5.0
2020-06-16T09:21:37,36.671,71.034,229.3,5.0
2020-06-16T14:30:26,27.344,34.72,10.0,5.5
2020-06-17T03:05:47,-57.396,-24.659,10.0,5.1
2020-06-17T06:24:18,-16.136,-174.979,281.6,5.6
2020-06-18T11:43:40,-20.754,-173.531,10.0,5.1
2020-06-18T12:49:53,-33.293,-177.857,10.0,7.4
2020-06-18T15:06:15,-33.156,-177.97,10.0,5.5
2020-06-18T15:20:55,-47.017,-11.169,10.0,5.2
2020-06-18T16:11:39,-33.256,-177.918,10.0,5.5
2020-06-18T16:42:14,24.899,123.292,10.0,5.0
2020-06-18T16:43:09,-47.043,-11.141,10.0,5.0
2020-06-18T16:43:19,24.942,123.33,10.0,5.3
2020-06-18T19:11:52,-33.411,-178.012,10.0,5.3
2020-06-18T19:34:15,-33.432,-178.618,10.0,5.2
2020-06-19T00:26:35,24.928,123.358,10.0,5.2
2020-06-19T00:38:51,-33.586,-178.567,10.0,5.4
2020-06-19T02:59:28,51.175,-179.056,33.1,5.1
2020-06-19T03:08:32,51.169,-179.069,33.0,5.2
2020-06-19T07:43:21,34.287,25.522,10.0,5.1
2020-06-19T10:07:56,-17.426,-178.916,544.0,5.6
2020-06-19T17:10:34,-33.357,-178.479,10.0,5.1
2020-06-19T20:08:35,-32.278,-178.137,10.0,5.1
2020-06-20T01:57:55,-16.203,-172.67,10.0,5.4
2020-06-20T11:57:59,17.516,145.105,12.6,5.0
2020-06-20T15:05:11,66.249,-18.678,10.0,5.4
2020-06-20T15:45:10,-9.441,156.02,7.9,5.4
2020-06-20T19:26:21,66.287,-18.893,10.0,5.7
2020-06-20T23:04:56,-59.756,-26.107,35.0,5.0
2020-06-21T08:58:28,11.458,-86.851,20.6,5.3
2020-06-21T09:58:29,9.686,138.425,10.0,5.3
2020-06-21T19:07:54,66.381,-18.707,10.0,6.0
2020-06-21T19:33:08,-8.921,110.95,86.6,5.2
2020-06-21T22:40:52,23.145,93.286,10.8,5.6
2020-06-22T08:02:44,17.238,119.875,10.0,5.0
2020-06-22T09:51:24,-2.677,148.048,10.0,5.2
2020-06-22T10:06:55,-39.11,78.181,10.0,5.0
2020-06-22T13:08:59,-6.096,-81.531,10.0,5.1
2020-06-22T13:23:45,-23.022,-112.394,10.0,5.0
2020-06-22T14:29:12,-33.793,-178.143,11.0,5.5
2020-06-22T18:11:07,-33.093,-178.5,10.0,5.0
2020-06-23T07:43:29,0.037,123.787,109.0,6.0
2020-06-23T15:29:04,15.886,-96.008,20.0,7.4
2020-06-23T15:29:55,-5.021,151.916,89.0,5.0
2020-06-23T17:50:26,14.0,145.587,65.4,5.9
2020-06-23T18:27:07,15.767,-95.789,10.0,5.0
2020-06-23T19:08:49,-57.918,-25.382,44.1,5.0
2020-06-24T02:33:19,15.769,-96.37,4.2,5.4
2020-06-24T15:38:34,-1.602,-77.527,169.4,5.1
2020-06-24T17:40:49,36.447,-117.975,4.7,5.8
2020-06-24T19:47:45,35.471,141.074,29.0,5.9
2020-06-24T22:20:02,-44.649,167.476,10.8,5.6
2020-06-25T06:08:28,-26.128,70.79,10.0,5.5
2020-06-25T10:03:30,38.533,43.941,10.0,5.4
2020-06-25T11:55:04,-32.226,-71.619,35.0,5.2
2020-06-25T18:29:44,-37.162,-95.185,10.0,5.1
2020-06-25T21:05:18,35.595,82.416,10.0,6.3
2020-06-25T21:17:04,35.668,82.447,10.0,5.0
2020-06-26T02:10:23,-56.745,-25.244,10.0,5.0
2020-06-26T07:21:12,38.79,27.793,10.0,5.2
2020-06-26T11:54:56,19.115,121.095,19.7,5.3
2020-06-27T07:18:39,-55.527,-26.802,10.0,5.1
2020-06-28T17:43:28,36.748,28.248,63.0,5.4
2020-06-29T05:06:28,-18.886,-64.067,10.0,5.1
2020-06-29T05:06:33,-18.925,-63.848,37.7,5.0
2020-06-29T09:52:49,33.876,141.735,10.0,5.3
2020-06-29T19:40:12,-11.506,-13.531,10.0,5.7
2020-06-29T22:28:01,11.471,-87.879,10.0,5.1
2020-06-30T05:44:53,-33.979,-177.304,10.0,5.0
2020-06-30T09:24:23,38.154,-117.958,8.3,5.0
2020-06-30T22:10:09,-19.543,169.223,98.5,5.1
2020-07-02T07:07:24,43.719,147.994,41.2,5.2
2020-07-03T13:42:25,-53.078,-46.886,10.0,5.1
2020-07-03T20:49:45,17.9,-67.005,3.0,5.3
2020-07-04T01:34:45,-9.68,154.903,10.0,5.5
2020-07-04T01:49:58,-9.852,154.882,10.0,5.2
2020-07-04T07:40:18,-35.067,-107.352,10.0,5.3
2020-07-04T09:53:00,39.034,70.922,10.0,5.4
2020-07-04T16:26:00,-15.232,-13.121,10.0,5.0
2020-07-05T04:36:37,-26.96,-113.765,10.0,5.1
2020-07-05T08:53:34,53.296,-160.418,10.0,5.5
2020-07-05T18:50:01,-14.9,167.383,115.0,5.8
2020-07-06T12:58:04,21.033,144.858,125.0,5.5
2020-07-06T15:30:29,11.065,138.611,10.0,5.0
2020-07-06T18:16:18,12.081,140.248,10.0,6.2
2020-07-06T18:19:09,31.528,138.126,388.6,5.7
2020-07-06T18:55:29,12.211,140.322,10.0,5.0
2020-07-06T20:53:15,-58.823,-25.673,60.1,5.2
2020-07-06T21:01:08,12.348,140.404,10.0,5.1
2020-07-06T22:54:47,-5.602,110.689,533.8,6.6
2020-07-07T04:44:13,-6.315,106.342,96.8,5.1
2020-07-07T04:52:08,-1.986,-12.153,10.0,5.0
2020-07-07T04:56:25,-53.873,-134.417,10.0,5.4
2020-07-07T06:16:27,-7.133,103.423,10.0,5.0
2020-07-07T20:32:26,5.398,-82.717,10.0,5.2
2020-07-08T01:07:02,56.019,-153.62,3.3,5.1
2020-07-08T05:18:59,51.566,16.248,5.0,5.0
2020-07-10T06:29:43,-2.626,68.172,10.0,5.3
2020-07-10T17:11:46,-17.25,-173.959,10.0,5.1
2020-07-10T22:40:26,-54.985,-140.992,10.0,5.0
2020-07-11T18:58:06,-59.09,-25.716,57.1,5.3
2020-07-11T21:53:00,-5.602,154.196,166.1,5.4
2020-07-12T15:08:49,9.414,-69.86,10.0,5.1
2020-07-12T22:38:43,12.016,-86.355,159.3,5.4
2020-07-13T00:58:46,5.17,94.224,35.0,5.0
2020-07-13T06:22:31,12.039,140.211,10.0,5.0
2020-07-13T08:13:26,-33.277,-177.878,10.0,5.3
2020-07-13T22:14:48,-17.272,167.876,10.0,5.1
2020-07-14T01:42:04,-62.14,165.326,10.0,5.2
2020-07-14T19:15:15,-14.864,167.456,161.4,5.1
2020-07-14T23:33:58,-7.202,120.456,584.5,5.7
2020-07-15T00:53:41,-65.352,179.423,10.0,5.0
2020-07-15T08:59:54,51.979,-177.377,11.8,5.2
2020-07-15T15:00:44,-15.892,67.361,10.0,5.0
2020-07-15T21:39:40,7.464,-81.91,6.6,5.8
2020-07-16T20:03:09,30.319,136.783,499.7,5.1
2020-07-17T02:50:22,-7.836,147.77,73.0,7.0
2020-07-17T05:40:36,-20.236,-70.133,73.6,5.9
2020-07-17T06:10:47,44.838,147.521,134.2,5.0
2020-07-17T13:29:04,11.84,94.977,10.0,5.1
2020-07-17T14:03:40,11.848,94.936,10.0,6.1
2020-07-17T14:43:17,11.848,94.832,10.0,5.0
2020-07-17T16:33:53,23.116,93.309,10.0,5.1
2020-07-17T18:32:58,12.098,94.974,5.1,5.7
2020-07-18T01:37:15,-10.41,161.394,48.0,5.8
2020-07-18T12:00:46,-33.372,-177.799,10.0,5.0
2020-07-18T15:32:36,-15.255,-172.694,12.0,6.1
2020-07-19T02:15:13,-10.903,93.868,10.0,5.4
2020-07-19T10:15:47,30.412,94.861,10.0,5.0
2020-07-20T01:50:11,-8.368,-79.975,32.0,5.1
2020-07-20T03:08:02,-54.948,-29.192,10.0,5.2
2020-07-20T23:07:10,-57.958,-25.747,56.0,5.1
2020-07-21T14:49:50,-26.092,-177.451,172.5,5.0
2020-07-21T20:56:25,-20.804,-178.632,605.2,6.0
2020-07-22T03:16:36,11.015,-72.416,98.7,5.1
2020-07-22T06:12:44,55.072,-158.596,28.0,7.8
2020-07-22T06:16:18,54.969,-159.041,16.5,6.1
2020-07-22T06:20:07,54.746,-158.875,24.6,5.6
2020-07-22T07:30:42,-15.397,166.363,47.3,5.1
2020-07-22T08:13:30,55.204,-159.318,45.2,5.7
2020-07-22T11:33:24,49.1,-129.03,10.0,5.0
2020-07-22T20:07:19,33.144,86.864,10.0,6.3
2020-07-22T20:14:44,33.209,86.773,10.0,5.0
2020-07-22T21:39:58,55.246,-159.344,35.6,5.5
2020-07-22T22:25:11,-27.286,-70.062,94.6,5.0
2020-07-23T10:50:09,33.151,86.824,10.0,5.1
2020-07-23T11:08:38,55.212,-159.619,44.9,5.0
2020-07-24T03:07:08,54.818,-160.672,43.2,5.0
2020-07-24T03:19:50,15.564,-96.004,11.0,5.5
2020-07-24T13:24:39,54.855,-160.716,45.2,5.0
2020-07-24T19:11:47,19.488,-78.081,8.7,5.1
2020-07-25T01:33:56,30.759,-41.798,10.0,5.3
2020-07-25T22:35:49,-20.464,-178.422,553.9,5.4
2020-07-26T00:53:59,-60.783,-25.413,10.0,6.4
2020-07-26T01:53:45,-14.597,166.735,42.2,5.2
2020-07-26T03:12:27,6.362,126.885,92.9,5.3
2020-07-26T03:59:19,-60.582,-25.347,10.0,5.2
2020-07-26T12:52:29,24.278,122.461,56.3,5.2
2020-07-27T17:32:45,9.018,126.268,43.4,5.8
2020-07-27T19:34:37,54.936,-160.311,37.5,5.5
2020-07-27T21:05:07,-56.595,-143.257,10.0,5.0
2020-07-27T23:37:04,-6.144,70.329,10.0,5.3
2020-07-28T08:03:43,54.79,-161.204,35.2,6.1
2020-07-28T12:42:51,54.904,-160.308,41.9,5.0
2020-07-29T09:12:16,54.944,-160.33,39.0,5.6
2020-07-29T10:00:57,-59.695,-26.394,83.6,5.0
2020-07-29T16:51:10,-16.798,-173.459,12.7,5.0
2020-07-30T00:35:56,30.629,141.772,14.2,5.8
2020-07-30T02:51:18,-3.44,131.142,10.0,5.3
2020-07-30T16:08:18,54.836,-158.171,33.9,5.0
2020-07-30T19:16:50,-19.078,-173.336,10.0,5.7
2020-07-31T06:06:41,8.542,126.599,28.0,5.7
2020-07-31T10:02:16,-8.821,152.776,10.0,5.6
2020-07-31T10:03:34,-14.141,-72.874,56.4,5.0
2020-07-31T16:04:18,-5.612,151.788,35.0,5.2
2020-07-31T17:06:00,-7.497,156.81,403.5,5.2
2020-08-01T08:25:26,-16.344,-72.602,79.6,5.1
2020-08-01T09:17:17,-22.924,-13.5,10.0,5.5
2020-08-01T17:09:01,7.293,124.133,483.0,6.4
2020-08-01T19:08:49,-3.188,148.748,10.0,5.7
2020-08-01T19:22:05,-3.195,148.65,10.0,6.1
2020-08-01T19:45:49,-22.806,-175.884,20.3,5.6
2020-08-02T03:01:33,-20.817,173.473,10.0,5.7
2020-08-02T09:29:57,-3.098,148.916,10.0,5.9
2020-08-02T14:15:47,-5.1,145.365,120.7,5.4
2020-08-02T16:44:25,-0.341,124.364,41.0,5.0
2020-08-03T01:18:16,-17.334,-174.252,92.4,5.2
2020-08-03T08:31:10,17.113,147.348,10.0,5.4
2020-08-03T11:56:52,-19.59,-69.186,101.6,5.5
2020-08-03T15:08:08,-7.246,-77.831,15.2,5.0
2020-08-03T21:16:19,-61.414,161.424,10.0,5.6
2020-08-04T09:37:37,38.188,38.698,10.0,5.6
2020-08-04T11:21:36,34.474,140.379,75.0,5.0
2020-08-04T12:47:18,54.721,-161.138,35.0,5.2
2020-08-04T16:31:18,-12.562,166.615,70.0,5.6
2020-08-04T17:50:58,-5.748,148.294,170.8,5.4
2020-08-04T19:17:51,13.348,-92.007,5.5,5.8
2020-08-04T23:51:11,-1.78,100.182,48.4,5.1
2020-08-05T01:01:24,-24.138,-175.436,10.0,5.0
2020-08-05T02:20:59,-28.313,-176.436,10.0,5.0
2020-08-05T08:27:12,-9.683,119.118,10.0,5.1
2020-08-05T08:48:05,87.386,7.068,10.0,5.3
2020-08-05T12:05:36,-16.094,168.065,181.9,6.4
2020-08-05T16:17:40,54.562,-161.091,6.6,5.1
2020-08-05T17:54:02,36.14,141.842,28.0,5.3
2020-08-05T21:12:04,-4.647,143.672,80.0,5.0
2020-08-06T03:06:33,37.422,138.674,165.3,5.1
2020-08-06T13:57:38,-22.752,-112.293,10.0,5.2
2020-08-06T15:34:44,33.752,136.778,376.3,5.2
2020-08-06T22:18:09,-15.839,-74.837,45.0,5.3
2020-08-06T23:36:44,-41.679,42.449,10.0,6.3
2020-08-07T03:00:39,-3.864,126.206,10.0,5.3
2020-08-07T04:39:41,-22.612,173.21,44.0,5.0
2020-08-07T06:15:37,36.55,6.271,10.0,5.0
2020-08-08T00:35:07,43.243,87.671,10.0,5.3
2020-08-08T10:17:49,-9.656,119.087,10.0,5.1
2020-08-08T10:24:04,-9.526,118.952,10.0,5.1
2020-08-08T10:45:49,-9.777,118.992,10.0,5.3
2020-08-08T12:52:57,54.771,-158.188,27.5,5.4
2020-08-08T14:42:54,54.714,-161.106,38.6,5.5
2020-08-08T16:32:31,-9.638,118.985,10.0,5.0
2020-08-09T04:52:51,-9.679,118.917,10.0,5.0
2020-08-09T09:16:19,34.226,45.592,10.0,5.0
2020-08-09T12:07:37,36.474,-81.086,4.1,5.1
2020-08-09T12:42:13,0.93,-27.726,10.0,5.5
2020-08-09T14:57:54,55.049,-157.935,22.1,5.1
2020-08-09T16:30:32,-41.696,42.62,10.0,5.3
2020-08-09T23:42:33,-53.017,11.58,10.0,5.7
2020-08-10T01:39:13,-23.478,-115.186,10.0,5.0
2020-08-10T14:13:27,16.864,-85.854,10.0,5.7
2020-08-10T23:25:14,-3.901,-12.364,10.0,5.0
2020-08-11T10:53:37,-28.093,-176.47,10.0,5.1
2020-08-11T21:35:50,-47.016,-12.699,10.0,5.2
2020-08-11T23:42:42,-23.914,-175.574,10.0,5.0
2020-08-12T07:39:42,-55.368,-35.972,10.0,5.0
2020-08-12T10:26:20,1.394,126.403,34.6,5.1
2020-08-12T17:13:16,-7.333,39.813,17.6,6.0
2020-08-12T17:30:01,48.801,154.827,42.7,5.0
2020-08-12T22:32:38,19.888,121.28,10.0,5.5
2020-08-12T22:40:45,28.044,65.958,14.0,5.6
2020-08-13T06:40:00,53.43,-163.713,28.0,5.7
2020-08-13T14:54:54,-7.355,39.812,10.0,5.1
2020-08-14T09:11:42,-24.322,-175.813,10.0,5.0
2020-08-14T09:30:50,17.988,-105.84,10.0,5.3
2020-08-14T13:21:35,-10.443,124.369,10.0,5.1
2020-08-14T20:34:35,-15.713,-72.114,10.0,5.0
2020-08-15T04:45:06,-6.013,152.657,10.0,5.0
2020-08-15T06:40:37,-22.758,-112.316,10.0,5.8
2020-08-15T07:12:11,-9.355,114.064,54.5,5.0
2020-08-15T10:48:41,-22.754,-112.492,10.0,5.0
2020-08-15T22:29:20,-22.738,-112.294,10.0,5.1
2020-08-16T01:44:40,-59.634,-26.452,85.1,5.0
2020-08-16T02:53:06,20.345,122.203,13.6,5.0
2020-08-16T03:18:50,-19.241,-70.294,60.4,5.1
2020-08-16T06:26:30,1.685,122.981,422.7,5.2
2020-08-16T07:22:30,6.46,123.476,582.6,5.2
2020-08-16T20:05:50,51.214,-171.088,18.0,5.8
2020-08-17T07:27:02,36.898,23.77,95.3,5.0
2020-08-17T09:52:12,-18.076,-178.366,583.5,5.1
2020-08-17T09:52:35,15.283,-45.698,10.0,5.2
2020-08-17T11:45:38,-17.542,-12.976,10.0,5.4
2020-08-17T12:54:45,-9.365,152.41,10.0,5.4
2020-08-17T15:30:33,31.537,-115.661,16.2,5.1
2020-08-17T18:30:12,-52.54,26.61,10.0,5.0
2020-08-18T00:03:48,12.026,124.127,10.0,6.6
2020-08-18T04:40:32,-36.363,52.274,10.0,5.8
2020-08-18T18:28:33,55.02,-157.939,14.3,5.1
2020-08-18T22:23:59,-4.322,101.135,22.0,6.8
2020-08-18T22:29:24,-4.207,101.241,26.0,6.9
2020-08-18T22:39:08,-4.456,100.963,15.2,5.0
2020-08-19T19:45:58,54.885,-160.319,36.4,5.1
2020-08-19T19:45:59,54.943,-160.314,43.9,5.1
2020-08-20T01:16:24,5.248,-78.524,10.0,5.3
2020-08-20T03:00:51,-3.446,149.452,20.0,5.1
2020-08-20T16:35:10,54.215,-162.776,52.9,5.0
2020-08-21T04:09:51,-6.71,123.465,624.0,6.9
2020-08-22T00:39:35,-4.081,100.994,21.0,5.5
2020-08-22T08:38:01,-7.185,-12.972,10.0,5.8
2020-08-22T10:21:29,-7.135,-12.97,10.0,5.5
2020-08-22T10:31:22,31.051,141.722,10.0,5.2
2020-08-22T11:58:48,-49.9,-115.626,10.0,5.6
2020-08-23T16:46:47,-4.791,152.675,47.4,5.4
2020-08-23T17:38:01,-9.651,108.188,10.0,5.2
2020-08-24T00:45:18,-28.505,-177.114,41.7,5.4
2020-08-24T07:03:49,-11.181,34.598,10.0,5.0
2020-08-24T10:24:32,-4.027,101.005,10.0,5.0
2020-08-24T14:13:13,-3.747,29.258,10.0,5.0
2020-08-24T17:14:55,-15.29,-174.088,10.0,5.6
2020-08-24T21:51:09,9.578,-84.638,20.0,6.0
2020-08-24T22:49:57,-21.766,-175.44,20.0,5.3
2020-08-25T05:18:11,-4.033,-80.815,28.0,5.5
2020-08-25T07:15:21,12.719,58.203,10.0,5.2
2020-08-25T19:02:58,-5.558,151.864,23.0,6.0
2020-08-25T19:04:41,-5.571,151.804,10.0,5.5
2020-08-25T19:07:18,-5.579,152.057,10.0,5.0
2020-08-25T19:08:52,-5.545,151.836,22.0,6.2
2020-08-25T20:02:55,-5.562,151.968,35.2,5.1
2020-08-25T23:27:58,-6.651,104.654,35.0,5.0
2020-08-27T05:00:19,-5.545,151.769,35.0,5.0
2020-08-27T12:07:15,23.164,93.326,10.0,5.3
2020-08-27T16:32:50,-52.798,140.605,10.0,5.2
2020-08-27T21:39:41,-22.776,-112.222,10.0,5.3
2020-08-28T02:24:18,-54.767,1.476,10.0,5.9
2020-08-28T15:47:05,-36.897,177.186,10.0,5.6
2020-08-29T07:46:07,-14.635,-177.758,10.0,5.2
2020-08-29T12:45:19,-36.857,177.126,10.0,5.0
2020-08-30T10:31:53,-62.347,-58.294,4.6,5.4
2020-08-30T13:26:47,-36.824,177.295,10.0,5.1
2020-08-30T21:20:29,0.782,-29.866,10.0,6.5
2020-08-31T03:36:52,27.839,53.146,10.0,5.2
2020-08-31T17:24:04,-4.016,70.197,10.0,6.1
2020-08-31T20:28:08,-54.971,-130.19,10.0,5.8
2020-08-31T21:18:02,-35.438,-15.614,10.0,5.9
2020-09-01T00:51:17,58.72,158.984,10.0,5.6
2020-09-01T04:09:28,-27.969,-71.306,21.0,6.8
2020-09-01T04:20:46,-27.951,-71.154,22.9,5.1
2020-09-01T04:30:02,-28.032,-71.266,16.2,6.3
2020-09-01T04:36:36,-27.968,-71.201,28.0,5.1
2020-09-01T05:29:39,-27.98,-71.284,19.2,5.4
2020-09-01T07:01:25,-27.996,-71.381,18.1,5.8
2020-09-01T10:31:52,-27.869,-71.392,22.0,5.7
2020-09-01T10:56:19,-62.397,-58.205,10.0,5.3
2020-09-01T17:13:22,-27.878,-71.39,16.2,5.0
2020-09-01T21:09:17,-27.916,-71.37,16.0,6.5
2020-09-01T23:17:11,-56.28,-143.94,10.0,5.3
2020-09-02T00:21:12,-56.097,-27.68,120.5,5.1
2020-09-02T10:35:44,43.135,145.795,55.7,5.0
2020-09-02T17:05:02,-32.317,-179.42,18.9,5.1
2020-09-02T21:09:23,6.108,-79.915,10.0,5.3
2020-09-03T02:34:02,-14.587,167.964,10.0,5.0
2020-09-03T16:02:55,-4.477,102.589,54.0,5.3
2020-09-03T21:45:09,37.128,142.564,35.0,5.3
2020-09-03T23:29:40,-62.392,-58.137,10.0,5.0
2020-09-04T03:23:37,-52.472,13.47,10.0,5.0
2020-09-04T05:00:30,-6.334,129.194,234.9,5.2
2020-09-04T10:39:51,-32.574,-178.386,10.0,5.2
2020-09-04T17:45:21,8.358,-82.972,13.2,5.6
2020-09-04T17:46:43,8.354,-82.814,10.0,5.3
2020-09-06T00:21:10,1.669,126.562,30.0,5.9
2020-09-06T01:16:58,-30.339,-71.491,30.0,6.3
2020-09-06T02:59:16,-17.156,167.532,10.0,6.2
2020-09-06T04:20:50,-17.171,167.657,10.0,5.1
2020-09-06T04:39:20,-17.122,167.781,10.0,5.4
2020-09-06T06:38:35,47.772,-27.52,10.0,5.0
2020-09-06T06:51:18,7.683,-37.154,10.0,6.7
2020-09-06T14:55:19,-20.704,-173.571,10.0,5.5
2020-09-06T15:23:43,6.269,125.828,120.0,6.3
2020-09-06T15:57:05,-5.559,152.65,10.0,5.2
2020-09-06T20:51:41,-3.586,140.388,61.3,5.0
2020-09-06T21:33:49,36.658,141.567,31.2,5.1
2020-09-06T21:34:26,36.98,55.11,10.0,5.3
2020-09-07T00:01:58,-52.383,-55.265,10.0,5.0
2020-09-07T04:41:25,-17.089,167.78,10.0,5.0
2020-09-07T06:12:39,-17.11,168.503,10.0,6.2
2020-09-07T06:29:14,-17.162,168.508,10.0,5.7
2020-09-07T17:40:44,-24.512,-111.989,10.0,5.6
2020-09-08T00:45:20,-4.871,129.755,172.0,5.9
2020-09-08T02:58:14,27.044,127.883,57.7,5.0
2020-09-08T04:37:02,-1.14,98.498,10.0,5.0
2020-09-08T08:28:53,-15.174,-172.98,25.0,5.4
2020-09-09T03:41:14,4.177,126.684,10.0,5.4
2020-09-09T07:18:40,4.177,126.645,17.0,5.7
2020-09-09T10:57:09,-6.242,154.442,30.9,5.4
2020-09-09T22:55:55,-14.779,-175.924,310.6,5.2
2020-09-11T07:35:57,-21.397,-69.91,51.0,6.2
2020-09-11T22:13:55,42.494,141.545,131.6,5.0
2020-09-11T23:46:04,-15.564,-12.776,10.0,5.0
2020-09-11T23:54:12,-15.562,-13.228,10.0,5.0
2020-09-12T02:37:29,-17.88,-178.005,559.7,5.6
2020-09-12T02:44:11,38.748,142.245,34.0,6.1
2020-09-12T02:50:43,38.681,142.342,38.8,5.0
2020-09-12T06:47:22,-14.836,167.392,133.8,5.1
2020-09-12T08:34:27,-17.256,167.679,10.0,5.9
2020-09-12T20:26:19,-7.303,128.433,138.9,5.2
2020-09-13T10:28:19,-6.062,147.023,58.0,5.2
2020-09-13T11:47:24,-32.836,-178.631,35.0,5.0
2020-09-13T13:42:26,48.932,142.087,10.0,5.0
2020-09-13T18:28:52,4.245,96.684,121.5,5.0
2020-09-14T08:07:10,10.527,145.85,10.0,5.0
2020-09-15T03:41:28,55.973,158.378,344.0,6.4
2020-09-15T04:12:16,-15.108,179.872,10.0,5.9
2020-09-15T15:38:29,-6.808,150.425,10.0,5.0
2020-09-15T23:34:03,27.846,85.876,10.0,5.3
2020-09-16T08:44:28,-22.306,171.586,102.0,5.7
2020-09-17T01:13:59,15.263,-92.436,95.6,5.2
2020-09-17T03:00:18,7.783,-37.093,10.0,5.7
2020-09-17T03:27:36,-6.224,154.873,71.8,5.0
2020-09-17T10:32:25,-6.76,129.366,185.0,5.5
2020-09-17T17:01:31,-16.518,-177.259,10.0,5.5
2020-09-18T16:28:17,35.037,25.303,44.0,5.9
2020-09-18T17:47:49,38.011,73.692,36.3,5.1
2020-09-18T18:43:28,2.396,126.8,31.9,5.2
2020-09-18T20:59:48,-5.631,146.979,134.5,5.2
2020-09-18T21:43:59,0.93,-26.853,10.0,6.9
2020-09-19T11:11:52,-62.444,-58.363,10.0,5.3
2020-09-19T21:09:31,-37.524,77.887,10.0,5.8
2020-09-19T23:22:47,-11.562,165.178,10.0,5.0
2020-09-20T01:59:05,22.986,93.768,53.6,5.1
2020-09-20T09:42:16,2.586,-95.235,10.0,5.5
2020-09-20T13:28:27,6.665,125.552,180.5,5.0
2020-09-20T16:55:04,-6.602,153.841,10.0,5.0
2020-09-20T19:08:07,38.018,34.042,10.0,5.1
2020-09-20T22:13:15,9.264,126.686,9.0,5.6
2020-09-20T22:21:49,9.408,126.943,10.0,5.3
2020-09-21T12:27:56,-4.086,-104.225,10.0,5.5
2020-09-21T13:37:15,-4.043,-104.379,10.0,5.8
2020-09-21T18:04:57,51.857,103.48,10.0,5.5
2020-09-22T00:20:35,12.8,143.869,10.0,5.0
2020-09-22T01:19:04,-6.84,129.37,174.4,5.0
2020-09-22T23:44:13,-62.316,-58.181,10.0,5.2
2020-09-22T23:53:46,-62.325,-58.388,10.0,5.2
2020-09-24T00:27:49,-0.236,-18.807,10.0,5.8
2020-09-24T02:25:58,9.377,126.672,12.9,5.2
2020-09-24T02:27:33,9.345,126.403,20.8,5.0
2020-09-24T23:01:30,27.157,-111.407,10.0,5.3
2020-09-25T03:54:51,-60.133,-26.244,10.0,5.0
2020-09-25T10:57:13,34.249,78.206,10.0,5.3
2020-09-26T05:46:55,38.198,56.051,10.0,5.2
2020-09-26T17:10:22,-48.025,31.74,10.0,6.1
2020-09-26T22:50:25,39.985,24.335,10.4,5.4
2020-09-27T00:35:24,-57.198,-147.72,10.0,5.5
2020-09-27T04:12:17,51.89,-169.683,17.0,5.5
2020-09-27T09:40:56,14.203,-90.791,109.8,5.3
2020-09-27T17:27:42,34.145,78.152,10.0,5.0
2020-09-28T02:44:20,51.953,-169.608,15.5,5.2
2020-09-28T08:46:40,-60.376,-28.708,10.0,5.1
2020-09-29T00:17:37,-33.547,-178.214,10.0,5.0
2020-09-29T01:03:53,13.429,145.88,10.0,5.1
2020-09-29T19:01:18,-15.149,-174.055,10.0,5.1
2020-09-30T04:37:20,24.883,122.075,106.0,5.0
2020-09-30T19:35:23,-17.019,167.763,10.0,5.3
2020-09-30T22:10:47,9.227,126.704,10.0,5.1
2020-10-01T01:13:36,-19.538,-174.122,28.0,6.4
2020-10-01T10:25:07,51.667,-174.917,40.2,5.3
2020-10-01T10:34:45,-5.996,148.666,74.0,6.1
2020-10-01T11:05:38,36.738,26.749,154.4,5.0
2020-10-01T18:15:36,-6.361,130.738,102.0,5.0
2020-10-02T10:17:33,-62.362,-58.261,10.0,5.7
2020-10-02T13:16:26,-17.115,167.602,10.1,5.1
2020-10-02T23:31:16,18.725,145.916,110.0,5.2
2020-10-03T09:31:31,33.477,140.941,28.8,5.8
2020-10-03T12:26:27,29.89,130.734,34.2,5.1
2020-10-03T13:22:47,69.292,-29.894,10.0,5.3
2020-10-03T16:30:06,-7.174,150.074,19.0,5.4
2020-10-04T03:35:23,-12.472,166.536,93.5,5.1
2020-10-04T09:17:28,49.069,155.228,48.4,5.1
2020-10-04T18:16:53,13.608,120.753,121.0,5.6
2020-10-05T03:07:47,-9.612,119.349,60.5,5.0
2020-10-05T07:12:01,-21.888,169.885,10.0,5.2
2020-10-05T08:48:09,-54.248,-133.201,10.0,5.2
2020-10-05T13:03:34,-15.611,167.805,121.0,5.0
2020-10-05T19:01:27,-62.248,-58.246,10.0,5.1
2020-10-05T19:04:00,19.865,145.356,132.8,5.3
2020-10-05T23:43:20,34.179,79.214,10.0,5.0
2020-10-06T04:24:57,32.869,-39.841,10.0,5.4
2020-10-06T05:54:50,54.851,-159.851,31.0,5.9
2020-10-06T10:11:46,-17.996,-178.472,633.0,5.9
2020-10-06T13:56:42,-62.347,-58.211,10.0,5.4
2020-10-07T18:24:34,18.174,-64.178,10.0,5.3
2020-10-08T07:35:32,-6.094,146.174,106.0,6.3
2020-10-08T10:42:21,71.629,-11.31,10.0,5.3
2020-10-08T14:22:39,52.772,-168.28,32.0,5.7
2020-10-08T15:25:05,-11.155,163.271,15.5,5.0
2020-10-08T15:48:26,-58.937,-25.582,77.2,5.2
2020-10-08T15:58:50,-5.904,150.842,30.0,5.8
2020-10-08T18:24:52,52.652,152.647,523.6,5.0
2020-10-08T23:14:34,-6.181,146.326,96.1,5.1
2020-10-09T02:57:20,-6.043,122.584,10.0,5.4
2020-10-09T08:55:51,-27.898,-66.405,163.0,5.0
2020-10-09T21:22:25,-17.204,167.439,27.0,5.4
2020-10-10T03:40:45,-35.252,53.93,10.0,5.0
2020-10-10T13:14:57,-28.589,-112.354,10.0,5.9
2020-10-10T17:38:00,24.666,93.5,53.0,5.5
2020-10-10T20:58:37,-62.329,-58.18,10.0,5.0
2020-10-11T14:41:21,-28.566,-112.066,10.0,5.6
2020-10-12T00:28:31,29.469,139.342,411.4,5.1
2020-10-12T00:30:39,35.586,26.244,10.0,5.1
2020-10-12T04:11:27,35.644,26.247,10.0,5.2
2020-10-12T04:13:53,14.832,-93.642,18.0,5.6
2020-10-12T04:14:27,14.548,-93.545,10.0,5.5
2020-10-12T04:17:33,14.673,-93.751,10.0,5.0
2020-10-12T06:06:55,14.572,-91.742,100.9,5.1
2020-10-12T21:02:56,-16.478,-70.933,129.4,5.0
2020-10-13T09:29:52,13.974,56.936,10.0,5.4
2020-10-14T15:28:38,-10.162,66.296,10.0,5.0
2020-10-15T07:00:18,-31.27,-177.726,10.0,5.1
2020-10-15T09:41:16,-3.191,100.385,19.0,5.2
2020-10-16T00:08:23,8.114,-37.97,10.0,5.1
2020-10-16T20:06:27,13.678,120.261,62.3,5.4
2020-10-17T00:36:01,-3.322,100.272,10.0,5.1
2020-10-17T04:48:05,45.371,150.023,60.4,5.2
2020-10-17T10:49:20,-54.581,-133.03,10.0,5.5
2020-10-17T17:55:00,-3.257,100.304,23.4,5.2
2020-10-17T17:56:23,-3.273,100.404,10.0,5.2
2020-10-18T00:05:11,-62.347,-58.399,10.0,5.2
2020-10-18T06:58:28,-3.918,-81.816,8.0,5.5
2020-10-18T09:42:31,-16.623,-177.278,10.0,5.1
2020-10-18T22:48:50,-3.402,100.273,10.0,5.1
2020-10-19T07:31:30,-3.368,100.271,20.0,5.6
2020-10-19T07:47:21,-3.385,100.36,17.0,5.5
2020-10-19T09:38:52,2.887,96.317,35.0,5.1
2020-10-19T09:42:53,-3.335,100.318,19.3,5.1
2020-10-19T14:11:57,-7.152,126.62,370.5,5.2
2020-10-19T20:54:38,54.602,-159.626,28.4,7.6
2020-10-19T21:05:57,54.439,-159.614,22.7,5.7
2020-10-19T21:06:20,54.507,-159.729,26.2,5.7
2020-10-19T21:14:14,54.342,-159.569,16.8,5.0
2020-10-19T21:22:28,54.354,-159.854,22.6,5.2
2020-10-19T21:32:21,54.389,-159.824,26.6,5.5
2020-10-19T21:34:38,54.456,-159.62,27.1,5.1
2020-10-19T21:45:23,54.154,-159.562,30.6,5.9
2020-10-19T21:45:25,54.337,-159.842,20.8,5.9
2020-10-20T04:07:06,54.274,-159.64,12.8,5.6
2020-10-20T12:32:12,54.362,-159.774,22.0,5.1
2020-10-20T13:20:02,17.962,146.249,99.6,5.2
2020-10-20T13:43:17,64.013,-22.151,10.0,5.6
2020-10-20T18:57:50,-19.372,-173.988,10.0,5.0
2020-10-21T00:22:34,-19.332,-172.333,10.0,5.9
2020-10-21T01:17:53,54.276,-159.628,18.9,5.1
2020-10-21T02:00:26,-62.315,-58.314,12.4,5.2
2020-10-21T04:04:47,31.918,104.228,10.0,5.2
2020-10-21T04:21:07,-56.168,-143.565,10.0,5.4
2020-10-21T09:13:06,-25.523,-70.932,20.0,5.7
2020-10-21T23:00:54,37.318,20.513,9.8,5.2
2020-10-22T03:03:37,31.946,104.235,10.0,5.3
2020-10-22T08:24:07,-20.826,-176.621,244.0,5.8
2020-10-22T23:06:32,52.708,-35.003,10.0,5.0
2020-10-23T00:33:35,19.994,-45.845,10.0,5.4
2020-10-23T01:46:17,-36.38,-97.109,10.0,5.9
2020-10-23T02:19:07,19.956,-45.793,10.0,5.0
2020-10-23T07:04:30,-25.634,-179.962,454.0,6.1
2020-10-23T16:06:12,-62.161,-57.909,10.0,5.0
2020-10-23T16:29:55,-27.587,-67.297,123.4,5.0
2020-10-23T19:00:45,-14.988,167.12,108.5,5.2
2020-10-24T10:40:19,-62.392,-58.318,10.0,5.0
2020-10-24T11:34:17,35.746,48.936,10.0,5.0
2020-10-25T00:56:45,-7.993,107.982,43.0,5.4
2020-10-25T11:04:47,-10.265,161.53,83.7,5.1
2020-10-25T11:47:37,-15.363,-173.424,39.0,5.9
2020-10-25T12:47:58,14.765,-92.589,67.2,5.1
2020-10-25T21:17:14,-20.003,-70.964,10.0,5.3
2020-10-25T23:43:11,-56.701,-141.649,10.0,5.5
2020-10-26T02:58:50,-6.397,154.27,10.0,5.0
2020-10-26T08:26:36,0.537,121.545,99.8,5.1
2020-10-26T21:34:51,32.145,56.027,10.0,5.0
2020-10-27T19:43:52,-2.232,119.079,22.0,5.4
2020-10-28T04:13:42,53.202,-173.416,239.7,5.5
2020-10-28T04:52:32,-34.889,-71.693,57.6,5.5
2020-10-28T09:02:33,-14.936,-75.713,22.0,5.6
2020-10-28T09:08:59,-0.215,124.46,47.5,5.3
2020-10-28T12:02:45,-62.9,-157.837,10.0,5.3
2020-10-28T12:25:21,-63.554,-156.507,10.0,5.4
2020-10-28T14:12:56,-14.455,167.415,180.0,5.8
2020-10-28T14:53:11,-29.319,-71.24,50.0,5.8
2020-10-28T15:12:11,-23.813,69.26,10.0,5.0
2020-10-28T22:00:23,-62.322,-58.183,10.0,5.4
2020-10-28T22:08:08,-29.763,-111.641,10.0,5.4
2020-10-29T07:02:46,-62.243,-58.213,10.0,5.1
2020-10-29T07:40:52,-62.463,-58.325,10.0,5.0
2020-10-29T18:45:26,-18.225,-174.633,78.7,5.0
2020-10-30T02:34:21,-20.841,-178.549,574.7,5.3
2020-10-30T04:36:28,54.505,-159.686,24.8,5.1
2020-10-30T08:38:41,10.631,-43.529,10.0,5.9
2020-10-30T10:14:59,-25.846,179.337,518.6,5.2
2020-10-30T11:10:10,-8.82,161.041,20.0,5.5
2020-10-30T11:51:27,37.897,26.784,21.0,7.0
2020-10-30T15:14:55,37.832,26.822,10.0,5.3
2020-10-30T18:01:43,-5.604,142.206,23.3,5.1
2020-10-30T18:24:41,-10.17,-75.171,36.0,5.5
2020-10-30T22:56:47,71.543,-3.29,10.0,5.6
2020-10-30T23:46:45,71.467,-3.307,10.0,5.3
2020-10-31T07:41:40,-62.338,-58.231,10.0,5.2
2020-10-31T10:15:26,-22.123,-179.18,549.5,5.1
2020-10-31T21:04:03,-55.734,-27.109,19.7,5.1
2020-11-01T03:43:20,-7.072,129.241,182.0,5.7
2020-11-01T05:01:09,10.013,-84.062,72.1,5.1
2020-11-02T18:01:58,-3.426,131.128,12.2,5.3
2020-11-03T02:40:54,-44.411,-79.375,10.0,6.0
2020-11-03T08:18:56,-19.989,-177.464,388.0,5.7
2020-11-04T01:35:29,-55.799,-26.9,17.1,5.1
2020-11-04T12:28:42,-35.58,-104.002,10.0,5.3
2020-11-04T18:27:48,10.061,126.008,55.9,5.0
2020-11-04T22:21:49,-7.306,106.157,40.0,5.2
2020-11-05T12:56:31,54.136,-159.766,16.7,5.1
2020-11-05T21:57:02,-6.593,146.971,19.2,5.1
2020-11-06T08:56:38,40.99,143.255,12.0,5.5
2020-11-06T09:17:04,40.915,143.237,10.0,5.0
2020-11-06T17:16:54,40.926,143.362,21.0,5.2
2020-11-06T23:49:19,-62.234,-58.192,12.3,5.9
2020-11-07T01:10:32,25.71,143.605,16.0,5.8
2020-11-07T09:27:05,-15.246,-173.528,34.0,6.2
2020-11-07T12:23:12,61.52,-149.914,41.5,5.1
2020-11-07T21:30:44,32.349,141.698,9.3,5.2
2020-11-08T00:39:03,-11.597,165.016,11.6,5.3
2020-11-08T06:31:14,0.994,-28.247,10.0,5.3
2020-11-09T16:45:33,-3.787,153.345,217.0,5.4
2020-11-10T01:51:49,12.198,140.304,10.0,5.2
2020-11-10T14:40:37,38.926,70.614,35.0,5.0
2020-11-11T00:48:44,-19.718,-177.561,417.0,6.0
2020-11-11T03:54:14,41.675,20.795,10.0,5.0
2020-11-11T05:17:56,25.471,142.75,10.0,5.7
2020-11-11T21:33:27,21.647,121.844,10.0,5.0
2020-11-12T07:18:25,10.216,126.05,47.7,5.3
2020-11-12T19:19:48,4.113,122.724,573.6,5.1
2020-11-13T04:35:44,-49.588,117.358,10.0,5.2
2020-11-13T09:12:43,-53.162,160.049,10.0,5.7
2020-11-13T09:13:51,38.169,-117.853,4.8,5.3
2020-11-13T18:33:07,5.791,95.562,10.0,5.1
2020-11-13T19:04:13,22.383,-107.798,11.8,5.3
2020-11-14T02:56:55,30.366,67.435,12.0,5.5
2020-11-14T06:42:33,-19.583,168.859,40.0,5.4
2020-11-14T08:50:26,23.609,94.619,103.7,5.0
2020-11-14T10:39:15,-27.732,74.106,10.0,5.2
2020-11-15T06:35:14,11.83,124.243,20.9,5.0
2020-11-15T12:33:15,-24.124,-67.528,141.3,5.3
2020-11-15T22:37:43,8.757,126.291,43.0,6.0
2020-11-16T13:42:16,-10.923,164.396,10.0,5.1
2020-11-16T15:08:12,27.608,129.934,10.0,5.1
2020-11-16T22:45:22,-6.962,155.737,33.0,5.5
2020-11-17T01:44:11,-2.671,99.323,19.0,6.0
2020-11-17T22:22:07,-15.021,167.868,10.0,5.1
2020-11-18T01:00:45,32.184,137.895,366.3,5.1
2020-11-18T04:41:55,-1.812,100.427,15.6,5.2
2020-11-19T14:50:40,-23.366,-179.738,532.5,5.0
2020-11-20T03:19:15,-53.94,140.672,10.0,5.7
2020-11-20T16:41:38,-2.769,128.76,10.0,5.0
2020-11-20T20:03:46,-11.504,167.3,10.0,5.1
2020-11-20T23:16:37,-21.385,169.037,10.0,5.3
2020-11-21T02:11:48,-30.918,-71.451,51.0,5.5
2020-11-22T00:54:56,-34.598,-73.06,22.0,6.1
2020-11-22T03:53:08,36.644,6.862,10.0,5.1
2020-11-22T05:18:37,-16.749,174.464,10.0,5.5
2020-11-22T10:05:53,36.589,141.11,33.0,5.5
2020-11-22T11:27:26,-2.655,127.496,10.0,5.3
2020-11-24T00:00:27,13.766,145.645,85.1,5.2
2020-11-24T14:07:35,-22.176,-176.184,64.8,5.2
2020-11-24T16:51:57,25.517,142.688,10.0,5.0
2020-11-24T22:02:58,-8.976,67.582,10.0,5.5
2020-11-24T22:18:50,-16.832,174.373,10.0,5.0
2020-11-25T15:20:34,1.897,127.429,108.9,5.0
2020-11-25T22:37:42,-41.124,-90.399,10.0,5.7
2020-11-25T22:56:04,-61.913,154.918,10.0,5.9
2020-11-26T03:47:45,-4.642,144.919,35.0,5.4
2020-11-26T04:41:35,-20.037,169.139,77.6,5.1
2020-11-26T04:42:36,-4.616,144.825,54.0,5.1
2020-11-26T17:03:46,-39.457,46.208,10.0,5.2
2020-11-27T18:45:10,49.997,156.371,52.3,5.3
2020-11-27T21:00:55,-22.457,-12.724,10.0,5.1
2020-11-28T04:05:04,-55.527,-29.842,10.0,5.0
2020-11-28T13:09:47,-55.574,-124.937,10.0,5.3
2020-11-28T20:15:24,-17.427,66.123,10.0,5.4
2020-11-29T09:01:35,-14.761,167.245,108.6,5.6
2020-11-29T14:48:27,-5.009,102.93,55.2,5.2
2020-11-29T16:40:43,-23.259,-65.028,8.0,5.8
2020-11-29T16:52:18,-31.246,58.674,10.0,5.0
2020-11-29T21:45:22,-31.854,179.198,462.3,5.4
2020-11-29T23:56:54,-17.679,-174.773,10.0,5.6
2020-11-30T00:37:04,-17.531,-174.643,10.0,5.0
2020-11-30T04:59:09,52.745,-168.26,34.0,5.5
2020-11-30T17:14:12,3.067,96.135,27.9,5.0
2020-11-30T19:14:14,-2.863,147.726,10.0,5.4
2020-11-30T22:54:34,48.252,140.797,589.0,6.4
2020-11-30T22:55:03,-24.322,-67.005,189.0,6.3
2020-12-01T16:22:39,52.755,-168.24,23.0,6.4
2020-12-01T16:35:48,53.686,-150.583,10.0,5.7
2020-12-01T17:39:11,-59.874,-26.455,73.9,5.1
2020-12-01T20:52:57,-61.95,154.734,10.0,6.0
2020-12-01T23:32:56,38.164,-118.084,5.0,5.1
2020-12-02T09:40:22,-15.235,-173.182,10.0,5.2
2020-12-02T17:00:35,-24.215,-69.32,66.4,5.2
2020-12-02T19:40:23,-6.189,-107.385,10.0,5.5
2020-12-02T20:36:23,-3.442,123.266,13.4,5.2
2020-12-03T02:37:26,-31.925,-67.141,127.7,5.2
2020-12-03T05:45:19,37.946,41.697,10.0,5.0
2020-12-03T06:15:47,-57.042,-140.886,10.0,5.0
2020-12-03T17:07:32,-22.732,170.684,10.0,5.4
2020-12-03T19:48:39,3.288,98.214,128.2,5.0
2020-12-04T02:19:58,11.561,-87.123,10.0,5.0
2020-12-04T04:06:17,-23.862,-66.547,193.4,5.1
2020-12-04T05:48:23,-31.322,-68.945,105.4,5.0
2020-12-04T20:30:11,-40.229,77.922,10.0,5.1
2020-12-05T06:43:20,-18.872,-172.821,10.0,5.4
2020-12-05T06:48:38,-62.331,-58.272,6.8,5.1
2020-12-05T12:44:40,36.072,31.881,84.5,5.3
2020-12-06T03:44:14,-54.491,-130.672,10.0,5.1
2020-12-06T04:50:10,-54.688,-130.65,10.0,5.0
2020-12-06T06:41:26,-18.941,-172.971,10.0,5.2
2020-12-06T16:47:42,-20.395,-69.061,105.0,6.1
2020-12-07T05:25:45,-21.029,-179.111,613.3,5.4
2020-12-07T14:37:24,12.977,124.511,68.9,5.4
2020-12-07T22:30:01,-8.27,159.269,59.5,5.1
2020-12-08T00:47:24,22.52,144.738,20.0,5.5
2020-12-08T03:21:59,4.755,-77.414,35.0,5.1
2020-12-08T05:14:35,22.209,94.388,90.8,5.1
2020-12-08T07:07:20,-32.062,-71.508,44.3,5.0
2020-12-08T17:56:42,16.007,-95.227,28.9,5.4
2020-12-08T23:33:31,-28.22,-176.139,10.0,5.4
2020-12-09T06:47:05,53.11,170.544,14.4,5.2
2020-12-09T21:44:33,52.42,106.721,17.0,5.4
2020-12-09T23:02:38,-56.461,-25.276,10.0,5.0
2020-12-10T11:41:21,-22.15,-179.505,577.7,5.2
2020-12-10T13:19:58,24.782,122.024,71.0,6.1
2020-12-10T15:04:49,1.58,126.246,26.3,5.0
2020-12-10T20:42:08,-32.879,-179.851,96.0,5.9
2020-12-10T20:48:57,-17.563,-174.87,10.0,5.9
2020-12-11T09:48:40,24.299,125.278,19.5,5.1
2020-12-11T15:30:00,-32.911,-179.047,43.4,5.1
2020-12-12T02:24:10,5.755,-77.86,10.0,5.0
2020-12-12T07:18:54,40.121,142.055,44.0,5.5
2020-12-12T15:55:22,-9.0,123.494,95.1,5.3
2020-12-12T17:48:02,-3.792,151.851,10.0,5.1
2020-12-13T06:55:34,-40.285,78.139,10.0,5.1
2020-12-13T07:25:34,-24.037,176.589,10.0,5.3
2020-12-13T14:29:40,-16.641,-173.211,10.0,5.1
2020-12-13T22:05:58,-4.194,153.119,10.0,5.2
2020-12-14T01:57:10,-23.937,179.89,525.5,5.6
2020-12-14T15:20:49,-21.806,-68.708,114.0,6.0
2020-12-14T19:35:58,72.235,0.742,10.0,5.8
2020-12-14T19:59:20,-17.602,-172.738,10.0,5.0
2020-12-15T22:43:05,-15.635,167.778,120.0,5.1
2020-12-15T23:21:57,5.179,125.421,14.0,6.1
2020-12-16T01:28:07,42.712,144.176,50.1,5.0
2020-12-16T05:49:23,53.523,-160.064,10.5,5.3
2020-12-16T10:30:54,5.217,125.276,26.1,5.0
2020-12-16T16:08:25,-6.358,143.158,7.5,5.2
2020-12-16T17:48:44,-16.576,-71.443,90.4,5.6
2020-12-16T19:13:19,51.255,-178.135,41.8,5.0
2020-12-17T08:30:51,0.279,125.002,53.3,5.1
2020-12-18T10:16:50,-6.289,147.422,41.5,5.2
2020-12-18T20:49:15,-32.644,-178.838,35.7,5.1
2020-12-19T00:10:42,54.646,-159.78,32.7,5.0
2020-12-19T15:47:02,-44.656,-80.818,10.0,5.2
2020-12-20T17:23:22,40.867,142.581,35.0,6.3
2020-12-20T20:43:50,-19.218,167.511,10.0,5.3
2020-12-21T17:08:55,-16.399,-177.462,10.0,5.7
2020-12-21T20:07:56,-29.458,-177.136,21.5,5.0
2020-12-22T01:47:39,-58.82,149.182,10.0,5.4
2020-12-22T13:37:53,10.082,126.099,55.0,5.0
2020-12-23T00:45:07,8.358,-103.227,10.0,5.7
2020-12-23T00:51:21,8.317,-103.152,10.0,5.7
2020-12-23T18:11:47,6.254,133.636,11.0,6.1
2020-12-23T22:19:53,-4.437,101.076,10.0,5.2
2020-12-24T01:24:13,-0.152,124.442,31.5,5.2
2020-12-24T04:19:14,-55.923,-26.126,10.0,5.0
2020-12-24T20:04:11,-32.051,-178.102,10.0,5.1
2020-12-24T21:16:41,-9.473,157.845,10.0,5.3
2020-12-24T23:43:41,13.82,120.654,109.0,6.3
2020-12-25T02:00:33,5.052,125.907,100.6,5.1
2020-12-25T10:04:34,13.296,122.33,10.0,5.4
2020-12-25T11:40:12,-9.195,119.756,41.0,5.0
2020-12-25T20:47:46,-18.939,167.428,10.0,5.0
2020-12-26T07:49:29,-10.838,166.327,146.9,5.1
2020-12-27T02:32:08,-4.614,153.234,59.1,5.4
2020-12-27T06:37:32,38.456,39.23,9.0,5.5
2020-12-27T07:11:10,-16.023,-74.308,39.0,5.7
2020-12-27T13:55:20,-19.079,-69.416,110.8,5.1
2020-12-27T21:39:14,-39.34,-74.985,10.0,6.7
2020-12-27T21:46:59,-39.845,-75.226,10.0,5.0
2020-12-28T04:30:25,-47.576,99.979,10.0,5.1
2020-12-28T04:32:20,-47.507,99.954,10.0,5.7
2020-12-28T04:46:17,4.572,126.842,96.3,5.0
2020-12-28T05:46:46,14.227,56.78,10.0,5.4
2020-12-28T07:31:11,-0.192,124.506,51.8,5.1
2020-12-28T20:03:26,-11.376,166.36,51.8,5.0
2020-12-28T23:34:07,-6.548,154.908,35.0,5.0
2020-12-29T06:13:37,-6.495,154.691,10.0,5.1
2020-12-29T06:19:04,-6.455,154.659,10.0,5.0
2020-12-29T06:23:29,-6.398,154.652,23.6,5.4
2020-12-29T07:10:29,43.389,-126.995,10.0,5.7
2020-12-29T11:19:54,45.424,16.257,10.0,6.4
2020-12-29T16:21:48,5.261,125.295,35.0,5.3
2020-12-29T23:34:57,-0.76,-21.1,10.0,5.7
2020-12-30T00:35:27,36.486,140.61,43.5,5.0
2020-12-30T05:33:43,34.741,72.947,10.0,5.0
2020-12-31T10:18:54,-8.744,122.283,130.1,5.1
2020-12-31T19:50:17,-0.805,146.841,10.0,5.2
2021-01-01T00:40:35,-52.291,-4.762,10.0,5.3
2021-01-01T01:20:09,-31.319,-177.934,10.0,5.0
2021-01-02T01:05:51,42.098,48.014,10.0,5.1
2021-01-02T08:34:21,-5.83,153.092,33.7,5.1
2021-01-02T09:23:36,-52.997,20.942,10.0,5.0
2021-01-02T20:35:57,4.332,138.021,15.1,5.2
2021-01-02T23:21:18,-62.371,-58.309,10.0,5.2
2021-01-03T03:21:42,-52.176,-4.908,10.0,5.1
2021-01-03T03:27:17,-52.148,-4.991,10.0,5.1
2021-01-03T04:57:49,-19.056,-172.847,10.0,5.1
2021-01-03T05:25:20,1.006,-28.181,10.0,5.2
2021-01-03T12:38:48,51.22,-179.793,21.0,6.1
2021-01-03T19:13:57,-2.757,122.24,10.0,5.0
2021-01-04T02:58:29,29.429,104.028,10.0,5.0
2021-01-04T12:16:14,-57.074,-26.821,139.7,5.0
2021-01-05T11:56:18,-10.427,123.821,10.0,5.1
2021-01-06T06:20:35,-28.636,-177.271,38.5,6.2
2021-01-06T16:52:16,-7.058,155.792,44.0,5.8
2021-01-06T17:28:35,-4.337,102.688,58.0,5.5
2021-01-06T20:59:34,0.066,122.949,148.0,6.1
2021-01-06T21:47:45,-17.781,-178.694,537.3,5.0
2021-01-07T01:27:31,6.382,94.242,78.4,5.0
2021-01-07T07:26:48,-42.766,-82.698,10.0,5.2
2021-01-08T00:28:50,-29.43,-178.744,224.0,6.3
2021-01-08T03:48:57,42.058,81.181,10.0,5.0
2021-01-08T05:01:04,-20.737,169.882,113.0,6.1
2021-01-08T09:48:44,-55.634,-28.642,51.8,5.2
2021-01-08T11:41:58,-30.558,-179.616,337.2,5.0
2021-01-08T16:49:58,-7.222,120.189,605.8,5.2
2021-01-08T18:36:41,-17.681,-172.503,10.0,5.0
2021-01-09T01:39:38,-16.15,168.012,182.0,5.5
2021-01-09T03:38:16,-45.97,95.817,12.0,5.0
2021-01-09T08:23:01,-17.934,-178.518,578.9,5.2
2021-01-09T12:28:13,-7.086,129.487,120.7,5.2
2021-01-09T23:01:12,-10.803,162.496,10.0,5.3
2021-01-10T03:54:14,-24.041,-66.573,217.0,6.1
2021-01-10T06:48:20,-16.035,167.883,160.0,6.1
2021-01-10T11:49:42,-5.15,153.458,53.2,5.0
2021-01-10T15:44:48,-35.417,-105.867,10.0,5.6
2021-01-11T01:20:38,-7.253,120.432,613.2,5.6
2021-01-11T01:57:27,1.028,119.989,9.8,5.2
2021-01-11T04:45:42,-63.18,170.743,10.0,5.3
2021-01-11T07:19:03,53.676,-163.953,35.0,5.1
2021-01-11T12:47:01,38.882,-29.369,10.0,5.4
2021-01-11T14:02:03,33.304,75.587,10.0,5.1
2021-01-11T19:44:36,-58.05,-9.843,10.0,5.5
2021-01-11T21:32:59,51.281,100.438,10.0,6.7
2021-01-11T21:41:04,51.487,100.516,10.0,5.4
2021-01-11T21:44:04,51.408,100.493,10.0,5.3
2021-01-11T21:53:00,51.414,100.43,10.0,5.1
2021-01-11T22:02:56,51.18,100.311,10.0,5.0
2021-01-11T23:02:23,51.438,100.31,10.0,5.0
2021-01-12T02:39:43,43.7,139.986,214.0,5.9
2021-01-12T07:22:50,22.886,143.89,39.4,5.0
2021-01-12T10:06:36,-63.16,171.579,10.0,5.4
2021-01-12T10:11:50,4.185,125.431,10.0,5.3
2021-01-12T13:38:13,19.022,120.313,10.0,5.0
2021-01-12T18:17:36,-3.06,136.888,31.0,5.9
2021-01-12T22:09:57,38.413,22.065,10.0,5.2
2021-01-13T17:33:05,1.583,128.2,22.8,5.1
2021-01-13T21:43:02,-24.565,-13.396,10.0,5.0
2021-01-14T06:35:50,-2.981,118.894,18.0,5.7
2021-01-14T06:38:37,-3.017,118.95,10.0,5.2
2021-01-14T18:28:18,-2.972,118.89,18.0,6.2
2021-01-15T07:36:25,-34.645,-14.71,10.0,5.0
2021-01-15T07:52:23,-37.258,-17.31,10.0,5.0
2021-01-15T10:45:21,-37.122,-17.255,10.0,5.6
2021-01-15T13:19:11,-37.073,-17.012,10.0,5.5
2021-01-15T13:38:19,33.867,137.213,359.7,5.2
2021-01-15T15:52:48,-3.575,149.629,10.0,5.3
2021-01-15T16:10:52,13.947,-92.151,21.0,5.8
2021-01-15T18:38:00,-37.118,-17.258,10.0,5.0
2021-01-15T20:18:19,-7.006,155.897,10.0,5.1
2021-01-15T21:31:04,26.942,55.197,8.0,5.5
2021-01-15T23:00:02,1.514,125.964,95.6,5.0
2021-01-16T01:44:04,-9.901,160.081,10.0,5.0
2021-01-16T03:53:36,-31.039,-71.382,58.8,5.1
2021-01-16T05:18:04,4.936,-82.582,10.0,5.2
2021-01-16T06:36:32,-19.968,-173.246,3.4,5.1
2021-01-16T06:37:31,-5.721,148.857,130.2,5.1
2021-01-16T09:26:43,-6.398,103.887,38.6,5.2
2021-01-16T20:02:46,36.449,70.698,204.0,5.5
2021-01-16T23:10:58,22.539,121.435,14.6,5.1
2021-01-17T03:38:55,-15.49,168.14,10.0,5.0
2021-01-17T08:31:53,54.044,161.961,10.0,5.1
2021-01-17T18:40:44,-56.363,-27.18,106.2,5.2
2021-01-18T07:17:16,-14.59,167.414,161.6,5.3
2021-01-18T14:56:46,-6.265,142.902,10.0,5.1
2021-01-18T17:40:21,-33.528,-179.15,24.8,5.3
2021-01-19T02:46:22,-31.833,-68.799,20.8,6.4
2021-01-19T03:37:44,-31.788,-68.794,10.0,5.3
2021-01-19T05:01:03,-7.349,125.28,428.1,5.4
2021-01-19T20:18:18,-13.348,166.812,40.8,5.1
2021-01-20T16:00:41,49.71,147.708,587.4,5.6
2021-01-20T22:27:43,-14.944,-75.558,13.2,5.1
2021-01-20T22:59:11,-15.013,-75.523,5.3,5.5
2021-01-20T23:09:16,-14.936,-75.548,10.0,5.3
2021-01-21T12:23:04,4.993,127.514,80.0,7.0
2021-01-21T14:27:06,35.049,33.716,62.9,5.0
2021-01-22T01:31:31,47.506,-27.487,10.0,5.0
2021-01-22T16:23:40,-33.156,-179.365,34.0,5.6
2021-01-23T03:19:51,-6.299,147.641,27.0,5.8
2021-01-23T05:39:18,42.322,142.62,108.2,5.0
2021-01-23T08:34:31,-6.303,147.668,38.6,5.2
2021-01-23T11:47:34,-24.38,-179.468,430.7,5.5
2021-01-23T12:06:33,-57.564,-25.997,72.6,5.0
2021-01-23T16:58:50,-6.271,147.68,35.1,5.4
2021-01-23T23:36:51,-61.81,-55.503,15.0,6.9
2021-01-23T23:48:39,-61.697,-55.294,10.0,5.4
2021-01-24T00:03:17,-61.847,-55.455,10.0,5.0
2021-01-24T00:07:45,-33.353,-70.148,109.5,5.7
2021-01-24T05:47:53,-51.19,161.965,10.0,5.8
2021-01-24T05:49:38,-51.156,162.08,10.0,5.3
2021-01-24T06:36:34,-17.36,-177.141,363.8,5.0
2021-01-24T09:29:45,-14.613,166.913,17.9,5.1
2021-01-24T12:14:45,-61.767,-55.358,10.0,5.5
2021-01-24T13:03:29,-4.44,102.533,55.0,5.1
2021-01-24T14:26:45,8.99,126.504,64.3,5.2
2021-01-24T15:11:13,-52.925,10.068,10.0,5.2
2021-01-24T18:42:04,-1.928,133.528,10.0,5.1
2021-01-24T19:01:22,37.115,71.62,117.3,5.0
2021-01-24T19:12:34,-38.15,176.437,10.0,5.1
2021-01-24T21:16:22,54.425,-162.169,39.4,5.0
2021-01-24T23:21:41,18.252,-64.071,94.0,5.4
2021-01-25T07:25:35,23.472,123.573,10.0,5.2
2021-01-25T07:53:22,-4.572,152.204,98.5,5.2
2021-01-25T20:42:07,-15.742,-178.679,10.0,5.1
2021-01-25T21:26:10,-5.548,151.875,46.9,5.1
2021-01-26T04:17:55,-6.964,155.784,75.2,5.3
2021-01-26T05:08:48,-11.27,165.264,10.0,5.0
2021-01-27T04:08:27,-61.896,-55.386,10.0,5.0
2021-01-27T04:19:56,0.008,123.47,137.2,5.0
2021-01-27T05:06:53,42.712,141.961,115.6,5.2
2021-01-28T06:03:22,-6.356,154.103,10.0,5.0
2021-01-29T05:12:23,13.498,120.506,43.3,5.0
2021-01-29T05:52:29,-8.501,159.109,128.8,5.0
2021-01-29T12:41:38,8.204,-82.95,8.0,5.7
2021-01-29T13:14:44,8.234,-82.967,10.0,5.5
2021-01-29T14:10:39,-61.739,-55.306,10.0,5.4
2021-01-29T19:47:55,-13.967,121.864,10.0,5.7
2021-01-30T04:19:23,-62.099,-56.39,10.0,5.0
2021-01-30T05:17:24,-3.09,129.359,9.3,5.3
2021-01-30T08:35:16,54.165,169.239,19.2,5.3
2021-01-30T13:24:59,-19.959,-70.354,58.5,5.2
2021-01-30T15:36:50,-62.238,-57.618,10.0,5.0
2021-01-30T17:00:58,0.531,125.528,57.1,5.0
2021-01-31T05:11:02,21.759,145.495,10.0,5.0
2021-01-31T09:44:41,-5.531,133.761,10.0,5.3
2021-01-31T19:05:14,2.668,-59.588,5.2,5.5
2021-02-01T05:19:59,-59.15,-25.948,71.8,5.1
2021-02-01T08:35:18,39.022,26.078,10.0,5.2
2021-02-01T11:48:48,-55.118,-128.813,10.0,5.1
2021-02-01T11:51:01,-55.563,-129.264,10.0,5.2
2021-02-02T02:31:13,28.822,87.362,8.7,5.0
2021-02-02T14:37:39,4.012,126.493,45.6,5.2
2021-02-02T20:49:27,-16.282,177.95,10.0,5.8
2021-02-02T23:58:34,-22.737,171.904,9.0,5.8
2021-02-03T00:00:06,-22.921,171.676,10.0,5.2
2021-02-03T00:05:33,-22.815,171.851,10.0,5.4
2021-02-03T00:42:20,-22.751,171.798,10.0,5.6
2021-02-03T00:49:45,-22.95,171.788,10.0,5.0
2021-02-03T00:51:36,-22.783,171.831,10.0,5.3
2021-02-03T01:44:33,-22.873,171.778,10.0,5.0
2021-02-03T05:23:43,-36.28,-97.8,10.0,6.7
2021-02-03T09:55:06,10.415,-12.971,10.0,5.0
2021-02-03T11:11:15,-20.331,-173.814,10.0,5.1
2021-02-03T16:35:52,-61.735,-55.16,10.0,5.0
2021-02-03T16:49:11,-6.214,147.434,36.9,5.3
2021-02-04T05:06:23,28.746,87.378,10.0,5.1
2021-02-04T07:48:10,14.632,118.794,10.0,5.2
2021-02-04T08:14:02,21.561,121.933,10.0,5.4
2021-02-04T12:14:26,-22.605,171.962,11.0,5.7
2021-02-04T19:27:37,44.392,147.677,82.5,5.0
2021-02-04T22:00:43,14.545,122.976,10.0,5.1
2021-02-04T23:48:56,-20.178,170.114,40.7,5.0
2021-02-05T15:36:11,40.502,45.349,12.8,5.2
2021-02-05T15:41:34,-22.765,171.704,10.0,5.3
2021-02-05T20:34:46,-0.213,124.449,61.7,5.2
2021-02-06T04:40:31,-23.286,-175.597,10.0,5.2
2021-02-06T17:36:02,24.696,122.628,110.2,5.4
2021-02-07T01:56:52,-20.754,-177.444,369.4,5.0
2021-02-07T02:58:20,-22.849,171.975,10.0,5.0
2021-02-07T04:04:40,-54.551,-136.098,10.0,5.0
2021-02-07T04:22:56,6.769,125.101,16.0,6.0
2021-02-07T05:45:51,-3.323,146.144,10.0,6.3
2021-02-08T00:00:40,5.688,127.106,35.2,5.7
2021-02-08T06:40:08,-34.363,-179.74,37.1,5.0
2021-02-08T08:06:19,-30.277,-179.379,343.5,5.5
2021-02-08T12:34:21,-5.382,145.921,71.5,5.0
2021-02-08T14:23:59,42.312,145.016,28.0,5.0
2021-02-08T16:56:31,24.39,122.389,64.0,5.1
2021-02-08T16:58:03,24.406,122.065,29.8,5.2
2021-02-08T20:08:09,-18.981,-172.656,10.0,5.1
2021-02-08T21:10:59,-16.407,-71.916,100.1,5.0
2021-02-08T23:24:39,11.96,120.777,10.0,5.0
2021-02-09T01:40:57,-5.438,-77.327,20.7,5.1
2021-02-09T02:55:47,-5.204,151.76,53.0,5.6
2021-02-09T03:39:28,30.052,131.021,35.0,5.0
2021-02-09T07:07:57,31.306,140.705,64.5,5.3
2021-02-09T07:24:46,-6.406,129.883,159.5,5.2
2021-02-09T22:29:48,-50.113,119.735,10.0,5.0
2021-02-09T22:35:02,-42.258,88.43,10.0,5.0
2021-02-10T08:22:32,-13.591,-111.553,10.0,5.6
2021-02-10T08:47:37,13.01,-88.73,86.9,5.0
2021-02-10T10:03:12,4.905,127.382,108.6,5.1
2021-02-10T10:15:34,-5.609,101.685,10.0,5.2
2021-02-10T10:21:32,-5.639,101.682,10.0,5.0
2021-02-10T12:24:21,-22.833,171.656,11.0,6.1
2021-02-10T12:32:11,-22.532,171.475,11.0,5.6
2021-02-10T12:52:27,-5.686,101.65,10.0,6.3
2021-02-10T13:01:59,-22.742,171.643,10.0,6.1
2021-02-10T13:19:55,-23.051,171.657,10.0,7.7
2021-02-10T13:24:48,-23.058,171.286,10.0,5.4
2021-02-10T13:26:46,-22.945,171.595,10.0,5.3
2021-02-10T13:32:29,-22.782,171.348,10.0,5.3
2021-02-10T13:34:36,-22.588,172.019,10.0,5.2
2021-02-10T13:38:35,-22.608,171.941,10.0,5.1
2021-02-10T13:43:16,-22.628,172.082,10.0,5.1
2021-02-10T13:57:18,-22.68,171.616,10.0,5.0
2021-02-10T13:58:03,-22.374,171.061,10.0,5.0
2021-02-10T14:18:19,-22.713,171.79,10.0,5.6
2021-02-10T14:30:24,-22.86,172.016,10.0,5.0
2021-02-10T14:37:21,-22.691,171.528,10.0,5.3
2021-02-10T14:49:54,-23.051,171.067,10.0,5.1
2021-02-10T14:59:36,-22.684,172.106,10.0,5.0
2021-02-10T16:35:22,-22.811,171.173,11.7,6.1
2021-02-10T16:47:08,-22.832,170.988,10.0,5.2
2021-02-10T16:53:54,-22.808,171.588,10.0,5.2
2021-02-10T17:00:50,-22.739,171.261,10.0,5.0
2021-02-10T17:24:35,-23.306,171.526,10.0,5.2
2021-02-10T17:25:50,-22.76,171.665,10.0,5.6
2021-02-10T18:36:41,-22.717,171.213,14.0,6.1
2021-02-10T19:00:14,-23.577,171.67,10.0,5.1
2021-02-10T19:13:58,-23.208,171.892,10.0,5.1
2021-02-10T19:56:15,-22.704,171.294,10.0,5.2
2021-02-10T20:18:29,-31.753,-71.281,51.1,5.1
2021-02-10T20:41:39,-23.248,171.825,10.0,5.1
2021-02-10T20:45:14,-22.636,171.098,10.0,5.8
2021-02-10T21:17:50,-23.161,171.357,10.0,5.2
2021-02-10T21:24:00,-23.191,171.583,12.0,6.3
2021-02-10T21:26:19,-22.646,171.192,10.0,5.4
2021-02-10T21:29:28,-23.536,171.752,10.0,5.0
2021-02-10T21:36:04,-23.354,171.715,10.0,5.3
2021-02-10T21:38:25,-23.29,171.573,10.0,5.1
2021-02-10T21:40:34,-23.23,171.58,10.0,5.6
2021-02-10T21:50:00,-23.252,171.609,10.0,5.2
2021-02-10T21:57:12,-22.792,171.188,10.0,5.2
2021-02-10T22:00:25,-23.142,171.51,10.0,5.1
2021-02-10T22:03:44,-23.307,171.581,10.0,5.2
2021-02-10T22:38:02,-22.591,171.163,10.0,5.1
2021-02-10T22:54:19,-23.16,171.655,10.0,5.3
2021-02-10T23:26:27,-23.084,171.892,10.0,5.3
2021-02-10T23:32:46,-22.877,171.696,10.0,5.3
2021-02-10T23:43:21,-23.208,171.679,10.0,5.0
2021-02-10T23:45:15,-23.183,171.689,10.0,5.8
2021-02-10T23:49:09,-22.969,171.258,10.0,5.3
2021-02-11T00:14:47,-23.224,171.729,9.8,5.9
2021-02-11T00:24:50,-23.286,171.595,10.0,5.1
2021-02-11T00:42:50,-23.396,171.67,10.0,5.0
2021-02-11T01:02:03,-23.183,171.7,10.0,5.4
2021-02-11T01:24:39,-22.61,171.656,10.0,5.4
2021-02-11T01:59:30,-22.511,171.668,10.0,5.0
2021-02-11T02:24:19,-23.147,171.757,10.0,5.2
2021-02-11T02:56:28,-23.361,171.732,10.0,5.2
2021-02-11T03:30:42,-34.768,54.522,10.0,5.0
2021-02-11T04:06:57,-23.383,171.769,10.0,5.1
2021-02-11T04:09:44,-23.176,171.648,10.0,5.2
2021-02-11T04:15:18,-22.788,170.916,18.0,5.8
2021-02-11T06:52:28,-23.336,171.812,10.6,6.0
2021-02-11T07:18:41,-23.269,171.975,15.0,5.7
2021-02-11T07:23:06,-22.875,171.815,10.0,5.3
2021-02-11T07:24:04,-23.076,171.726,10.0,5.5
2021-02-11T07:56:04,-23.352,171.761,10.0,5.1
2021-02-11T08:22:10,-22.895,171.243,10.0,5.8
2021-02-11T08:39:13,-23.294,171.677,10.0,5.7
2021-02-11T09:27:53,-23.479,171.782,10.0,5.0
2021-02-11T09:39:52,-23.171,171.906,10.0,5.0
2021-02-11T11:19:26,-23.082,172.099,10.0,5.1
2021-02-11T12:16:38,-23.256,171.916,10.0,5.0
2021-02-11T14:55:10,-22.851,171.627,10.0,5.1
2021-02-11T16:52:32,-22.753,171.645,10.0,5.1
2021-02-11T17:21:09,-23.246,171.513,10.0,5.1
2021-02-11T18:04:56,-23.4,171.761,10.0,5.2
2021-02-11T19:02:38,-23.47,171.886,10.0,5.0
2021-02-11T19:20:39,-22.536,171.511,10.0,5.1
2021-02-11T20:05:53,-22.612,171.203,10.0,5.2
2021-02-11T21:29:40,-22.952,171.346,10.0,5.0
2021-02-11T22:02:35,-22.734,171.601,10.0,5.1
2021-02-11T23:38:19,-22.662,171.638,10.0,5.0
2021-02-12T03:47:44,-22.577,171.113,10.0,5.2
2021-02-12T04:05:59,-23.266,171.532,10.0,5.3
2021-02-12T07:49:34,-23.27,171.263,10.0,5.2
2021-02-12T08:33:53,-23.362,171.113,10.0,5.0
2021-02-12T10:04:03,-22.587,171.745,10.0,5.0
2021-02-12T10:06:01,-23.205,171.541,8.0,5.9
2021-02-12T10:07:43,-21.529,170.386,99.6,5.0
2021-02-12T10:34:12,-23.39,171.756,10.0,5.3
2021-02-12T11:05:38,-23.282,171.624,10.0,5.3
2021-02-12T14:54:23,-23.231,171.787,10.0,5.3
2021-02-12T17:01:35,38.136,73.545,98.0,5.9
2021-02-12T20:55:16,-23.171,171.768,10.0,5.2
2021-02-13T04:02:00,11.824,143.689,10.0,5.1
2021-02-13T04:18:26,-6.33,103.608,35.0,5.0
2021-02-13T04:30:57,-6.26,103.671,35.0,5.2
2021-02-13T05:18:32,-4.152,-80.255,69.1,5.3
2021-02-13T13:06:48,-11.57,166.574,55.2,5.0
2021-02-13T13:08:55,57.146,-155.039,49.7,5.3
2021-02-13T14:07:49,37.726,141.775,44.0,7.1
2021-02-13T14:51:41,37.693,141.762,45.1,5.4
2021-02-13T15:33:57,-7.215,149.355,35.0,5.6
2021-02-13T18:25:27,39.086,142.572,40.3,5.2
2021-02-13T18:49:41,-20.486,-70.596,26.1,5.0
2021-02-13T21:48:48,-23.11,171.788,10.0,5.0
2021-02-14T07:31:49,37.487,141.532,43.7,5.1
2021-02-14T08:09:24,-22.681,171.152,10.0,5.3
2021-02-14T08:44:59,-22.737,171.213,10.0,5.0
2021-02-14T09:44:50,1.243,120.283,49.3,5.1
2021-02-14T12:16:48,-23.422,171.564,10.0,5.0
2021-02-14T14:51:56,22.68,145.755,10.0,5.1
2021-02-14T15:01:42,-23.262,171.73,10.0,5.7
2021-02-14T15:07:38,-23.371,171.671,10.0,5.0
2021-02-14T16:06:28,-23.284,171.323,10.0,5.1
2021-02-14T19:43:00,-17.64,167.856,58.9,5.3
2021-02-14T19:46:53,1.042,-85.21,21.3,5.4
2021-02-15T04:57:13,1.073,98.836,68.9,5.0
2021-02-15T10:06:54,-22.935,172.159,10.0,5.0
2021-02-15T10:32:42,-8.735,-80.986,10.0,5.0
2021-02-15T10:34:14,-17.665,167.673,10.0,5.0
2021-02-15T12:26:03,37.486,141.584,35.4,5.3
2021-02-15T12:26:17,37.548,141.334,30.2,5.4
2021-02-15T14:06:44,-22.676,172.083,10.0,5.0
2021-02-15T20:04:48,-17.662,167.54,10.0,5.2
2021-02-15T21:21:04,-23.257,171.332,10.0,5.2
2021-02-15T21:26:50,-23.228,171.559,10.0,5.0
2021-02-16T00:49:25,-17.829,167.541,13.0,6.2
2021-02-16T00:56:09,-17.828,167.594,10.0,5.2
2021-02-16T01:22:19,-17.642,167.707,10.1,5.5
2021-02-16T01:32:00,-17.813,167.641,14.2,5.9
2021-02-16T03:37:11,-17.972,167.578,10.0,5.3
2021-02-16T04:44:18,-17.967,167.733,10.0,5.0
2021-02-16T06:42:01,-13.385,166.86,54.5,5.0
2021-02-16T08:07:23,-15.681,167.812,103.0,5.1
2021-02-16T08:42:11,-6.066,112.098,591.7,5.1
2021-02-16T15:54:08,-18.936,-173.581,10.0,5.3
2021-02-16T16:12:17,-17.64,167.425,9.1,5.0
2021-02-16T19:09:40,-2.903,139.214,46.0,5.3
2021-02-17T03:36:07,38.406,22.019,5.3,5.5
2021-02-17T03:58:32,-17.585,167.556,10.0,5.0
2021-02-17T04:57:34,1.148,-84.951,38.0,5.1
2021-02-17T05:00:36,-6.127,147.21,77.3,5.1
2021-02-17T09:30:34,-17.513,167.779,10.0,5.3
2021-02-17T09:36:17,-20.197,169.024,34.2,5.2
2021-02-17T10:51:09,-23.268,171.947,10.0,5.0
2021-02-17T11:31:59,-17.562,167.89,10.0,5.2
2021-02-17T11:45:16,-17.601,167.992,10.0,5.1
2021-02-17T12:21:42,-17.472,167.668,10.0,5.5
2021-02-17T12:59:36,-23.031,172.597,10.0,5.2
2021-02-17T18:35:35,30.839,51.365,7.0,5.4
2021-02-17T18:38:48,22.226,121.361,15.6,5.1
2021-02-17T22:49:38,-23.184,171.779,12.0,6.1
2021-02-18T00:37:02,-22.953,172.398,10.0,5.1
2021-02-18T06:37:30,-18.952,168.068,14.0,6.2
2021-02-18T10:51:30,-3.954,-78.805,99.9,5.2
2021-02-18T15:30:47,-14.837,-176.757,3.7,6.1
2021-02-18T16:04:42,-19.083,-173.22,10.0,5.3
2021-02-18T17:50:57,-4.316,144.231,141.0,5.1
2021-02-18T19:31:31,-9.186,-108.408,10.0,5.8
2021-02-18T20:14:50,-54.404,144.095,10.0,5.4
2021-02-18T20:18:42,-54.741,143.935,10.0,5.4
2021-02-19T03:10:30,-14.625,-176.981,10.0,5.0
2021-02-19T06:34:08,-0.136,-18.327,10.0,5.1
2021-02-19T08:31:19,-23.308,171.403,10.0,5.1
2021-02-19T09:11:21,50.945,-179.254,19.0,5.6
2021-02-19T09:20:01,-17.674,167.64,10.0,5.3
2021-02-19T16:16:27,40.727,142.715,32.3,5.0
2021-02-20T02:44:05,-17.472,167.784,4.2,5.5
2021-02-20T17:25:20,-17.485,167.84,10.0,5.1
2021-02-20T19:49:45,-9.158,-74.812,10.0,5.0
2021-02-20T20:19:54,-4.662,153.313,59.4,5.1
2021-02-20T21:15:53,43.669,-127.92,10.0,5.1
2021-02-21T01:37:07,52.318,97.381,10.0,5.1
2021-02-21T05:01:09,-2.1,68.209,10.0,5.0
2021-02-21T22:54:34,-23.242,171.476,10.0,5.2
2021-02-22T03:00:25,2.339,127.26,80.7,5.1
2021-02-22T04:44:59,-8.811,123.45,106.1,5.0
2021-02-22T05:17:32,-22.946,173.023,8.0,5.4
2021-02-22T08:29:59,-23.105,172.866,10.0,5.1
2021-02-22T13:24:14,-15.048,-173.139,10.0,5.0
2021-02-22T13:44:39,25.472,142.782,10.0,5.0
2021-02-22T15:21:21,14.414,-93.135,16.2,5.2
2021-02-22T19:22:11,1.358,121.91,25.0,5.8
2021-02-22T23:49:23,-31.369,-178.495,53.0,5.1
2021-02-23T04:07:28,-47.359,165.747,32.0,5.1
2021-02-23T05:19:31,-55.81,-28.715,54.1,5.2
2021-02-23T22:06:43,-14.791,167.513,128.8,5.0
2021-02-23T22:25:54,3.055,127.036,65.4,5.1
2021-02-24T10:05:59,63.949,-22.285,10.0,5.6
2021-02-24T14:54:48,-23.245,172.037,10.0,5.1
2021-02-24T19:19:49,-15.099,-173.238,10.0,5.0
2021-02-24T23:37:25,13.811,144.784,134.8,5.1
2021-02-25T02:55:30,15.99,119.59,10.0,5.0
2021-02-25T03:54:29,-53.57,-134.185,10.0,5.1
2021-02-25T05:41:05,-53.895,-134.533,10.0,5.4
2021-02-25T08:51:05,-47.45,100.044,10.0,5.5
2021-02-26T07:34:37,8.53,137.885,10.0,5.1
2021-02-26T07:46:09,8.528,137.742,10.0,5.4
2021-02-26T11:02:31,-0.615,127.446,10.0,5.0
2021-02-26T11:21:57,-17.465,167.463,10.0,5.0
2021-02-26T11:58:28,-47.283,100.107,10.0,5.8
2021-02-27T02:13:01,-18.547,-177.939,552.1,5.6
2021-02-27T08:07:46,64.044,-22.146,10.0,5.2
2021-02-27T18:59:25,61.319,-149.933,46.0,5.3
2021-02-27T18:59:25,61.319,-149.933,46.0,5.3
2021-02-27T20:14:17,-24.467,-175.647,10.0,5.2
2021-02-28T02:16:04,-17.581,-72.518,14.0,5.5
2021-02-28T03:31:23,-15.685,-176.014,26.0,5.2
2021-02-28T06:11:33,-15.414,-176.215,26.0,5.1
2021-02-28T10:44:50,51.068,-178.968,22.0,5.4
2021-02-28T13:21:48,-48.151,31.839,10.0,5.0
2021-02-28T14:30:15,30.166,131.1,30.2,5.1
2021-02-28T20:37:37,-22.761,172.54,11.0,5.7
2021-02-28T21:17:52,-22.45,172.232,35.0,5.0
2021-02-28T23:37:15,-17.723,167.496,11.0,5.9
2021-03-01T03:29:48,-13.159,166.657,46.8,5.4
2021-03-01T10:06:26,-17.69,167.617,10.0,5.1
2021-03-01T22:57:40,6.204,-76.254,10.0,5.1
2021-03-02T09:23:02,21.93,121.292,31.6,5.5
2021-03-02T12:42:12,13.004,146.401,10.0,5.1
2021-03-02T18:56:19,-24.309,-175.26,10.0,5.0
2021-03-02T21:22:46,43.984,147.936,30.0,5.8
2021-03-02T22:02:09,-17.838,167.446,10.0,5.1
2021-03-03T08:26:13,-21.097,-178.727,547.6,5.4
2021-03-03T10:16:09,39.755,22.176,8.0,6.3
2021-03-03T10:34:08,39.723,22.211,10.0,5.0
2021-03-03T11:45:46,39.726,22.221,10.0,5.3
2021-03-03T13:09:22,87.375,-72.554,10.0,5.0
2021-03-03T18:24:09,39.723,22.115,14.7,5.1
2021-03-04T07:23:16,-9.115,158.972,514.6,5.0
2021-03-04T13:27:34,-37.479,179.458,10.0,7.3
2021-03-04T13:56:42,-37.554,-179.683,10.0,5.0
2021-03-04T14:10:36,-23.111,171.88,10.0,5.6
2021-03-04T14:37:32,-37.484,-179.384,10.0,5.0
2021-03-04T14:43:06,-37.788,179.602,10.0,5.2
2021-03-04T15:09:25,-37.818,179.768,8.7,5.3
2021-03-04T15:20:22,-37.739,179.83,10.0,5.2
2021-03-04T15:28:16,-37.731,-179.888,10.0,5.0
2021-03-04T16:53:11,-14.433,167.333,173.4,6.1
2021-03-04T17:41:23,-29.677,-177.84,43.0,7.4
2021-03-04T17:51:11,-29.719,-177.605,10.0,5.0
2021-03-04T17:59:10,-29.975,-177.244,10.0,5.3
2021-03-04T18:07:47,-29.668,-177.207,10.0,5.1
2021-03-04T18:38:19,39.786,22.116,10.0,5.8
2021-03-04T19:06:34,-29.728,-177.175,10.0,5.0
2021-03-04T19:13:09,-29.707,-177.178,10.0,5.1
2021-03-04T19:23:51,39.881,21.98,10.0,5.5
2021-03-04T19:25:57,-37.667,179.601,10.0,5.2
2021-03-04T19:28:33,-29.723,-177.279,28.9,8.1
2021-03-04T19:35:52,-29.756,-177.178,10.0,5.6
2021-03-04T19:38:17,-28.036,-176.86,10.0,5.4
2021-03-04T19:40:52,-29.262,-176.886,10.0,5.2
2021-03-04T19:43:45,-28.888,-176.934,10.0,5.4
2021-03-04T19:46:16,-29.561,-177.448,10.0,5.7
2021-03-04T19:50:26,-29.638,-176.806,10.0,5.1
2021-03-04T20:00:14,-29.113,-176.778,10.0,5.0
2021-03-04T20:04:53,-28.733,-177.161,10.0,5.1
2021-03-04T20:20:44,-28.981,-176.787,10.0,5.5
2021-03-04T20:24:14,-30.007,-176.939,10.0,5.1
2021-03-04T20:25:06,-28.387,-176.69,10.0,6.1
2021-03-04T20:27:43,-28.601,-177.283,10.0,5.4
2021-03-04T20:31:06,-29.485,-177.106,10.0,5.2
2021-03-04T21:04:00,-37.74,-179.921,10.0,5.6
2021-03-04T21:04:06,-29.395,-177.125,10.0,5.8
2021-03-04T21:08:03,-37.276,-179.982,10.0,5.0
2021-03-04T21:14:02,-29.027,-176.997,10.0,5.0
2021-03-04T21:15:39,-29.518,-176.638,10.0,5.0
2021-03-04T21:46:01,-28.454,-177.127,10.0,5.1
2021-03-04T22:00:05,-29.188,-177.033,10.0,5.2
2021-03-04T22:05:56,-28.607,-176.712,10.0,5.5
2021-03-04T22:33:45,-30.05,-177.133,10.0,5.8
2021-03-04T22:40:29,-28.532,-176.719,10.0,5.2
2021-03-04T22:41:05,-28.338,-176.634,10.0,5.8
2021-03-04T22:44:38,-28.49,-176.494,10.0,5.4
2021-03-04T22:45:43,-28.66,-176.547,10.0,5.2
2021-03-04T22:55:38,-28.827,-176.525,10.0,5.6
2021-03-04T23:11:17,-29.741,-176.625,10.0,5.4
2021-03-04T23:12:59,-28.517,-176.68,24.0,6.5
2021-03-04T23:34:54,-28.68,-176.475,10.0,5.5
2021-03-04T23:37:09,-29.668,-177.25,10.0,5.6
2021-03-04T23:41:55,-29.203,-177.268,10.0,5.1
2021-03-04T23:52:53,-29.344,-176.98,10.0,5.1
2021-03-05T00:02:57,-27.821,-176.697,10.0,5.0
2021-03-05T00:19:39,-29.178,-177.084,10.0,5.5
2021-03-05T00:28:19,-29.014,-176.548,10.0,5.9
2021-03-05T00:49:18,-29.162,-176.85,10.0,5.2
2021-03-05T00:54:37,-30.183,-177.105,10.0,5.2
2021-03-05T00:58:27,-30.047,-177.376,10.0,5.6
2021-03-05T01:07:34,-29.61,-177.11,10.0,5.0
2021-03-05T01:08:32,-1.335,-14.659,10.0,5.0
2021-03-05T01:42:41,-29.577,-177.005,10.0,5.3
2021-03-05T01:45:15,-28.759,-176.517,10.0,5.3
2021-03-05T01:54:29,-28.92,-176.75,10.0,5.2
2021-03-05T01:59:48,-29.073,-176.775,10.0,5.2
2021-03-05T02:30:36,-28.749,-176.558,17.0,6.3
2021-03-05T02:43:12,-28.298,-176.599,10.0,5.3
2021-03-05T02:47:12,-28.75,-176.473,10.0,5.0
2021-03-05T02:49:50,-28.377,-176.606,10.0,5.4
2021-03-05T02:53:09,-28.298,-176.414,10.0,5.2
2021-03-05T03:18:46,-29.405,-176.66,10.0,5.1
2021-03-05T03:21:38,-28.625,-176.598,10.0,5.6
2021-03-05T03:33:20,-28.761,-176.674,10.0,5.6
2021-03-05T03:41:31,-28.801,-176.598,10.0,5.7
2021-03-05T03:44:08,-28.843,-176.972,10.0,5.2
2021-03-05T03:53:04,-29.61,-176.701,10.0,5.2
2021-03-05T04:01:57,-29.32,-177.014,10.0,5.1
2021-03-05T04:16:25,-28.62,-176.491,10.0,5.3
2021-03-05T04:20:59,-28.374,-178.059,10.0,5.3
2021-03-05T04:32:22,-28.395,-177.909,10.0,5.0
2021-03-05T04:39:10,-28.68,-176.415,10.0,5.1
2021-03-05T05:04:25,-29.532,-176.846,10.0,5.0
2021-03-05T05:36:18,-28.813,-176.464,10.0,5.0
2021-03-05T05:39:12,-54.988,-118.957,10.0,5.0
2021-03-05T06:05:52,-29.327,-176.782,10.0,5.1
2021-03-05T07:19:55,-28.568,-176.542,10.0,5.1
2021-03-05T07:23:18,-30.174,-177.154,10.0,5.4
2021-03-05T07:32:55,-1.757,99.233,25.0,5.6
2021-03-05T08:13:01,-4.005,70.148,10.0,5.1
2021-03-05T08:13:41,-29.502,-176.126,15.0,6.0
2021-03-05T10:00:02,-28.847,-176.807,10.0,5.3
2021-03-05T12:28:52,-28.779,-176.69,20.3,5.2
2021-03-05T13:00:45,-29.529,-177.189,10.0,5.2
2021-03-05T13:59:13,-28.812,-176.402,10.0,5.0
2021-03-05T14:24:52,-28.898,-176.61,14.0,6.2
2021-03-05T15:00:46,-30.185,-177.526,10.0,5.0
2021-03-05T15:42:46,-37.52,179.702,10.0,5.0
2021-03-05T16:20:20,-28.844,-176.79,10.0,5.3
2021-03-05T17:13:45,-28.854,-176.493,10.0,5.0
2021-03-05T17:44:15,-37.682,179.953,10.0,5.1
2021-03-05T18:01:27,-29.0,-176.599,10.0,5.0
2021-03-05T18:57:21,-28.44,-176.606,16.0,5.5
2021-03-05T19:34:53,-30.27,-177.301,10.0,5.5
2021-03-05T19:37:08,-28.372,-177.733,10.0,5.8
2021-03-05T19:40:35,-28.239,-177.734,10.0,5.7
2021-03-05T19:56:12,-37.821,179.975,10.0,5.0
2021-03-05T20:20:43,-29.727,-176.478,10.0,5.3
2021-03-05T20:26:35,-30.148,-177.025,11.0,5.8
2021-03-05T20:45:08,-30.296,-177.267,10.0,5.0
2021-03-05T20:52:41,-29.595,-176.331,10.0,5.1
2021-03-05T21:10:09,-28.992,-178.335,10.0,5.3
2021-03-05T21:33:22,-37.685,179.742,10.0,5.3
2021-03-05T21:47:20,-30.62,-176.837,10.0,5.0
2021-03-05T22:25:01,-28.489,-175.952,10.0,5.1
2021-03-05T22:34:50,-30.088,-177.063,10.0,5.1
2021-03-05T22:37:11,-37.497,179.654,10.0,5.1
2021-03-05T23:17:31,-28.891,-176.89,16.9,5.1
2021-03-05T23:48:28,-29.941,-176.85,10.0,5.0
2021-03-05T23:58:22,-37.215,179.699,10.0,5.1
2021-03-06T00:16:22,-37.576,179.595,13.0,6.3
2021-03-06T00:22:11,-28.556,-176.275,10.0,5.2
2021-03-06T00:25:47,-29.418,-176.177,9.3,5.1
2021-03-06T00:25:59,-29.138,-176.363,10.0,5.0
2021-03-06T00:40:41,-28.427,-178.298,10.0,5.2
2021-03-06T00:52:01,-37.209,179.549,10.0,5.0
2021-03-06T01:07:03,-29.362,-176.815,10.0,5.0
2021-03-06T01:23:51,-28.896,-178.198,10.0,5.0
2021-03-06T02:03:17,-37.3,179.841,10.0,5.1
2021-03-06T03:20:32,-37.156,179.622,10.0,5.1
2021-03-06T03:59:46,-29.935,-176.804,10.4,5.5
2021-03-06T05:58:01,50.861,157.568,62.9,5.1
2021-03-06T06:05:46,-37.598,-179.837,10.0,5.3
2021-03-06T07:02:24,-28.476,-178.011,10.0,5.8
2021-03-06T07:16:19,-28.645,-177.009,10.0,5.6
2021-03-06T07:16:29,-28.626,-177.001,10.0,6.1
2021-03-06T07:17:53,-28.414,-178.165,10.0,5.3
2021-03-06T07:20:29,-28.473,-178.163,10.0,5.5
2021-03-06T07:21:53,-28.44,-177.597,10.0,5.2
2021-03-06T07:30:13,-30.085,-177.168,10.0,5.0
2021-03-06T08:23:57,-29.85,-176.796,10.0,5.1
2021-03-06T09:38:02,-28.389,-177.904,10.0,5.4
2021-03-06T10:34:47,-28.422,-177.766,10.0,6.2
2021-03-06T12:05:23,-28.356,-177.874,15.0,6.2
2021-03-06T12:12:04,-28.907,-176.906,10.0,5.4
2021-03-06T12:21:04,-28.363,-177.789,10.0,5.3
2021-03-06T13:03:46,-28.267,-177.818,10.0,5.4
2021-03-06T13:12:05,-28.29,-177.628,10.0,6.1
2021-03-06T14:41:23,-29.005,-176.868,10.0,5.4
2021-03-06T17:08:53,-1.203,10.216,10.0,5.2
2021-03-06T17:13:13,-30.21,-176.928,9.0,5.7
2021-03-06T17:32:45,-29.447,-175.768,10.0,5.5
2021-03-06T17:32:59,-28.461,-176.312,19.1,5.5
2021-03-06T18:16:11,21.082,144.408,10.0,5.2
2021-03-06T18:18:33,21.097,144.441,10.0,5.5
2021-03-06T18:31:35,28.064,142.676,10.0,5.1
2021-03-06T18:47:13,-22.587,171.86,35.0,5.1
2021-03-06T18:51:12,20.892,144.365,10.0,5.7
2021-03-06T18:52:52,20.875,144.748,10.0,5.0
2021-03-06T19:48:28,-37.86,179.748,10.0,5.1
2021-03-06T20:09:35,-28.432,-177.843,10.0,5.1
2021-03-06T20:28:37,21.022,144.54,10.0,5.0
2021-03-06T20:45:18,-28.481,-177.979,10.0,5.1
2021-03-06T21:42:50,-28.401,-176.308,10.0,5.2
2021-03-06T21:47:39,-28.495,-176.482,10.0,5.1
2021-03-06T23:08:08,-29.18,-176.749,10.0,5.2
2021-03-06T23:30:05,-28.384,-177.777,17.8,5.6
2021-03-06T23:37:14,21.064,144.435,10.0,5.0
2021-03-07T00:25:30,-29.39,-176.805,10.0,5.0
2021-03-07T00:40:11,-37.085,179.954,10.0,5.2
2021-03-07T01:03:08,21.06,144.488,10.0,5.0
2021-03-07T01:22:13,-5.69,130.766,84.1,5.1
2021-03-07T01:54:20,-28.418,-177.772,10.0,5.0
2021-03-07T01:55:10,-28.467,-176.589,8.0,5.5
2021-03-07T02:01:28,64.018,-22.175,10.0,5.3
2021-03-07T02:07:12,-28.336,-176.547,10.0,5.2
2021-03-07T03:26:16,-28.473,-177.149,10.0,5.0
2021-03-07T03:28:18,-28.844,-176.806,36.0,5.1
2021-03-07T04:10:26,-29.222,-176.572,11.0,5.6
2021-03-07T04:36:41,-37.203,179.782,10.0,5.1
2021-03-07T04:54:00,-37.174,179.626,15.4,5.6
2021-03-07T04:56:30,-37.621,179.896,10.0,5.0
2021-03-07T07:04:09,-37.152,-179.958,10.0,5.1
2021-03-07T07:56:19,-32.394,-178.006,11.0,5.6
2021-03-07T08:19:26,-37.419,179.752,10.0,5.2
2021-03-07T08:30:56,-29.505,-176.756,10.0,5.0
2021-03-07T09:35:29,-28.317,-177.812,10.0,5.1
2021-03-07T10:55:25,-29.008,-176.746,10.0,5.1
2021-03-07T11:19:20,-32.424,-178.319,10.0,5.2
2021-03-07T11:24:56,-29.243,-176.665,10.0,5.3
2021-03-07T14:48:11,-28.743,-176.311,10.0,5.4
2021-03-07T15:02:50,-48.493,-10.109,10.0,5.0
2021-03-07T16:40:41,-28.498,-176.442,10.0,5.0
2021-03-07T16:53:13,-28.8,-176.604,10.0,5.0
2021-03-07T18:25:30,-37.449,179.829,10.0,5.0
2021-03-07T18:37:37,-37.794,-179.7,10.0,5.0
2021-03-07T19:28:48,-28.558,-177.007,10.0,5.1
2021-03-07T22:51:40,-37.972,179.535,10.0,5.3
2021-03-07T23:30:42,-29.685,-176.938,10.0,5.2
2021-03-07T23:33:43,-29.476,-177.067,10.0,5.4
2021-03-07T23:56:54,-29.578,-176.892,10.0,5.8
2021-03-08T00:16:32,-32.936,-178.457,10.0,5.0
2021-03-08T00:23:52,-29.586,-176.79,10.0,5.1
2021-03-08T01:49:10,-29.538,-176.328,10.0,5.0
2021-03-08T03:20:22,-28.822,-177.003,10.0,5.1
2021-03-08T05:27:28,-30.423,-176.752,10.0,5.1
2021-03-08T06:08:46,-29.581,-177.034,10.0,5.0
2021-03-08T08:44:31,-29.647,-176.813,10.0,5.2
2021-03-08T12:03:04,-28.22,-177.649,10.0,5.4
2021-03-08T12:48:07,-32.204,-69.906,106.7,5.2
2021-03-08T12:56:34,-4.421,101.008,10.0,5.0
2021-03-08T14:45:09,-29.667,-177.234,10.0,5.0
2021-03-08T14:56:26,-28.553,-176.734,10.0,5.0
2021-03-08T17:04:38,-29.431,-177.536,54.1,5.0
2021-03-08T17:25:13,-28.4,-177.044,10.8,5.0
2021-03-08T19:36:30,-29.567,-177.07,10.0,5.1
2021-03-08T21:21:41,-29.41,-176.693,10.0,5.2
2021-03-08T21:53:46,-29.731,-176.998,10.0,5.1
2021-03-08T23:51:37,-28.866,-176.094,10.0,5.2
2021-03-09T08:24:54,-17.833,167.445,10.0,5.2
2021-03-09T18:48:16,-9.946,148.573,10.0,5.0
2021-03-09T19:16:29,-8.935,-75.885,114.9,5.1
2021-03-09T21:46:20,-9.326,67.116,10.0,5.3
2021-03-09T23:07:55,-0.988,10.375,8.0,5.3
2021-03-10T02:12:25,-32.988,-178.583,10.0,5.1
2021-03-10T03:14:40,64.036,-22.155,10.0,5.1
2021-03-10T16:24:32,-4.563,153.054,58.2,5.1
2021-03-10T20:07:41,-33.188,-178.426,6.1,5.1
2021-03-10T20:12:37,-20.156,-177.616,488.0,5.9
2021-03-10T23:44:47,-33.141,-178.473,10.0,5.2
2021-03-11T02:14:49,-29.509,-176.907,10.0,5.1
2021-03-11T02:26:04,-22.707,171.957,35.0,5.0
2021-03-11T04:27:41,-37.264,179.808,10.0,5.0
2021-03-11T07:24:36,15.609,119.435,10.0,5.0
2021-03-11T09:01:07,-37.59,179.988,10.0,5.1
2021-03-11T12:00:49,-38.006,-179.576,10.0,5.0
2021-03-11T13:08:26,-56.352,-26.633,53.1,5.1
2021-03-11T21:54:36,-24.332,-66.958,141.4,5.2
2021-03-12T00:03:19,-25.156,178.39,541.0,5.8
2021-03-12T01:03:51,-15.957,167.912,162.3,5.3
2021-03-12T01:16:16,-4.698,138.371,12.0,5.5
2021-03-12T01:18:22,-4.707,138.291,10.0,5.2
2021-03-12T02:19:39,-32.226,-178.158,10.0,5.1
2021-03-12T08:54:13,-22.392,174.392,16.0,5.9
2021-03-12T10:29:54,-37.648,179.812,10.0,5.1
2021-03-12T12:57:50,39.893,22.088,7.0,5.6
2021-03-12T14:42:59,-5.764,146.709,53.0,5.1
2021-03-12T20:14:04,4.908,126.419,67.4,5.1
2021-03-13T01:38:45,-50.174,-28.513,10.0,5.1
2021-03-13T05:40:04,54.836,164.536,10.0,5.0
2021-03-13T06:00:09,-34.491,-179.95,56.5,5.0
2021-03-13T07:57:56,11.413,-85.74,162.6,5.0
2021-03-13T11:54:59,-37.745,179.529,10.0,5.4
2021-03-13T14:05:01,-29.86,-177.854,34.0,5.9
2021-03-13T21:21:58,-28.15,-176.633,14.0,5.9
2021-03-13T21:24:31,-28.2,-176.465,10.0,5.4
2021-03-14T00:40:15,-29.814,-177.205,10.0,5.0
2021-03-14T05:00:20,-27.117,-176.401,10.0,5.2
2021-03-14T09:10:27,-17.375,167.504,10.0,5.1
2021-03-14T09:14:12,-17.373,167.554,10.0,5.2
2021-03-14T12:05:13,-59.871,-29.482,10.0,6.0
2021-03-14T12:54:10,28.125,56.819,45.0,5.0
2021-03-14T13:35:32,-59.531,-29.745,10.0,5.5
2021-03-14T14:09:13,-59.303,-31.041,10.0,5.2
2021-03-14T14:15:26,64.039,-22.138,10.0,5.3
2021-03-15T11:41:37,-4.563,152.663,54.0,5.2
2021-03-15T19:28:46,-29.218,-176.827,14.2,5.3
2021-03-15T19:56:17,36.174,139.77,56.4,5.0
2021-03-15T20:44:35,-29.376,-176.754,10.0,5.2
2021-03-15T21:31:59,-29.335,-176.886,10.0,5.1
2021-03-16T03:13:33,-29.648,-176.916,10.0,5.0
2021-03-16T12:48:25,-27.419,-178.112,10.0,5.3
2021-03-16T18:38:21,54.737,163.18,13.2,6.6
2021-03-16T19:08:35,-6.652,129.681,153.6,5.1
2021-03-16T19:22:19,54.999,163.07,10.0,5.0
2021-03-16T19:51:28,54.72,163.025,17.9,5.4
2021-03-17T00:04:58,-1.794,69.148,10.0,5.6
2021-03-17T00:12:49,-40.777,-85.275,10.0,5.7
2021-03-17T00:57:22,-6.352,154.908,61.4,5.1
2021-03-17T08:28:48,37.678,141.613,45.9,5.0
2021-03-17T16:20:49,2.27,128.31,93.6,5.0
2021-03-17T17:37:52,-8.493,134.947,10.0,5.0
2021-03-18T00:04:06,36.921,5.201,8.0,6.0
2021-03-18T00:09:35,54.7,163.508,10.0,5.3
2021-03-18T00:17:05,36.911,5.314,10.0,5.0
2021-03-18T02:21:57,54.874,163.221,10.0,5.1
2021-03-18T02:48:29,54.864,163.388,10.0,5.1
2021-03-18T07:54:25,-4.152,133.925,10.0,5.2
2021-03-18T22:14:43,-9.612,155.581,10.0,5.1
2021-03-18T23:39:41,-9.56,155.584,5.0,5.5
2021-03-19T01:20:07,-9.513,155.567,10.0,5.1
2021-03-19T01:54:26,-9.578,155.491,10.0,5.2
2021-03-19T03:16:32,55.299,160.373,10.0,5.3
2021-03-19T06:11:27,31.925,92.915,8.0,5.7
2021-03-19T16:47:09,-28.148,-176.682,10.0,5.0
2021-03-19T17:57:26,-14.586,166.857,19.9,5.0
2021-03-19T18:09:43,-30.293,-177.11,10.0,5.0
2021-03-19T18:52:43,-35.484,178.673,173.2,5.6
2021-03-20T01:49:17,47.296,-27.279,8.0,5.7
2021-03-20T03:06:30,16.639,-98.84,10.0,5.7
2021-03-20T05:09:36,-24.651,-175.887,20.2,5.6
2021-03-20T05:19:31,-59.618,150.328,10.0,6.0
2021-03-20T09:09:43,38.452,141.648,43.0,7.0
2021-03-20T15:02:30,0.972,126.927,27.1,5.4
2021-03-20T15:26:41,49.07,156.238,10.0,5.2
2021-03-20T15:30:22,34.709,83.472,15.1,5.2
2021-03-20T15:42:38,-23.115,171.686,10.0,5.5
2021-03-20T19:12:10,-50.337,112.699,10.0,5.0
2021-03-20T19:41:01,16.826,145.687,176.2,5.2
2021-03-21T05:02:07,14.065,-92.605,35.0,5.1
2021-03-21T14:17:16,-19.493,-63.988,599.0,5.3
2021-03-21T21:13:12,54.869,163.304,10.0,5.0
2021-03-22T04:37:41,3.916,-71.359,10.0,5.0
2021-03-22T17:23:35,31.966,92.908,10.0,5.0
2021-03-22T17:41:11,-27.595,-178.303,10.0,5.0
2021-03-23T07:39:58,-50.297,112.524,10.0,5.0
2021-03-23T12:40:05,-14.448,166.81,10.0,5.0
2021-03-23T14:08:53,79.552,3.685,10.0,5.4
2021-03-23T21:14:18,41.818,81.162,10.0,5.3
2021-03-25T03:40:36,-28.946,-176.637,10.0,5.1
2021-03-25T03:57:21,-26.086,178.43,590.8,5.5
2021-03-25T07:08:08,-22.962,171.634,10.0,5.2
2021-03-26T04:51:38,16.794,-60.729,19.0,5.8
2021-03-26T08:29:41,-50.42,112.721,10.0,5.0
2021-03-26T15:46:07,-7.392,155.127,10.0,5.1
2021-03-26T19:02:07,27.629,92.669,29.8,5.0
2021-03-26T21:03:27,-62.534,-161.628,10.0,5.7
2021-03-26T21:12:13,-62.379,-161.204,10.0,5.5
2021-03-26T22:02:16,26.138,125.087,153.0,5.9
2021-03-26T22:59:37,-50.155,112.644,10.0,5.1
2021-03-27T06:59:58,71.378,-4.472,10.0,5.2
2021-03-27T09:46:13,1.498,127.119,128.2,5.2
2021-03-27T13:47:55,42.448,16.05,7.0,5.5
2021-03-28T00:26:55,33.631,140.278,40.0,5.7
2021-03-28T23:01:46,43.696,-28.809,10.0,5.9
2021-03-29T04:13:18,-4.549,102.626,59.6,5.2
2021-03-29T06:35:09,13.87,-58.476,10.0,5.2
2021-03-29T07:43:38,-7.021,156.107,60.4,5.3
2021-03-29T17:27:23,34.355,87.692,8.0,5.5
2021-03-29T19:42:54,21.318,146.084,10.0,5.2
2021-03-29T19:45:33,21.419,146.091,10.0,5.1
2021-03-30T00:06:09,72.299,-133.086,10.0,5.2
2021-03-30T09:24:18,-53.78,140.523,10.0,5.0
2021-03-30T21:35:48,-35.376,-106.037,10.0,5.5
2021-03-31T00:01:27,51.181,100.369,14.2,5.2
2021-03-31T04:05:58,-29.194,-176.298,10.0,5.1
2021-03-31T06:52:03,-60.33,-47.28,10.0,5.0
2021-03-31T06:53:32,-60.279,-47.291,10.0,5.2
2021-03-31T10:09:00,-6.598,-12.646,10.0,5.2
2021-03-31T19:16:22,14.499,56.258,10.0,5.1
2021-03-31T21:19:53,11.992,143.847,10.0,5.1
2021-04-01T09:56:37,-29.961,-177.676,20.0,6.4
2021-04-01T10:12:24,3.604,126.706,40.3,5.4
2021-04-01T15:11:18,-21.801,-179.38,595.0,6.0
2021-04-01T22:02:20,-59.576,-26.237,54.5,5.1
2021-04-01T22:10:11,-30.023,-177.467,10.0,5.6
2021-04-02T22:44:02,7.458,-76.943,41.0,5.0
2021-04-03T01:16:39,-58.014,-7.843,10.0,6.6
2021-04-03T18:42:01,-5.125,128.156,326.0,5.9
2021-04-03T20:26:00,-8.791,67.632,10.0,5.6
2021-04-04T01:20:05,-42.534,-82.076,10.0,5.2
2021-04-04T01:41:02,-19.822,14.663,6.0,5.4
2021-04-04T11:02:28,0.655,-25.397,10.0,5.0
2021-04-04T16:35:33,-40.834,-16.773,10.0,5.0
2021-04-04T17:25:50,-30.379,-178.026,10.0,5.1
2021-04-04T18:43:27,24.053,-108.658,10.0,5.4
2021-04-05T01:42:43,-21.846,170.804,97.8,5.4
2021-04-05T07:37:52,-37.46,179.632,24.0,6.1
2021-04-05T15:19:57,27.186,88.941,10.0,5.2
2021-04-05T18:41:25,-29.114,-176.715,10.0,5.0
2021-04-05T19:35:22,-29.501,-176.87,10.0,5.0
2021-04-05T20:31:51,-57.977,-8.162,10.0,5.2
2021-04-06T07:37:22,-28.963,-176.605,10.0,5.2
2021-04-06T08:16:16,-29.436,-176.912,14.0,5.7
2021-04-06T10:07:46,-29.72,-176.711,10.0,5.3
2021-04-06T15:12:25,35.662,45.992,10.0,5.2
2021-04-06T20:08:48,5.906,126.55,100.3,5.1
2021-04-06T21:48:35,31.869,92.914,10.0,5.0
2021-04-07T05:13:15,-3.663,153.968,427.6,5.6
2021-04-07T09:53:29,-29.049,-176.612,18.0,6.1
2021-04-07T10:26:51,-29.018,-176.693,10.0,5.1
2021-04-07T10:42:05,-28.814,-176.7,10.0,5.4
2021-04-07T13:34:57,-28.974,-176.401,10.0,5.1
2021-04-07T18:48:01,-28.825,-176.459,13.0,5.7
2021-04-07T19:43:01,-28.864,-176.44,10.0,5.2
2021-04-07T19:58:41,-28.842,-176.637,7.0,5.0
2021-04-08T01:00:39,-29.028,-176.316,10.0,5.1
2021-04-08T01:13:46,-18.509,169.486,264.1,5.2
2021-04-08T05:26:53,2.911,122.36,542.6,5.0
2021-04-08T10:25:16,-34.731,-107.668,10.0,5.4
2021-04-08T17:10:18,63.201,-148.58,80.1,5.5
2021-04-09T12:51:28,-23.257,171.766,10.0,5.1
2021-04-09T22:07:30,29.291,129.406,10.0,5.2
2021-04-10T04:15:54,-20.072,169.248,52.2,5.1
2021-04-10T06:52:10,29.143,129.849,17.6,5.1
2021-04-10T07:00:15,-8.571,112.505,67.0,6.0
2021-04-10T07:14:01,-62.401,-58.336,8.4,5.6
2021-04-10T07:36:25,29.295,129.527,10.0,5.1
2021-04-10T09:30:43,4.132,124.644,300.0,6.1
2021-04-10T11:38:31,-3.444,145.733,9.0,6.0
2021-04-10T23:54:58,-8.361,112.469,113.2,5.1
2021-04-11T10:44:46,-6.273,104.596,70.8,5.0
2021-04-11T14:40:08,-29.867,-176.977,10.0,5.0
2021-04-11T18:57:59,18.013,147.149,14.4,5.1
2021-04-12T02:26:26,2.777,128.598,231.1,5.1
2021-04-12T03:08:36,22.7,142.914,160.6,5.2
2021-04-12T05:26:14,-30.576,-177.828,18.6,5.2
2021-04-12T14:01:48,29.332,129.496,10.0,5.2
2021-04-12T20:43:18,-18.715,65.219,10.0,5.2
2021-04-12T22:44:32,-22.743,172.169,10.0,5.2
2021-04-13T06:06:00,0.098,-17.392,10.0,5.0
2021-04-13T15:47:32,0.612,126.106,36.3,5.2
2021-04-13T18:38:48,5.866,126.762,49.0,5.0
2021-04-13T20:28:02,36.532,27.059,5.7,5.3
2021-04-14T00:25:27,-0.131,125.207,46.5,5.1
2021-04-14T04:33:29,1.861,-100.96,10.0,5.7
2021-04-14T06:28:42,-7.076,106.026,45.7,5.0
2021-04-14T10:55:14,0.198,96.643,9.0,5.6
2021-04-15T04:44:47,12.433,141.589,10.0,5.0
2021-04-15T08:33:41,53.577,171.58,11.4,5.3
2021-04-15T10:36:22,-10.418,117.04,19.0,5.4
2021-04-16T00:23:17,17.915,147.204,12.0,5.0
2021-04-16T03:42:05,-10.244,116.985,19.3,5.4
2021-04-16T16:40:30,-21.716,-179.347,577.7,5.4
2021-04-16T20:00:18,-30.414,-177.766,10.0,5.0
2021-04-16T20:55:11,3.577,126.735,35.0,5.4
2021-04-16T22:13:10,-28.434,-176.476,10.0,5.1
2021-04-17T01:04:53,5.14,95.455,99.2,5.0
2021-04-17T01:27:21,21.49,145.954,10.0,5.1
2021-04-17T15:45:23,54.239,160.382,83.2,5.0
2021-04-17T17:08:00,36.406,27.096,10.0,5.0
2021-04-18T00:29:11,38.348,141.95,41.0,5.6
2021-04-18T00:29:25,38.254,141.882,31.4,5.6
2021-04-18T02:15:15,-62.352,-58.521,10.0,5.1
2021-04-18T06:41:49,29.753,50.678,8.0,5.8
2021-04-18T13:24:32,22.513,94.196,24.7,5.1
2021-04-18T14:11:38,23.79,121.565,10.0,5.5
2021-04-18T14:14:36,23.857,121.526,12.0,5.8
2021-04-18T17:03:39,-30.222,-177.158,10.0,5.2
2021-04-19T03:18:57,-33.974,-72.407,12.8,5.1
2021-04-19T04:10:05,1.546,-85.306,10.0,5.3
2021-04-19T04:11:26,-33.98,-72.409,8.8,5.2
2021-04-19T07:07:36,-7.726,127.743,76.0,5.2
2021-04-19T11:13:28,-33.971,-72.366,10.0,5.1
2021-04-19T13:05:26,-33.964,-72.347,10.3,5.0
2021-04-19T23:58:22,0.183,96.56,9.0,6.1
2021-04-20T02:26:04,-42.211,-83.898,10.0,5.3
2021-04-20T20:01:27,17.573,147.39,10.0,5.0
2021-04-22T00:17:15,-33.989,-72.363,13.0,5.5
2021-04-23T14:56:49,-63.415,-63.048,10.0,5.0
2021-04-23T18:45:29,5.219,126.484,27.6,5.0
2021-04-23T23:11:56,-20.434,-177.7,494.6,5.1
2021-04-24T00:23:38,-18.904,-176.27,301.0,6.5
2021-04-24T00:56:24,32.533,-40.238,10.0,5.0
2021-04-24T02:25:50,-28.457,-177.256,63.9,5.0
2021-04-24T09:30:41,51.998,178.468,111.4,5.0
2021-04-24T18:00:32,13.77,57.113,10.0,5.6
2021-04-25T01:52:43,-1.758,134.306,10.0,5.0
2021-04-25T22:28:02,-21.61,-177.153,246.0,6.5
2021-04-25T23:50:34,-15.562,-74.531,35.0,5.4
2021-04-26T02:18:08,-23.19,171.892,10.0,5.2
2021-04-26T13:42:21,-29.225,-177.482,56.1,5.2
2021-04-26T19:13:11,-56.143,-27.522,108.5,5.3
2021-04-26T21:07:27,-29.132,-176.682,10.0,5.7
2021-04-26T21:12:10,-29.142,-176.678,10.0,5.2
2021-04-27T00:44:55,-29.341,-176.825,10.0,5.0
2021-04-27T02:12:50,-3.381,145.535,10.0,5.6
2021-04-27T08:03:49,-3.588,145.799,10.0,5.1
2021-04-27T08:05:31,-3.407,145.517,10.0,6.1
2021-04-27T08:13:24,-3.468,145.692,10.0,5.1
2021-04-27T09:23:39,-7.452,106.942,56.9,5.0
2021-04-27T10:40:49,-3.398,145.537,10.0,5.3
2021-04-27T11:04:24,-3.395,145.668,10.0,5.5
2021-04-27T16:33:34,-29.122,-176.848,13.0,5.9
2021-04-27T16:43:10,-29.438,-176.784,10.0,5.1
2021-04-27T17:53:06,-29.713,-176.877,10.0,5.3
2021-04-28T02:21:26,26.781,92.456,34.0,6.0
2021-04-28T02:33:01,26.749,92.514,35.0,5.0
2021-04-28T02:57:26,-29.252,-176.731,10.0,5.1
2021-04-28T04:24:32,-29.516,-176.8,10.0,5.0
2021-04-29T02:17:17,-37.263,-70.83,145.0,5.6
2021-04-29T03:58:48,-37.614,179.42,23.0,5.7
2021-04-29T04:08:46,18.418,145.574,196.2,5.3
2021-04-29T06:50:26,-29.339,-176.32,10.0,6.1
2021-04-29T06:53:52,-29.09,-177.012,10.0,5.5
2021-04-29T07:06:38,-29.329,-176.719,10.0,5.0
2021-04-29T07:09:17,-29.273,-176.851,10.0,5.0
2021-04-29T10:01:11,-20.646,-173.898,10.0,5.0
2021-04-29T10:30:23,43.819,-128.046,10.0,5.4
2021-04-29T10:35:45,43.871,-128.41,10.0,5.2
2021-04-29T10:58:33,43.894,-128.435,10.0,5.3
2021-04-29T12:25:27,-29.47,-176.742,10.0,5.0
2021-04-30T02:06:19,-29.616,-177.738,52.2,5.2
2021-04-30T16:43:25,5.31,94.193,35.0,5.0
2021-04-30T21:49:38,-40.808,78.529,10.0,5.3
2021-05-01T00:05:41,-40.775,78.309,10.0,5.0
2021-05-01T01:27:27,38.2,141.597,43.0,6.9
2021-05-01T06:13:41,9.689,-79.158,43.8,5.1
2021-05-01T11:50:25,-16.16,167.926,180.5,5.3
2021-05-02T06:57:39,-30.137,-71.582,33.0,5.8
2021-05-02T17:46:41,-2.324,99.79,21.0,5.5
2021-05-02T23:01:25,17.906,147.046,35.0,5.0
2021-05-03T03:54:32,-18.247,-173.174,10.0,5.1
2021-05-03T05:07:30,25.77,123.885,199.0,5.5
2021-05-03T08:46:39,51.306,100.42,18.0,5.6
2021-05-04T13:33:23,-17.649,167.911,12.5,5.2
2021-05-04T18:10:43,37.186,141.852,9.5,5.0
2021-05-04T19:51:42,-20.699,-173.739,10.0,5.5
2021-05-04T22:59:11,1.533,127.303,148.2,5.2
2021-05-05T01:17:26,-20.697,-173.463,10.0,5.3
2021-05-05T01:24:36,-1.955,99.786,30.0,5.7
2021-05-05T05:16:33,-20.804,-173.733,10.0,5.1
2021-05-05T15:35:46,-15.136,168.0,10.0,5.1
2021-05-05T18:13:32,-0.13,123.057,112.8,5.0
2021-05-05T19:20:09,-56.929,147.632,10.0,5.4
2021-05-06T06:21:22,6.768,125.173,21.8,5.0
2021-05-06T12:20:37,-16.599,167.223,10.0,5.1
2021-05-07T04:25:27,-25.616,-175.787,10.0,5.0
2021-05-07T10:48:38,-56.551,-26.731,55.6,5.0
2021-05-07T11:45:25,14.083,-48.4,10.0,5.5
2021-05-07T15:21:13,-54.414,144.216,10.0,6.1
2021-05-07T23:35:14,-18.744,-177.566,384.0,6.1
2021-05-08T04:13:57,-4.67,-105.417,10.0,5.2
2021-05-08T04:19:07,31.982,140.337,88.0,5.1
2021-05-08T18:17:32,-55.475,-29.235,35.1,5.0
2021-05-09T23:33:37,46.631,152.044,65.3,5.0
2021-05-10T01:59:13,-17.748,-173.742,10.0,5.1
2021-05-10T14:10:20,-29.186,-176.086,10.0,5.4
2021-05-10T17:25:58,5.707,126.228,89.1,5.1
2021-05-11T04:37:08,18.761,-102.713,57.8,5.0
2021-05-11T09:21:10,-16.358,-177.544,10.0,5.7
2021-05-11T15:27:35,-5.369,151.024,115.9,5.4
2021-05-12T01:09:27,13.572,120.848,113.0,5.8
2021-05-12T06:17:06,13.268,-90.377,22.0,5.6
2021-05-12T07:53:23,-17.271,-70.064,10.0,5.4
2021-05-12T08:45:44,13.274,-90.227,22.0,6.0
2021-05-12T14:05:15,-17.387,66.314,10.0,6.7
2021-05-12T15:45:30,3.947,128.651,45.6,5.2
2021-05-12T15:56:56,-14.156,-75.678,34.3,5.5
2021-05-12T16:52:43,-17.887,168.614,141.6,5.1
2021-05-12T18:20:27,3.958,128.642,47.6,5.5
2021-05-12T22:00:33,51.894,176.216,48.0,5.1
2021-05-12T23:44:31,48.953,154.286,86.9,5.1
2021-05-13T09:42:12,6.714,-82.415,10.0,6.1
2021-05-13T11:32:13,-5.623,145.335,113.2,5.1
2021-05-13T13:31:34,-15.909,-177.534,415.6,5.7
2021-05-13T16:43:56,44.403,148.47,52.1,5.0
2021-05-13T23:58:14,37.717,141.817,32.0,6.0
2021-05-14T06:33:07,0.136,96.644,11.0,6.7
2021-05-14T10:54:04,-33.508,77.789,10.0,5.0
2021-05-15T01:53:16,-41.075,-91.273,10.0,5.4
2021-05-15T01:58:42,-21.816,170.169,12.1,5.5
2021-05-15T12:52:48,-11.83,166.507,62.5,5.2
2021-05-15T20:13:22,-5.074,153.197,41.3,5.0
2021-05-16T03:23:53,42.016,144.474,9.0,5.7
2021-05-16T07:28:53,-5.606,151.864,43.6,5.2
2021-05-16T23:04:56,37.303,56.746,10.0,5.3
2021-05-17T00:31:12,-21.617,-177.23,237.6,5.1
2021-05-17T00:54:01,37.335,56.706,7.0,5.4
2021-05-17T01:09:56,-49.146,127.084,10.0,5.3
2021-05-17T20:25:08,51.202,179.346,30.8,5.4
2021-05-18T02:31:40,-23.26,171.673,10.0,5.2
2021-05-18T05:39:59,51.189,179.388,43.3,5.0
2021-05-18T05:49:21,6.618,94.565,10.0,5.0
2021-05-18T17:49:08,-52.197,15.816,10.0,5.1
2021-05-18T18:23:03,-52.262,15.811,10.0,5.2
2021-05-18T23:57:58,28.278,84.337,10.0,5.3
2021-05-19T00:42:19,-33.065,-109.394,10.0,6.7
2021-05-19T01:53:49,-29.221,-176.604,10.0,5.0
2021-05-19T12:04:55,-23.92,-66.683,191.6,5.0
2021-05-19T15:06:54,-28.392,-63.269,596.1,5.1
2021-05-19T16:08:27,-41.292,85.706,10.0,5.5
2021-05-19T17:54:36,-36.687,-110.397,10.0,5.7
2021-05-20T06:24:17,-21.033,-173.924,10.0,5.0
2021-05-20T17:05:17,-41.048,44.223,10.0,5.7
2021-05-20T18:27:54,-22.209,-68.52,114.8,5.2
2021-05-20T21:01:27,-36.727,-96.337,10.0,5.0
2021-05-21T01:37:36,-9.889,160.446,16.5,5.4
2021-05-21T03:52:16,-2.836,141.473,10.0,5.0
2021-05-21T04:00:19,-9.851,160.479,15.6,5.1
2021-05-21T06:01:37,-35.768,-103.793,10.0,5.1
2021-05-21T10:37:11,-28.134,-177.326,60.7,5.0
2021-05-21T11:52:17,29.755,50.545,10.0,5.0
2021-05-21T12:09:22,-8.421,112.332,106.0,5.8
2021-05-21T12:58:17,28.922,142.599,10.0,5.0
2021-05-21T13:21:26,25.692,100.018,10.0,5.2
2021-05-21T13:21:59,25.548,99.999,10.0,5.1
2021-05-21T13:48:37,25.727,100.008,9.0,6.1
2021-05-21T13:55:32,25.824,100.018,10.0,5.0
2021-05-21T13:56:40,25.838,100.13,10.0,5.0
2021-05-21T14:31:12,25.682,99.991,10.0,5.1
2021-05-21T15:17:26,-49.313,-9.844,10.0,5.1
2021-05-21T16:02:36,-2.648,68.104,10.0,5.8
2021-05-21T18:04:13,34.598,98.251,10.0,7.3
2021-05-21T18:10:41,34.575,98.295,10.0,5.2
2021-05-21T18:12:15,34.617,98.467,10.0,5.5
2021-05-21T18:13:01,34.481,99.08,10.0,5.5
2021-05-21T22:13:18,-16.601,-177.372,10.0,6.5
2021-05-21T22:19:51,12.451,-87.672,57.2,5.6
2021-05-21T23:56:16,5.887,126.646,10.0,5.2
2021-05-22T02:29:37,34.95,97.47,10.0,5.1
2021-05-22T02:38:45,34.548,98.938,10.0,5.1
2021-05-22T03:21:18,34.747,98.085,10.0,5.2
2021-05-22T08:25:48,-5.867,101.768,10.0,5.0
2021-05-22T09:04:40,51.741,-173.392,21.0,5.1
2021-05-22T18:51:52,-23.775,179.808,553.3,5.0
2021-05-22T23:34:42,-20.189,-173.839,10.0,5.0
2021-05-23T02:02:08,4.954,127.526,83.0,5.5
2021-05-23T03:48:11,-6.383,105.348,10.0,5.1
2021-05-23T03:50:49,-6.269,105.525,16.0,5.2
2021-05-23T04:41:33,14.757,119.339,10.0,5.1
2021-05-23T08:58:33,-58.783,-25.307,35.0,5.3
2021-05-23T22:37:52,11.393,-86.94,34.8,5.1
2021-05-24T01:01:26,28.208,-43.876,10.0,5.0
2021-05-25T16:04:37,-7.751,158.184,35.0,5.0
2021-05-25T17:26:17,-3.562,129.091,41.6,5.1
2021-05-25T21:36:44,-17.576,-174.808,201.2,5.7
2021-05-25T23:20:50,-41.365,-89.112,10.0,5.2
2021-05-27T03:58:11,-13.318,166.73,51.1,5.2
2021-05-27T13:06:07,34.472,99.106,10.0,5.1
2021-05-28T04:39:46,-12.682,166.66,107.8,5.0
2021-05-28T07:24:16,36.524,70.135,209.8,5.0
2021-05-28T13:41:34,-18.353,168.101,35.0,5.3
2021-05-28T23:21:04,36.319,142.121,10.0,5.2
2021-05-29T00:42:52,36.441,141.996,10.0,5.0
2021-05-29T01:02:41,36.31,141.987,12.0,5.5
2021-05-29T01:25:14,1.019,120.085,17.4,5.1
2021-05-30T03:55:14,-18.051,-178.18,520.8,5.3
2021-05-30T04:50:09,34.624,98.196,10.0,5.1
2021-05-30T06:55:15,34.592,98.331,10.0,5.0
2021-05-30T13:33:29,27.228,139.808,526.3,5.4
2021-05-30T16:59:55,-24.356,-116.025,10.0,5.1
2021-05-30T17:14:28,-24.459,-115.915,10.0,5.3
2021-05-30T20:47:51,-56.826,-140.71,10.0,5.9
2021-05-31T00:48:42,-20.277,-175.533,137.4,5.2
2021-05-31T06:59:55,62.449,-148.251,44.0,6.1
2021-05-31T14:38:56,28.68,-43.586,10.0,5.2
2021-05-31T22:04:42,33.162,142.637,10.0,5.2
2021-06-01T11:20:56,5.046,-82.677,10.0,5.5
2021-06-01T12:42:06,-21.486,-66.764,231.5,5.4
2021-06-03T05:55:18,34.693,97.805,10.0,5.0
2021-06-03T10:09:58,0.316,126.291,26.0,6.2
2021-06-03T10:23:30,0.322,126.293,35.0,5.1
2021-06-03T10:55:56,3.833,-31.512,10.0,5.0
2021-06-03T17:17:32,9.993,-70.063,10.0,5.1
2021-06-04T07:52:43,42.288,-126.278,16.6,5.9
2021-06-04T08:17:00,42.24,-126.218,13.9,5.9
2021-06-04T13:45:13,0.34,126.29,8.6,5.3
2021-06-04T15:24:42,0.166,126.244,10.0,5.0
2021-06-05T01:31:45,58.288,-32.182,10.0,5.2
2021-06-05T03:05:12,-34.867,-74.065,8.2,5.4
2021-06-05T12:14:35,-62.378,-58.378,10.0,5.0
2021-06-05T17:55:58,33.14,-115.635,5.8,5.2
2021-06-05T22:57:38,0.247,126.384,16.3,5.3
2021-06-06T01:30:43,-1.327,-14.989,10.0,5.2
2021-06-06T02:59:24,10.223,126.364,49.7,5.0
2021-06-06T04:54:23,33.402,46.129,10.0,5.3
2021-06-06T09:07:32,3.022,126.582,47.0,5.2
2021-06-06T16:01:41,50.275,157.242,57.4,5.1
2021-06-06T18:11:07,34.564,140.297,85.7,5.0
2021-06-06T18:24:30,-15.871,-177.412,432.0,5.6
2021-06-06T23:16:39,-27.671,-176.301,10.0,5.8
2021-06-07T05:15:57,-4.738,133.715,10.0,5.1
2021-06-07T14:17:23,-44.28,-16.138,10.0,5.0
2021-06-07T21:41:10,10.241,126.187,35.0,5.2
2021-06-08T04:39:59,-17.799,-12.865,10.0,5.0
2021-06-08T05:00:32,0.453,123.648,196.8,5.3
2021-06-08T10:56:37,-5.246,151.316,134.0,5.7
2021-06-08T15:29:01,36.408,143.06,10.0,5.3
2021-06-09T13:05:55,40.121,142.365,42.5,5.0
2021-06-10T08:54:17,-3.1,28.274,10.0,5.0
2021-06-10T10:12:47,-4.829,102.968,59.3,5.1
2021-06-10T11:46:10,24.5,102.023,10.0,5.0
2021-06-10T23:27:02,8.962,-85.422,10.0,5.7
2021-06-11T02:23:43,0.052,124.298,60.1,5.6
2021-06-11T07:00:50,-6.03,146.26,106.0,5.1
2021-06-11T07:33:25,23.865,121.609,8.6,5.2
2021-06-11T21:58:57,22.622,121.223,5.5,5.0
2021-06-12T03:36:26,-33.74,-72.201,15.2,5.1
2021-06-12T06:18:28,10.486,-62.769,10.0,5.0
2021-06-12T11:20:53,-3.734,131.484,10.0,5.0
2021-06-13T01:14:51,1.364,124.451,207.9,5.0
2021-06-13T02:58:15,14.049,-91.444,57.6,5.4
2021-06-13T07:24:46,-60.882,-25.703,10.0,5.0
2021-06-13T09:27:59,-4.916,68.524,10.0,5.1
2021-06-14T02:44:59,12.821,48.601,10.0,5.5
2021-06-14T10:15:43,18.12,-68.496,87.0,5.0
2021-06-14T10:41:54,53.472,-159.636,10.0,5.0
2021-06-14T14:18:10,-39.731,-104.937,10.0,5.0
2021-06-14T14:38:41,7.71,124.967,5.9,5.7
2021-06-14T14:49:54,7.581,124.904,10.0,5.3
2021-06-15T14:16:14,-4.275,102.409,61.5,5.2
2021-06-15T23:50:04,-37.258,78.106,10.0,5.3
2021-06-16T01:44:31,-31.621,-177.166,10.0,5.3
2021-06-16T04:43:07,-3.558,129.524,7.0,5.9
2021-06-16T04:56:05,-37.381,78.296,10.0,5.1
2021-06-16T08:48:58,38.206,93.723,10.0,5.5
2021-06-16T20:09:45,-6.025,150.786,62.7,5.0
2021-06-17T13:41:03,-16.986,-172.777,10.0,5.5
2021-06-17T14:19:36,34.724,73.205,10.0,5.0
2021-06-18T10:02:41,53.365,-160.294,8.0,5.4
2021-06-19T11:59:05,-16.36,173.101,10.0,5.8
2021-06-19T18:57:16,16.05,-92.414,216.1,5.4
2021-06-19T21:12:15,-4.56,102.632,56.2,5.2
2021-06-20T11:08:24,43.558,142.617,151.9,5.3
2021-06-20T11:49:26,-61.912,159.975,10.0,5.2
2021-06-20T17:05:50,-30.216,-177.845,25.0,6.5
2021-06-20T17:24:35,-30.168,-177.822,10.0,5.4
2021-06-21T01:25:55,0.94,92.011,10.0,5.1
2021-06-21T01:44:11,18.886,145.417,223.6,5.5
2021-06-21T05:19:59,-52.946,-47.002,10.0,5.0
2021-06-21T11:14:13,-30.235,-177.625,32.4,5.9
2021-06-21T15:15:11,-33.234,-109.52,10.0,5.2
2021-06-21T22:14:13,36.439,27.042,9.0,5.5
2021-06-23T00:47:05,-58.144,-63.764,10.0,5.5
2021-06-23T02:54:18,-12.707,-76.721,50.1,5.9
2021-06-23T05:39:39,-22.734,171.669,10.0,5.5
2021-06-23T07:23:28,-29.897,60.652,10.0,5.0
2021-06-24T02:24:55,-5.958,128.28,337.0,5.7
2021-06-24T04:03:52,21.678,145.63,6.0,5.2
2021-06-24T06:57:03,-18.203,120.307,10.0,5.1
2021-06-24T09:07:21,-55.039,-127.108,10.0,5.1
2021-06-24T14:49:51,-6.539,154.997,31.0,5.4
2021-06-24T22:22:22,-34.777,178.96,183.5,5.2
2021-06-24T23:04:44,34.951,69.085,16.2,5.1
2021-06-25T18:28:37,39.187,40.167,3.1,5.4
2021-06-26T00:55:33,-35.908,-102.354,10.0,5.4
2021-06-26T03:04:48,-30.329,-177.773,10.0,5.0
2021-06-26T04:37:56,-28.33,-176.549,10.0,5.3
2021-06-26T06:22:43,-10.438,161.067,38.5,5.0
2021-06-26T06:38:12,-10.352,161.099,42.9,5.2
2021-06-26T06:38:57,-10.349,161.153,41.0,5.1
2021-06-26T18:01:22,11.806,-44.234,10.0,5.6
2021-06-26T22:52:37,-28.354,-176.516,10.0,5.1
2021-06-26T23:48:51,-28.208,-176.54,10.0,5.0
2021-06-27T07:14:10,8.944,126.27,49.0,5.0
2021-06-27T15:56:12,-2.894,101.085,40.3,5.1
2021-06-27T22:15:28,-8.345,110.658,85.5,5.1
2021-06-28T01:56:37,-10.454,124.013,10.0,5.0
2021-06-28T04:21:05,-33.289,-109.646,10.0,5.4
2021-06-28T09:12:42,26.816,143.019,13.6,5.1
2021-06-28T18:09:37,-41.681,-16.311,10.0,5.0
2021-06-29T03:14:13,-15.201,167.474,119.2,5.3
2021-06-29T05:55:51,31.771,131.709,49.9,5.0
2021-06-30T15:07:54,-28.336,-113.127,10.0,5.3
2021-07-01T01:13:38,16.526,-97.965,10.0,5.0
2021-07-01T15:06:34,-0.82,80.65,10.0,5.2
2021-07-02T06:59:42,-4.422,151.706,216.1,5.0
2021-07-02T09:14:32,-37.698,176.442,229.5,5.0
2021-07-02T17:38:21,46.435,154.348,10.0,5.3
2021-07-02T20:14:37,-21.812,-179.416,599.6,6.1
2021-07-03T11:58:07,-43.412,92.104,10.0,5.8
2021-07-03T13:09:46,-4.199,102.417,56.1,5.1
2021-07-03T16:11:00,-56.257,-143.224,10.0,5.0
2021-07-03T17:04:27,14.279,56.767,10.0,5.6
2021-07-03T17:12:22,14.276,56.742,10.0,5.1
2021-07-04T01:01:37,-28.735,-71.512,24.0,5.9
2021-07-04T01:29:15,-28.736,-71.482,22.0,6.0
2021-07-04T02:44:55,21.072,-106.313,10.0,5.6
2021-07-04T16:18:49,-2.888,127.927,10.0,5.0
2021-07-04T18:16:44,-55.85,-27.488,35.0,5.2
2021-07-05T06:12:13,-43.285,92.203,10.0,5.5
2021-07-05T23:43:35,20.22,-155.63,26.9,5.2
2021-07-06T22:17:57,12.357,144.523,10.0,5.0
2021-07-07T01:24:18,-10.089,161.12,52.3,5.2
2021-07-07T03:15:24,25.96,90.35,10.0,5.3
2021-07-07T06:39:08,-23.289,179.669,531.4,5.9
2021-07-07T11:24:58,23.857,121.652,8.1,5.1
2021-07-07T12:30:48,-2.99,139.576,116.7,5.1
2021-07-07T18:24:18,-55.88,-26.498,10.0,5.1
2021-07-07T18:39:23,-52.994,21.716,10.0,5.0
2021-07-07T22:11:55,23.858,121.639,7.0,5.1
2021-07-07T23:07:25,-57.953,-24.69,10.0,5.0
2021-07-08T07:09:18,-55.917,-26.482,10.0,5.0
2021-07-08T10:09:17,5.333,126.468,24.1,5.2
2021-07-08T10:30:38,-18.474,-71.323,38.2,5.2
2021-07-08T10:34:58,-54.764,144.064,10.0,5.5
2021-07-08T11:17:27,31.96,143.679,10.0,5.2
2021-07-08T13:23:25,34.677,97.916,10.0,5.1
2021-07-08T20:31:36,13.069,-90.091,35.0,5.3
2021-07-08T20:38:32,-28.746,-71.602,20.1,5.4
2021-07-08T22:49:48,38.508,-119.5,7.4,6.0
2021-07-08T22:50:14,38.513,-119.502,7.4,5.0
2021-07-08T23:04:21,-56.195,-143.592,10.0,5.0
2021-07-09T01:21:29,-56.195,-143.221,10.0,5.5
2021-07-09T05:05:30,-20.322,-68.717,107.5,5.2
2021-07-09T09:47:30,-15.982,-173.095,10.0,5.0
2021-07-09T11:40:58,-6.317,150.117,27.6,5.2
2021-07-09T13:31:09,0.141,123.663,119.6,5.6
2021-07-09T16:07:00,-12.74,-73.885,59.8,5.1
2021-07-09T19:58:28,-25.678,-176.952,100.5,5.0
2021-07-09T20:23:44,37.283,143.754,19.1,5.3
2021-07-09T22:11:30,-53.205,-51.511,10.0,5.0
2021-07-10T00:43:55,2.949,126.498,44.3,6.1
2021-07-10T00:51:08,2.968,126.56,42.6,5.5
2021-07-10T00:58:13,2.919,126.545,51.3,5.0
2021-07-10T02:14:42,38.915,70.561,11.8,5.7
2021-07-10T02:41:09,1.823,96.978,17.4,5.4
2021-07-11T00:08:01,52.229,177.32,7.7,5.1
2021-07-11T02:11:34,52.079,177.152,1.1,5.4
2021-07-11T02:11:36,52.103,177.156,10.0,5.4
2021-07-11T17:04:37,51.772,-175.932,58.4,5.0
2021-07-12T23:26:35,11.615,-86.479,92.8,5.2
2021-07-13T00:30:17,46.173,151.617,44.4,5.6
2021-07-13T02:28:55,52.495,160.506,14.6,5.2
2021-07-13T11:11:52,29.869,50.868,10.0,5.0
2021-07-13T11:26:50,-23.316,172.302,10.0,5.4
2021-07-13T22:52:05,23.902,121.623,10.0,5.2
2021-07-14T02:08:04,-18.258,-174.034,10.0,5.2
2021-07-14T02:45:47,-4.974,-11.585,10.0,5.0
2021-07-14T09:24:52,12.0,143.858,10.0,5.4
2021-07-14T15:36:07,30.934,103.492,10.0,5.0
2021-07-14T23:54:16,-22.176,179.282,628.5,5.0
2021-07-16T04:19:57,33.282,139.527,11.5,5.4
2021-07-16T09:34:21,-5.577,146.031,50.8,5.0
2021-07-16T10:01:59,-17.6,-173.054,10.0,5.4
2021-07-16T15:56:35,-29.34,-176.203,10.0,5.2
2021-07-16T23:29:19,14.151,128.166,10.0,5.0
2021-07-17T00:53:24,-56.07,-27.797,97.0,5.7
2021-07-17T03:23:47,-20.6,-178.406,563.0,5.5
2021-07-17T11:49:59,33.617,131.825,63.6,5.2
2021-07-17T20:56:10,6.826,-82.677,4.1,6.1
2021-07-17T21:31:18,28.44,-43.686,10.0,5.5
2021-07-17T23:46:44,-55.327,-124.883,10.0,5.1
2021-07-18T00:09:35,6.462,126.233,70.9,5.1
2021-07-18T00:36:33,-19.225,-175.346,215.5,5.4
2021-07-18T01:04:46,-23.143,172.389,10.0,5.2
2021-07-18T06:46:12,40.324,-124.426,30.9,5.1
2021-07-18T14:34:19,29.705,51.128,9.0,5.4
2021-07-18T15:48:09,-25.159,-129.576,10.0,5.0
2021-07-19T00:55:43,0.003,123.225,159.2,5.3
2021-07-19T15:22:32,-3.25,146.94,7.7,5.9
2021-07-19T19:42:34,-3.169,146.68,10.0,5.0
2021-07-19T20:30:41,-3.274,146.614,10.0,5.8
2021-07-19T23:02:08,-5.025,152.189,29.9,5.4
2021-07-20T20:26:46,5.61,126.738,87.7,5.2
2021-07-20T21:19:51,-17.33,-172.198,10.0,5.1
2021-07-20T23:54:26,29.326,70.049,10.0,5.2
2021-07-21T02:19:04,-35.466,-15.825,10.0,5.4
2021-07-21T14:26:00,-3.231,146.8,8.4,6.0
2021-07-21T17:44:01,-2.919,119.392,12.8,5.2
2021-07-21T21:15:12,7.393,-82.779,10.0,6.7
2021-07-22T01:28:26,11.492,-86.912,35.0,5.2
2021-07-22T02:10:52,1.426,66.897,10.0,5.0
2021-07-22T02:24:58,-14.879,166.944,35.0,5.5
2021-07-22T12:51:45,7.529,-82.832,10.0,5.1
2021-07-23T04:05:39,79.68,3.372,10.0,5.5
2021-07-23T06:16:03,-4.677,153.023,56.7,5.5
2021-07-23T19:24:29,-47.469,-12.435,10.0,5.0
2021-07-23T20:48:57,13.705,120.726,110.0,6.7
2021-07-23T20:57:18,13.798,120.743,120.6,5.8
2021-07-23T23:13:52,-26.634,-175.666,10.0,5.5
2021-07-24T12:51:28,-29.927,-176.864,10.0,6.1
2021-07-24T13:07:22,2.878,126.597,54.8,5.3
2021-07-24T13:19:48,-7.898,156.406,10.0,5.1
2021-07-25T03:38:56,23.884,-108.662,8.9,5.4
2021-07-25T04:01:41,-15.181,-173.827,10.0,5.0
2021-07-25T05:21:32,15.978,-92.264,205.9,5.0
2021-07-25T07:13:42,-29.521,-177.022,10.0,5.1
2021-07-25T10:17:00,-29.754,-176.68,10.0,5.7
2021-07-25T16:07:36,-29.882,-176.672,10.0,5.5
2021-07-25T16:09:50,-29.825,-176.745,10.0,5.6
2021-07-26T02:16:15,41.482,142.062,55.9,5.2
2021-07-26T03:52:02,-0.673,121.905,9.8,5.8
2021-07-26T07:45:19,-65.437,-179.5,10.0,5.4
2021-07-26T12:09:06,-0.768,121.908,11.0,6.3
2021-07-26T16:11:23,53.12,158.616,139.3,5.0
2021-07-28T11:06:13,-41.986,-15.955,10.0,5.2
2021-07-28T21:06:44,-30.769,-179.68,356.3,5.2
2021-07-29T00:32:13,-8.342,-79.967,23.0,5.8
2021-07-29T05:00:54,-53.925,158.706,10.0,5.4
2021-07-29T06:15:49,55.364,-157.888,35.0,8.2
2021-07-29T06:19:27,55.102,-158.237,18.4,5.5
2021-07-29T06:20:44,55.222,-157.795,35.0,5.1
2021-07-29T06:23:02,55.876,-156.992,35.0,5.7
2021-07-29T06:23:27,55.373,-157.205,0.8,5.9
2021-07-29T06:28:49,55.153,-157.604,35.0,5.3
2021-07-29T06:32:33,55.255,-156.768,2.9,5.4
2021-07-29T08:39:27,22.864,95.997,10.0,5.5
2021-07-29T09:40:44,-13.291,-112.114,10.0,5.3
2021-07-29T11:00:59,-19.129,169.278,217.2,5.1
2021-07-29T16:09:11,55.168,-156.946,36.3,5.3
2021-07-29T20:30:34,55.362,-156.854,28.9,5.0
2021-07-29T20:32:43,55.215,-156.759,20.8,5.4
2021-07-29T20:55:55,-35.07,-111.684,10.0,5.1
2021-07-29T23:09:14,38.74,73.114,96.3,5.0
2021-07-30T03:52:15,55.334,-156.961,43.4,5.5
2021-07-30T17:10:19,-4.915,-80.616,34.0,6.2
2021-07-30T22:39:16,-16.731,-173.62,10.0,5.3
2021-07-30T22:39:48,-26.827,-114.29,10.0,5.0
2021-07-31T05:26:05,43.349,141.621,167.8,5.0
2021-07-31T08:05:16,-15.33,166.429,10.0,5.0
2021-07-31T15:39:20,27.591,-111.497,10.0,5.5
2021-07-31T21:19:12,30.452,-109.12,10.0,5.2
2021-08-01T04:31:26,36.396,27.011,10.1,5.6
2021-08-01T10:40:27,62.694,-25.261,10.0,5.2
2021-08-01T13:04:53,-38.333,175.878,175.2,5.0
2021-08-02T01:27:40,-30.459,-177.805,31.6,5.6
2021-08-02T03:28:30,-47.1,-11.141,10.0,5.1
2021-08-02T03:28:58,44.157,148.314,29.0,5.3
2021-08-02T05:01:19,-4.499,133.958,10.0,6.0
2021-08-02T15:04:24,1.841,127.384,122.5,5.1
2021-08-02T22:48:50,-3.211,100.198,20.0,5.8
2021-08-02T23:01:01,-3.162,100.406,10.0,5.2
2021-08-03T01:51:14,9.013,94.12,10.0,5.3
2021-08-03T03:42:07,8.863,94.056,10.0,5.3
2021-08-03T03:42:38,8.881,94.019,10.0,6.1
2021-08-03T03:43:53,9.002,94.158,10.0,5.8
2021-08-03T06:43:00,-52.749,18.468,10.0,5.5
2021-08-03T08:30:45,-52.622,18.647,10.0,5.0
2021-08-03T10:23:54,-25.464,179.826,479.5,5.5
2021-08-03T10:29:17,36.195,141.934,17.0,5.0
2021-08-03T12:01:21,-1.519,148.1,10.0,5.2
2021-08-03T12:38:17,36.39,27.044,10.0,5.2
2021-08-03T19:44:32,-9.165,119.253,82.0,5.0
2021-08-03T20:33:34,36.098,142.104,27.0,5.8
2021-08-03T20:43:10,36.14,142.1,10.0,5.2
2021-08-04T04:40:25,36.178,141.862,14.0,5.4
2021-08-04T05:55:09,-20.549,172.634,8.0,5.5
2021-08-04T07:17:20,-16.323,67.606,10.0,5.4
2021-08-04T17:57:39,8.797,94.078,8.8,5.5
2021-08-04T21:50:46,24.783,122.31,10.0,5.8
2021-08-04T21:56:27,24.753,122.272,10.0,5.1
2021-08-05T05:06:07,-7.598,122.818,540.8,5.4
2021-08-05T11:20:17,-23.115,-179.387,537.4,5.3
2021-08-05T12:46:01,8.814,94.004,20.3,5.1
2021-08-05T14:24:28,-6.817,130.041,117.4,5.0
2021-08-06T00:59:37,-56.549,-147.578,10.0,5.0
2021-08-06T08:11:04,24.752,122.241,10.0,5.3
2021-08-06T08:19:04,8.764,93.956,10.0,5.1
2021-08-06T11:08:17,-6.204,104.656,55.0,5.2
2021-08-06T11:12:29,23.111,121.359,7.3,5.2
2021-08-06T19:22:02,-59.604,-26.189,35.0,5.9
2021-08-07T01:39:45,36.272,27.036,18.4,5.0
2021-08-07T14:51:31,-10.059,161.133,57.7,5.3
2021-08-07T18:31:04,-21.843,-68.388,136.9,5.2
2021-08-07T23:16:21,-16.772,-173.35,35.0,5.0
2021-08-08T00:49:32,2.222,-101.389,10.0,5.1
2021-08-08T14:50:26,51.625,175.844,21.3,5.2
2021-08-08T22:19:11,-59.786,159.546,10.0,5.5
2021-08-09T01:54:02,-56.627,-6.142,10.0,5.0
2021-08-09T09:41:58,53.365,170.152,10.0,5.1
2021-08-09T12:54:35,-56.745,-6.062,10.0,5.3
2021-08-09T13:18:36,-56.734,-5.985,10.0,5.0
2021-08-09T21:03:24,-14.713,-76.109,16.2,5.0
2021-08-09T21:50:32,-56.714,-6.302,10.0,5.0
2021-08-10T12:08:44,44.157,148.32,35.0,5.0
2021-08-10T15:25:12,13.306,49.625,10.0,5.2
2021-08-10T18:58:21,28.203,-43.707,10.0,5.0
2021-08-10T21:21:53,-23.353,171.542,10.0,5.2
2021-08-11T04:20:42,-20.75,172.766,10.0,5.0
2021-08-11T15:02:51,15.905,147.258,10.0,5.5
2021-08-11T17:46:13,6.475,126.715,55.1,7.1
2021-08-12T02:26:11,6.154,127.294,35.0,5.2
2021-08-12T03:47:00,-18.363,-177.89,522.8,5.5
2021-08-12T12:24:06,28.337,57.472,10.0,5.0
2021-08-12T15:42:27,6.14,127.167,35.0,5.1
2021-08-12T15:53:28,6.292,127.303,10.0,5.7
2021-08-12T18:32:52,-57.567,-25.032,47.2,7.5
2021-08-12T18:35:17,-58.375,-25.264,22.8,8.1
2021-08-12T18:36:59,-59.981,-26.431,35.0,6.7
2021-08-12T18:41:22,-60.357,-26.761,35.0,6.1
2021-08-12T18:41:58,-60.292,-26.54,35.0,5.8
2021-08-12T18:47:04,-59.472,-25.665,35.0,5.6
2021-08-12T18:48:06,-60.434,-25.176,10.0,5.6
2021-08-12T18:49:50,-57.019,-25.19,24.2,5.9
2021-08-12T18:53:10,-59.903,-26.626,35.0,5.1
2021-08-12T18:55:57,-59.231,-25.014,35.1,5.0
2021-08-12T19:00:20,-56.818,-25.269,16.5,5.2
2021-08-12T19:02:42,-59.551,-24.728,10.0,5.0
2021-08-12T19:07:53,-57.019,-25.2,25.2,5.9
2021-08-12T19:13:05,-59.844,-26.29,35.5,5.3
2021-08-12T19:29:15,-59.792,-26.508,49.6,5.6
2021-08-12T19:32:52,-57.011,-25.487,43.0,5.0
2021-08-12T19:37:17,-56.933,-25.22,6.7,5.2
2021-08-12T19:39:23,-59.125,-25.012,19.7,5.0
2021-08-12T19:43:45,-59.844,-26.451,35.0,6.0
2021-08-12T19:44:52,-59.872,-26.453,40.4,5.9
2021-08-12T19:50:04,-60.214,-26.892,51.8,5.1
2021-08-12T19:58:57,-60.44,-27.274,10.0,5.4
2021-08-12T20:04:14,-59.134,-25.221,34.6,5.0
2021-08-12T20:06:34,-58.542,-25.177,44.7,5.8
2021-08-12T20:14:46,-59.602,-26.061,35.0,5.1
2021-08-12T20:15:17,-59.869,-26.237,35.0,5.4
2021-08-12T20:17:08,5.968,127.199,54.6,5.2
2021-08-12T20:18:07,-58.594,-25.136,33.6,5.2
2021-08-12T20:22:44,-56.836,-25.139,35.0,5.0
2021-08-12T20:28:38,6.094,127.158,53.4,5.0
2021-08-12T20:28:39,-59.838,-26.306,45.3,5.0
2021-08-12T20:31:16,-58.599,-24.987,35.0,5.1
2021-08-12T20:32:39,-58.552,-24.833,35.0,5.1
2021-08-12T20:33:20,-58.585,-24.944,53.1,5.2
2021-08-12T20:36:20,-59.793,-26.428,35.0,5.2
2021-08-12T20:38:05,-59.563,-25.881,57.6,5.4
2021-08-12T20:41:57,54.29,87.046,10.0,5.0
2021-08-12T20:44:34,-59.863,-26.357,33.3,5.0
2021-08-12T20:49:54,-59.868,-26.489,48.5,5.1
2021-08-12T21:03:44,6.007,127.151,47.8,5.3
2021-08-12T21:07:01,-59.835,-26.724,67.7,5.6
2021-08-12T21:12:23,-58.425,-25.175,8.9,5.1
2021-08-12T21:13:42,-58.687,-25.415,35.0,5.1
2021-08-12T21:13:54,1.282,128.188,96.3,5.1
2021-08-12T21:19:54,-60.154,-26.575,35.0,5.3
2021-08-12T21:48:20,-57.949,-25.161,35.0,5.1
2021-08-12T21:56:55,-60.585,-26.523,10.0,5.2
2021-08-12T22:02:05,-60.68,-25.802,10.0,5.0
2021-08-12T22:08:35,-57.985,-25.157,35.0,5.6
2021-08-12T22:13:10,-59.837,-26.478,35.0,5.1
2021-08-12T22:14:49,-57.904,-25.262,17.6,5.0
2021-08-12T22:17:28,-56.751,-25.214,10.0,5.0
2021-08-12T22:22:11,-57.024,-24.808,10.0,5.0
2021-08-12T22:47:58,-58.0,-24.044,10.0,5.0
2021-08-12T23:08:12,-59.881,-26.239,35.0,5.1
2021-08-12T23:18:42,-50.295,114.039,10.0,5.2
2021-08-12T23:23:45,-58.76,-25.265,43.4,5.2
2021-08-12T23:24:26,-58.764,-25.145,36.2,5.5
2021-08-12T23:32:57,-58.676,-25.286,20.7,5.0
2021-08-12T23:50:11,-58.374,-24.324,10.0,5.5
2021-08-13T00:04:15,-59.215,-25.163,10.0,5.0
2021-08-13T00:06:13,-58.481,-25.142,27.0,5.1
2021-08-13T00:46:19,-59.914,-25.088,10.0,5.1
2021-08-13T01:26:41,-58.625,-24.995,30.0,5.0
2021-08-13T01:47:37,-58.368,-24.237,10.0,5.3
2021-08-13T02:33:40,-57.779,-23.825,10.0,5.2
2021-08-13T02:33:50,-57.794,-23.694,10.0,5.1
2021-08-13T03:26:26,-57.246,-24.75,10.0,5.0
2021-08-13T03:38:23,-58.799,-24.653,10.0,5.1
2021-08-13T03:43:16,-58.019,-25.357,35.0,5.8
2021-08-13T03:53:21,-57.205,-24.986,35.0,5.1
2021-08-13T04:03:58,-57.727,-23.709,10.0,5.1
2021-08-13T04:21:38,34.594,97.423,14.5,5.4
2021-08-13T04:53:09,-57.859,-23.906,10.0,5.3
2021-08-13T05:24:57,-57.832,-24.892,21.2,5.5
2021-08-13T05:41:23,-59.402,-25.232,36.9,5.0
2021-08-13T05:44:03,-57.337,-25.396,35.0,5.1
2021-08-13T06:14:11,-59.476,-24.409,10.0,5.6
2021-08-13T06:34:34,-58.253,-23.872,10.0,5.0
2021-08-13T07:04:35,-58.78,-24.772,15.3,5.1
2021-08-13T07:08:37,-57.689,-24.037,10.0,5.2
2021-08-13T07:13:56,-58.661,-25.294,35.4,5.0
2021-08-13T08:25:00,-58.321,-25.023,53.1,5.1
2021-08-13T08:33:13,-59.265,-24.844,10.0,5.2
2021-08-13T08:46:28,-57.322,-25.425,42.3,5.0
2021-08-13T09:01:24,-57.081,-25.521,35.0,5.0
2021-08-13T10:11:18,-57.802,-23.879,10.0,5.1
2021-08-13T10:34:28,-60.535,-27.25,10.0,6.1
2021-08-13T10:36:34,-58.378,-25.077,54.8,5.3
2021-08-13T11:45:35,-57.266,-25.507,19.0,5.7
2021-08-13T13:12:18,-59.801,-26.479,51.0,5.4
2021-08-13T14:51:48,-58.457,-23.637,10.0,5.0
2021-08-13T15:08:31,13.702,120.782,121.0,5.9
2021-08-13T15:52:42,-57.011,-25.17,38.8,5.1
2021-08-13T18:11:40,-60.026,-26.987,52.3,5.3
2021-08-13T18:38:06,-57.475,-25.256,46.1,5.0
2021-08-13T18:46:54,-27.466,-177.028,18.2,5.5
2021-08-13T19:03:52,-1.511,-80.93,39.6,5.1
2021-08-13T19:43:35,-56.588,-25.704,35.0,5.0
2021-08-13T20:04:53,-57.817,-23.987,10.0,5.5
2021-08-13T20:12:11,-57.918,-23.905,29.6,5.1
2021-08-13T20:15:52,-17.896,-13.408,10.0,5.5
2021-08-13T20:25:26,-57.925,-24.039,10.0,5.3
2021-08-13T20:39:00,-26.439,-175.716,10.0,5.0
2021-08-13T20:49:52,-60.52,-24.756,10.0,5.2
2021-08-13T21:51:10,-58.242,-23.523,10.0,5.0
2021-08-13T23:32:41,-60.471,-26.893,10.0,5.1
2021-08-14T00:16:38,-59.798,-26.496,35.0,5.1
2021-08-14T00:23:33,-58.42,-24.968,35.0,5.0
2021-08-14T00:45:20,-58.124,-24.065,10.0,5.0
2021-08-14T01:27:41,6.048,127.116,29.4,5.1
2021-08-14T03:04:47,-58.815,-24.827,10.0,5.3
2021-08-14T03:23:42,-60.378,-26.941,10.0,5.1
2021-08-14T03:31:34,-58.462,-24.958,35.0,5.3
2021-08-14T03:34:03,-57.78,-25.329,35.0,5.3
2021-08-14T05:14:44,-59.769,-26.414,70.7,5.3
2021-08-14T07:07:27,-59.32,-25.522,48.7,5.0
2021-08-14T09:50:13,-22.421,-174.552,10.0,5.6
2021-08-14T09:57:20,-55.915,-26.243,10.0,5.4
2021-08-14T10:00:09,-60.349,-27.11,12.0,5.5
2021-08-14T10:30:10,-59.916,-26.78,35.0,5.2
2021-08-14T11:57:43,55.177,-157.644,20.7,6.9
2021-08-14T12:08:39,28.106,-43.867,10.0,5.4
2021-08-14T12:29:08,18.434,-73.482,10.0,7.2
2021-08-14T12:49:33,18.464,-73.733,12.6,5.1
2021-08-14T14:49:35,-60.196,-26.764,35.8,5.1
2021-08-14T17:47:09,-51.567,139.598,10.0,5.0
2021-08-14T18:11:10,18.586,-73.62,8.8,5.2
2021-08-14T18:11:56,-59.693,-26.333,73.1,5.1
2021-08-14T19:03:33,-58.537,-25.565,23.9,5.2
2021-08-14T20:28:41,-59.106,-25.052,9.2,5.2
2021-08-14T21:42:05,-56.522,-25.684,15.6,5.5
2021-08-14T21:57:15,-56.581,-25.803,12.1,5.1
2021-08-14T22:41:39,-58.051,-25.237,16.4,5.0
2021-08-14T23:53:43,-59.159,-25.12,35.0,5.0
2021-08-15T02:01:40,-59.954,-26.447,35.0,5.0
2021-08-15T02:37:53,18.608,-73.574,13.8,5.1
2021-08-15T03:20:45,18.398,-74.09,8.3,5.8
2021-08-15T05:40:02,-3.691,-77.05,96.4,5.4
2021-08-15T05:49:11,-58.614,-25.111,50.6,5.1
2021-08-15T07:44:20,-58.81,-24.696,10.0,5.0
2021-08-15T10:31:32,-57.817,-25.449,30.4,5.4
2021-08-15T10:41:11,37.491,70.136,8.7,5.2
2021-08-15T11:26:37,-57.824,-25.374,47.6,5.0
2021-08-15T11:42:35,-58.028,-23.984,10.0,5.1
2021-08-15T12:44:39,-56.422,-25.381,10.0,5.0
2021-08-15T16:34:51,-60.355,-28.138,10.0,5.4
2021-08-15T17:20:23,-58.6,-25.051,10.0,5.0
2021-08-15T19:00:51,-59.894,-27.051,38.3,5.1
2021-08-15T21:38:28,-59.524,-26.378,68.5,5.2
2021-08-15T22:30:43,-58.508,-25.148,19.7,5.2
2021-08-15T23:26:54,56.487,117.728,10.0,5.0
2021-08-16T05:46:17,-56.902,-25.671,16.4,5.7
2021-08-16T08:46:11,-59.676,-26.25,35.0,5.3
2021-08-16T10:23:22,-59.849,-26.701,35.0,5.2
2021-08-16T11:10:36,-58.369,-23.355,16.7,6.9
2021-08-16T11:52:28,-58.704,-23.697,10.0,5.0
2021-08-16T13:13:03,-4.386,82.271,10.0,5.0
2021-08-16T14:08:11,-57.797,-23.834,10.0,5.0
2021-08-16T14:36:01,-57.773,-25.386,50.2,5.1
2021-08-16T16:35:08,-16.053,167.876,159.7,5.0
2021-08-16T19:17:05,-60.122,-26.776,10.0,5.1
2021-08-16T20:50:34,-60.248,-24.928,10.0,5.5
2021-08-16T23:37:24,-59.54,-26.302,41.5,5.5
2021-08-17T03:10:49,-58.034,-23.898,10.0,5.6
2021-08-17T17:24:49,-23.037,-177.04,157.0,5.8
2021-08-17T17:53:26,-58.026,-25.416,32.6,6.1
2021-08-17T19:40:34,-59.688,-26.322,55.4,5.2
2021-08-17T20:06:13,-59.632,-26.183,41.5,5.5
2021-08-17T20:19:45,-59.604,-26.156,33.7,5.2
2021-08-17T21:47:43,-59.408,-25.306,10.0,5.0
2021-08-18T00:06:46,-56.677,-25.64,10.0,5.1
2021-08-18T00:19:21,-59.06,-25.52,37.4,5.1
2021-08-18T02:48:56,-59.63,-26.387,31.0,5.8
2021-08-18T09:44:07,29.656,141.438,39.2,5.1
2021-08-18T10:10:05,-14.882,167.058,93.0,6.9
2021-08-18T19:27:57,-55.381,-28.322,15.2,5.1
2021-08-18T20:28:58,-59.859,-26.337,35.0,5.2
2021-08-18T21:02:29,-58.474,-23.27,10.0,5.2
2021-08-18T21:40:52,-56.481,-25.175,16.4,5.0
2021-08-18T21:49:55,-59.634,-26.348,28.0,6.0
2021-08-18T22:13:54,-57.441,-25.204,24.5,5.3
2021-08-18T23:30:33,-58.698,-23.299,10.0,5.2
2021-08-19T05:23:48,-58.328,-24.993,27.4,5.1
2021-08-19T05:29:56,46.16,153.406,10.0,5.2
2021-08-19T08:28:25,-57.965,-25.76,49.6,5.3
2021-08-19T10:23:30,-59.802,-23.429,30.9,5.1
2021-08-19T11:48:17,-20.676,-173.103,10.0,5.1
2021-08-19T16:27:43,-59.616,-26.451,47.1,5.2
2021-08-19T16:34:09,-60.36,-26.545,10.0,5.0
2021-08-19T17:53:48,-33.163,-176.766,10.0,5.2
2021-08-19T20:45:33,-22.31,-174.616,10.0,5.0
2021-08-19T21:26:32,-58.478,-23.457,10.0,5.1
2021-08-20T01:09:51,-56.902,-25.106,10.0,5.0
2021-08-20T03:13:51,-58.582,-23.222,10.0,5.2
2021-08-20T03:21:33,-57.959,-25.35,35.0,5.2
2021-08-20T03:41:22,-59.718,-26.623,78.0,5.1
2021-08-20T15:07:40,-57.093,-24.986,10.0,5.2
2021-08-20T15:56:55,-58.669,-23.299,37.8,5.3
2021-08-20T18:59:13,-57.186,-25.08,21.0,5.0
2021-08-20T22:25:55,-58.018,-25.475,35.0,5.0
2021-08-21T21:55:39,36.039,142.491,10.0,5.2
2021-08-22T00:45:07,-60.14,-24.221,7.0,6.6
2021-08-22T02:24:35,37.582,141.775,57.0,5.3
2021-08-22T03:37:59,-57.436,-24.783,10.0,5.1
2021-08-22T08:28:09,-8.34,-74.38,158.5,5.0
2021-08-22T15:21:58,-58.276,-25.062,21.0,5.7
2021-08-22T19:20:04,-59.718,-26.38,74.2,5.0
2021-08-22T21:33:18,-60.284,-24.874,6.0,7.1
2021-08-22T22:30:55,-60.34,-24.787,10.0,5.0
2021-08-23T00:56:32,-58.301,-23.572,10.0,5.1
2021-08-23T03:05:37,-60.47,-24.856,10.0,5.1
2021-08-23T06:02:57,-60.424,-24.924,10.0,5.2
2021-08-23T14:28:49,-60.496,-24.825,10.0,5.0
2021-08-24T00:56:48,23.133,144.687,10.0,5.0
2021-08-24T05:37:51,48.865,154.911,35.0,6.0
2021-08-24T07:05:53,14.465,83.046,10.0,5.1
2021-08-24T07:19:11,-59.023,-25.634,57.3,5.2
2021-08-24T14:47:25,12.743,145.088,10.0,5.4
2021-08-24T16:16:42,13.273,-91.866,10.0,5.4
2021-08-24T17:33:02,12.696,145.144,10.0,5.0
2021-08-24T18:48:39,-60.546,-24.899,10.0,5.0
2021-08-24T19:38:03,27.428,129.421,10.0,5.1
2021-08-24T23:26:54,-59.828,-25.516,10.0,5.0
2021-08-25T00:28:32,-27.49,-69.236,96.8,5.1
2021-08-25T00:39:03,-58.478,-23.724,10.0,5.1
2021-08-25T05:58:05,-29.667,-177.628,34.0,5.4
2021-08-25T10:18:17,29.669,141.431,40.1,5.1
2021-08-25T19:31:46,-59.368,-25.816,57.3,5.0
2021-08-25T21:04:19,15.476,-88.336,7.8,5.2
2021-08-25T21:26:34,-57.138,-25.398,9.7,5.3
2021-08-25T23:38:21,38.91,95.526,10.0,5.3
2021-08-26T00:30:07,-57.148,-25.386,35.0,5.0
2021-08-26T02:14:22,-0.839,121.53,8.0,5.7
2021-08-26T03:20:24,-58.799,-25.437,30.0,5.8
2021-08-26T03:25:42,-58.757,-25.196,35.0,5.1
2021-08-26T05:16:02,-58.856,-25.219,35.0,5.0
2021-08-26T05:16:37,-58.782,-25.361,35.0,5.4
2021-08-26T12:25:53,-57.105,-25.041,10.0,5.1
2021-08-26T20:18:15,-57.106,-25.538,35.0,5.3
2021-08-26T20:49:04,36.44,141.28,26.5,5.0
2021-08-27T10:22:26,5.671,125.029,54.5,5.6
2021-08-27T13:47:35,-60.361,-26.313,10.0,5.0
2021-08-27T18:07:21,-57.384,-23.923,10.0,5.2
2021-08-27T22:06:40,-60.073,-27.266,42.6,5.1
2021-08-27T22:08:53,-59.653,-26.226,35.0,5.2
2021-08-28T00:22:04,-59.648,-26.279,35.0,5.3
2021-08-28T04:16:41,-58.775,-25.449,34.8,5.1
2021-08-28T11:20:49,35.485,-3.54,10.0,5.3
2021-08-28T12:27:25,-3.536,140.1,30.0,5.6
2021-08-28T12:57:48,-22.295,-67.559,191.6,5.3
2021-08-28T20:10:12,-59.416,-25.855,51.2,5.1
2021-08-29T04:01:17,-52.304,13.677,10.0,5.3
2021-08-29T08:50:42,-18.662,-173.04,10.0,5.2
2021-08-29T14:53:21,-56.848,-25.372,25.3,5.0
2021-08-29T19:29:25,17.954,-95.004,121.5,5.0
2021-08-29T23:32:44,-58.103,-23.52,10.0,5.5
2021-08-29T23:43:30,-59.244,-23.668,10.0,5.1
2021-08-30T14:45:52,-59.523,-26.425,67.8,5.1
2021-08-30T18:52:06,-60.205,-27.628,10.0,5.0
2021-08-30T21:03:17,-13.567,167.678,10.0,5.1
2021-08-31T02:52:50,-29.921,-177.38,16.0,6.4
2021-08-31T05:24:33,55.927,113.376,8.9,5.1
2021-08-31T06:18:36,-58.013,-25.666,52.5,5.2
2021-08-31T10:04:53,-18.086,-178.254,550.4,5.3
2021-08-31T11:04:26,39.042,30.189,10.0,5.1
2021-08-31T13:26:58,-13.687,167.542,10.0,5.4
2021-08-31T14:24:25,-57.018,-25.134,14.8,5.6
2021-08-31T14:29:40,-57.057,-25.583,35.0,5.0
2021-08-31T22:24:23,29.751,-42.653,10.0,5.0
2021-08-31T22:40:28,-61.185,-39.095,10.0,5.3
2021-09-01T06:33:45,-22.337,171.594,108.8,5.2
2021-09-01T07:11:30,-42.814,-82.599,10.0,5.4
2021-09-01T08:21:03,-18.619,-174.138,29.0,5.4
2021-09-01T09:01:11,-59.079,-25.567,27.0,5.6
2021-09-01T10:02:18,-59.026,-25.604,43.3,5.1
2021-09-01T13:50:10,-1.242,-24.148,10.0,5.7
2021-09-01T18:35:45,-27.732,-71.108,28.0,5.6
2021-09-01T22:51:36,-1.514,-15.514,10.0,5.4
2021-09-02T04:50:06,37.601,70.344,10.0,5.0
2021-09-02T20:26:16,50.457,150.539,441.5,5.3
2021-09-02T23:20:19,-30.075,-176.966,10.0,5.2
2021-09-03T00:06:16,-58.815,-25.728,34.9,5.5
2021-09-03T05:06:21,-14.35,-76.483,9.2,5.0
2021-09-03T05:22:58,-24.299,-115.96,10.0,5.4
2021-09-03T07:49:43,-59.925,-26.753,6.5,5.6
2021-09-03T10:14:26,49.486,147.022,585.0,5.8
2021-09-03T13:30:39,28.127,104.983,10.0,5.0
2021-09-04T07:53:47,-17.247,167.77,10.0,5.1
2021-09-04T16:13:08,-59.094,-25.673,44.8,5.1
2021-09-04T18:43:39,-6.398,154.924,60.6,5.4
2021-09-04T23:03:08,12.265,144.34,8.7,5.2
2021-09-05T05:09:20,-32.094,-179.777,231.2,5.3
2021-09-05T05:26:35,-56.767,-25.662,19.8,5.5
2021-09-05T08:42:13,20.34,-109.226,10.0,5.5
2021-09-05T09:59:04,-58.725,-25.18,27.0,5.6
2021-09-05T10:29:00,-59.29,-25.258,10.0,5.0
2021-09-05T17:51:44,-22.011,-174.592,10.0,5.9
2021-09-06T04:32:06,-28.375,-12.684,10.0,5.2
2021-09-06T07:47:20,53.161,99.098,10.0,5.3
2021-09-06T08:19:42,-58.781,-25.224,28.0,5.6
2021-09-06T14:00:23,23.84,122.204,27.5,5.2
2021-09-06T17:31:23,86.062,32.948,10.0,5.1
2021-09-07T01:52:54,-58.52,-25.263,35.2,5.0
2021-09-07T09:49:56,-19.386,-176.068,10.0,6.0
2021-09-08T01:47:47,16.946,-99.753,20.0,7.0
2021-09-08T03:03:49,13.271,142.62,10.0,5.1
2021-09-08T05:20:04,38.114,73.217,35.0,5.4
2021-09-08T16:37:27,-38.163,-93.88,10.0,5.5
2021-09-08T21:17:34,-38.236,-93.559,10.0,5.2
2021-09-08T23:13:47,-38.19,-93.846,10.0,5.3
2021-09-08T23:48:44,-38.204,-93.709,10.0,5.4
2021-09-09T02:16:32,-3.956,134.926,16.3,5.0
2021-09-09T03:47:14,-58.704,-25.129,43.8,5.3
2021-09-09T03:54:18,-58.811,-25.353,35.0,5.0
2021-09-09T04:11:49,29.359,142.181,10.0,5.4
2021-09-09T04:37:01,-58.638,-25.0,10.0,5.1
2021-09-09T04:59:43,-19.238,-176.396,10.0,5.8
2021-09-09T06:42:47,-38.22,-93.686,10.0,5.1
2021-09-09T07:18:08,-21.742,-179.357,586.4,5.0
2021-09-09T12:58:57,-59.35,-25.308,10.0,5.1
2021-09-09T19:23:23,53.47,-163.525,10.4,5.1
2021-09-09T23:48:23,36.819,78.733,10.0,5.0
2021-09-10T17:07:15,-60.549,-26.574,10.0,5.5
2021-09-10T17:45:16,-14.699,167.808,6.9,5.3
2021-09-10T19:28:34,-57.984,-25.342,35.2,5.0
2021-09-10T20:09:34,-4.696,153.279,59.4,5.0
2021-09-11T03:20:17,14.106,92.99,10.0,5.2
2021-09-11T04:56:38,-6.379,151.082,10.0,5.0
2021-09-11T09:10:47,-56.014,-27.881,79.7,5.2
2021-09-11T09:23:03,-59.606,-26.383,41.1,5.5
2021-09-12T02:32:25,47.193,146.771,358.0,5.3
2021-09-12T02:57:42,-12.569,166.198,42.8,5.4
2021-09-12T09:02:20,-0.528,99.714,87.0,5.0
2021-09-12T11:57:37,-15.426,-174.3,187.5,5.2
2021-09-13T01:45:42,-59.821,-26.416,35.0,5.1
2021-09-13T02:34:04,-59.836,-26.322,47.9,5.1
2021-09-13T04:02:32,37.289,58.894,10.0,5.1
2021-09-13T05:18:14,-23.763,-67.013,205.0,6.2
2021-09-13T14:11:29,-59.965,-26.493,36.6,5.1
2021-09-13T22:46:06,32.478,137.857,370.0,5.8
2021-09-13T23:58:01,-58.723,-25.235,35.0,5.0
2021-09-14T20:13:55,2.931,95.39,22.0,5.3
2021-09-14T22:58:19,-58.571,-25.063,29.0,5.0
2021-09-14T23:44:23,-10.582,165.943,110.0,5.1
2021-09-15T00:49:49,1.156,122.117,46.4,5.1
2021-09-15T03:31:36,-58.38,-25.521,47.4,5.3
2021-09-15T04:43:04,-58.966,-23.626,10.0,5.2
2021-09-15T08:08:28,-59.828,-26.217,27.2,5.0
2021-09-15T09:36:45,-1.351,-15.925,10.0,5.2
2021-09-15T10:22:57,-57.916,-23.568,10.0,5.3
2021-09-15T12:44:13,-28.18,-177.694,10.0,5.1
2021-09-15T20:14:52,-28.21,-177.752,10.0,5.4
2021-09-15T20:33:31,29.194,105.365,7.1,5.4
2021-09-15T22:31:40,15.47,-93.128,95.6,5.0
2021-09-16T00:06:09,-28.005,-177.511,20.7,5.0
2021-09-16T01:20:39,-56.479,-36.474,10.0,5.3
2021-09-16T04:58:37,-59.642,-26.105,35.0,5.1
2021-09-16T17:51:55,55.071,-156.499,36.8,5.6
2021-09-16T23:05:07,54.942,-156.304,33.0,5.1
2021-09-17T00:04:59,-11.43,162.122,10.0,5.0
2021-09-17T10:28:39,-13.456,167.416,8.0,5.8
2021-09-17T10:48:08,-13.44,167.428,10.0,5.1
2021-09-17T16:50:42,-28.201,-177.718,10.0,5.4
2021-09-17T18:44:57,-11.178,162.074,10.0,5.3
2021-09-17T19:36:07,48.246,153.898,88.3,5.0
2021-09-18T00:56:06,-15.774,-173.713,66.6,5.1
2021-09-18T14:43:55,13.342,-89.527,61.6,5.0
2021-09-18T20:47:07,-9.761,148.597,20.3,5.3
2021-09-19T00:19:06,-20.064,-175.748,192.4,5.2
2021-09-19T04:23:56,-13.409,167.446,10.0,5.1
2021-09-19T08:18:32,36.263,137.736,10.0,5.1
2021-09-19T19:24:04,25.226,94.88,80.0,5.0
2021-09-19T22:08:53,14.28,-91.294,59.3,5.0
2021-09-20T03:42:47,-56.37,-143.965,10.0,5.1
2021-09-20T13:12:04,-36.757,-73.977,9.6,5.1
2021-09-20T18:08:17,-31.805,179.637,410.5,5.3
2021-09-20T18:34:52,-20.98,-174.271,14.0,5.8
2021-09-20T19:07:45,-59.788,-26.593,35.0,5.4
2021-09-20T20:25:26,46.393,152.488,35.0,6.1
2021-09-21T10:14:45,-27.066,-113.13,10.0,5.4
2021-09-21T10:19:56,29.653,142.385,10.0,5.2
2021-09-21T13:14:32,-36.777,-73.933,18.8,6.4
2021-09-21T18:24:19,-26.083,70.718,10.0,5.0
2021-09-21T23:15:53,-37.492,146.353,12.0,5.9
2021-09-22T01:25:08,7.399,-82.737,13.6,5.2
2021-09-22T09:57:07,12.14,-87.865,21.0,6.5
2021-09-22T12:03:30,1.811,126.59,33.8,5.4
2021-09-22T12:27:11,12.097,-87.646,38.7,5.2
2021-09-22T12:57:00,12.098,-87.674,28.5,5.6
2021-09-22T17:01:27,56.414,117.757,10.0,5.3
2021-09-22T17:32:59,-29.822,-177.37,10.0,5.1
2021-09-22T17:43:57,-55.914,-26.946,28.4,5.0
2021-09-22T19:51:58,-59.459,-25.989,35.0,5.0
2021-09-22T19:57:23,-27.556,-178.81,352.5,5.0
2021-09-23T16:47:07,23.084,-108.025,10.0,5.2
2021-09-23T16:47:49,23.045,-107.953,10.0,5.7
2021-09-24T06:36:17,2.105,126.691,35.8,5.3
2021-09-24T07:02:29,51.134,-179.022,18.0,5.5
2021-09-24T11:52:28,51.083,-179.015,18.0,6.1
2021-09-24T15:04:15,8.625,94.183,10.0,5.4
2021-09-25T04:41:07,30.356,94.775,31.6,5.0
2021-09-25T05:21:32,-53.42,23.558,7.0,5.8
2021-09-25T22:21:19,24.295,121.743,45.6,5.0
2021-09-26T04:23:13,-58.756,-25.6,35.0,5.2
2021-09-26T17:12:05,13.894,120.51,83.0,5.7
2021-09-27T05:40:36,38.037,73.226,10.0,5.1
2021-09-27T06:17:21,35.244,25.27,6.0,6.0
2021-09-28T04:48:08,35.082,25.202,10.0,5.3
2021-09-28T06:25:10,0.524,126.445,14.7,5.0
2021-09-29T05:36:13,-59.092,-25.608,52.3,5.1
2021-09-29T08:37:05,38.889,135.453,364.0,6.1
2021-09-30T12:07:54,-13.801,167.142,170.4,5.1
2021-10-01T00:10:52,51.983,-171.1,35.0,5.2
2021-10-01T03:49:28,30.321,94.825,31.6,5.0
2021-10-01T11:15:47,-8.181,118.081,10.0,5.0
2021-10-01T15:44:06,-60.529,-26.36,10.0,5.3
2021-10-02T00:54:28,-7.222,154.912,10.0,5.1
2021-10-02T02:17:13,-7.113,154.802,10.0,5.4
2021-10-02T04:24:29,-14.606,-173.304,19.7,5.8
2021-10-02T06:29:17,-21.126,174.896,527.0,7.3
2021-10-02T12:52:34,-9.59,-71.16,589.0,5.9
2021-10-02T20:43:39,-9.178,67.261,10.0,6.0
2021-10-02T21:59:26,12.872,120.914,8.7,5.4
2021-10-03T05:49:09,-33.587,-179.303,41.6,5.3
2021-10-04T02:39:28,32.335,49.762,13.0,5.5
2021-10-04T03:54:06,-60.416,-27.519,10.0,6.2
2021-10-04T04:12:42,-46.962,33.738,10.0,5.1
2021-10-04T06:34:13,-29.979,-177.503,27.7,5.7
2021-10-04T14:28:45,-3.662,129.566,21.6,5.1
2021-10-04T14:51:45,-60.367,-27.106,10.0,5.1
2021-10-05T07:59:57,36.839,66.647,10.0,5.1
2021-10-05T17:30:27,25.717,125.022,7.9,5.4
2021-10-05T17:46:02,40.053,142.141,55.0,5.7
2021-10-05T18:03:42,25.617,125.075,10.0,5.1
2021-10-06T08:12:53,31.197,131.486,24.5,5.4
2021-10-06T15:54:20,-15.422,-173.274,35.0,5.4
2021-10-06T22:01:08,30.193,67.995,9.0,5.9
2021-10-06T23:38:08,-25.248,-64.629,10.0,5.0
2021-10-07T13:41:24,35.574,140.07,62.0,5.9
2021-10-07T17:56:15,-55.739,-26.47,10.0,5.3
2021-10-07T18:14:54,13.939,120.687,160.1,5.3
2021-10-07T18:28:03,22.312,94.768,110.0,5.5
2021-10-07T20:13:01,-58.761,158.607,10.0,5.8
2021-10-08T00:09:46,-32.053,55.736,10.0,5.0
2021-10-08T03:12:13,-58.077,-23.359,10.0,5.0
2021-10-08T10:04:53,4.413,95.433,61.1,5.2
2021-10-08T21:39:26,-56.586,-25.66,20.4,5.1
2021-10-08T22:55:34,-60.184,-24.303,10.0,5.0
2021-10-08T23:16:26,32.338,49.728,10.0,5.1
2021-10-09T04:47:49,-15.583,-71.842,14.2,5.7
2021-10-09T05:31:59,40.076,142.206,52.7,5.0
2021-10-09T07:19:27,50.042,149.875,447.5,5.6
2021-10-09T10:39:14,-4.502,153.401,64.3,5.1
2021-10-09T10:58:31,-21.189,174.522,535.0,6.9
2021-10-09T20:01:51,-4.638,152.993,54.0,5.5
2021-10-10T00:20:40,-11.695,-71.654,10.0,5.7
2021-10-10T21:48:36,18.82,-155.527,35.1,6.2
2021-10-11T09:10:25,56.295,-156.581,51.6,6.9
2021-10-11T12:34:36,0.807,126.204,36.9,5.7
2021-10-11T15:27:49,0.893,126.129,10.0,5.0
2021-10-11T17:30:28,0.85,126.091,13.0,5.0
2021-10-11T23:10:00,48.298,153.751,70.0,5.8
2021-10-11T23:30:21,6.114,126.914,69.8,5.0
2021-10-12T04:51:47,6.82,-72.992,152.0,5.0
2021-10-12T06:04:10,-21.389,174.448,519.5,5.4
2021-10-12T09:24:05,35.169,26.215,20.0,6.4
2021-10-12T18:44:05,-5.837,149.099,106.8,5.0
2021-10-13T02:54:26,9.562,-84.776,16.3,5.0
2021-10-13T06:25:38,-4.138,152.9,10.0,5.1
2021-10-13T07:55:29,-50.322,-72.25,10.0,5.4
2021-10-13T10:51:47,-7.1,130.056,91.5,5.0
2021-10-14T03:47:04,-36.319,52.431,10.0,5.3
2021-10-14T05:51:55,-15.048,167.47,116.0,5.6
2021-10-14T15:16:29,1.237,126.156,41.0,5.5
2021-10-15T02:44:59,-8.878,158.464,33.0,6.4
2021-10-15T23:17:27,-4.92,102.979,59.4,5.0
2021-10-16T13:24:06,-58.849,-24.749,10.0,5.0
2021-10-16T18:27:28,18.701,-81.705,10.0,5.4
2021-10-16T22:56:15,15.494,-49.987,10.0,5.0
2021-10-17T02:30:57,-29.908,-177.518,10.0,5.1
2021-10-17T02:32:07,29.456,130.622,24.6,5.1
2021-10-17T12:05:16,49.244,155.969,43.6,5.0
2021-10-17T17:39:14,49.147,155.933,35.0,5.1
2021-10-17T21:59:51,28.696,138.202,516.0,5.0
2021-10-18T07:26:51,-13.69,167.04,93.0,6.2
2021-10-18T08:24:31,53.981,158.634,172.9,5.3
2021-10-18T22:23:37,-45.684,-77.05,10.0,5.1
2021-10-19T05:32:32,34.576,28.395,43.9,5.9
2021-10-19T10:28:45,-21.158,-175.664,10.0,5.6
2021-10-19T12:36:37,41.512,142.825,38.4,5.3
2021-10-20T06:10:47,-2.309,139.291,10.0,5.0
2021-10-20T06:38:30,-11.937,166.799,210.7,5.2
2021-10-21T08:10:43,-25.316,179.604,487.0,6.1
2021-10-21T08:36:47,32.113,138.161,335.8,5.5
2021-10-21T21:58:20,-39.02,174.976,224.2,5.6
2021-10-22T07:27:53,4.456,147.275,10.0,5.4
2021-10-22T21:59:46,-17.04,-173.968,75.1,5.0
2021-10-22T23:03:01,51.42,91.803,10.0,5.0
2021-10-23T00:34:17,-56.252,-27.901,112.3,5.2
2021-10-23T03:10:03,51.574,178.842,54.7,5.1
2021-10-23T03:16:01,24.002,121.741,10.0,5.1
2021-10-23T08:00:42,-57.486,-25.717,54.2,5.0
2021-10-23T23:08:29,8.565,127.016,10.0,5.1
2021-10-24T05:11:34,24.511,121.831,69.0,6.2
2021-10-25T05:21:53,-5.37,152.506,10.0,5.0
2021-10-25T06:52:04,-9.307,107.823,10.0,5.1
2021-10-25T15:32:18,19.347,144.625,10.0,5.1
2021-10-25T22:05:11,-3.215,140.943,35.0,5.2
2021-10-26T05:48:42,-58.337,-14.793,10.0,5.9
2021-10-26T08:44:20,-59.412,-24.946,24.8,5.0
2021-10-28T02:32:05,-7.476,128.438,128.1,5.1
2021-10-28T06:03:10,-22.86,-174.928,10.0,5.0
2021-10-28T19:06:56,55.073,-158.837,28.0,5.1
2021-10-28T23:35:01,9.798,138.411,10.0,5.0
2021-10-29T04:33:31,5.266,125.489,177.3,5.1
2021-10-29T06:38:20,-59.142,-25.754,48.1,5.0
2021-10-29T19:42:31,-29.388,-176.122,10.0,5.5
2021-10-29T19:55:26,-15.046,-73.966,70.3,5.2
2021-10-30T05:49:13,-41.458,-83.361,10.0,5.0
2021-10-30T08:05:19,-19.624,-177.644,380.6,5.5
2021-10-30T09:03:22,-51.426,139.1,10.0,5.7
2021-10-30T11:11:42,-7.709,125.459,17.4,5.5
2021-10-31T09:18:14,-28.185,-177.348,56.1,5.1
2021-10-31T16:37:46,54.906,-158.715,25.0,5.6
2021-10-31T21:14:47,36.534,140.528,55.3,5.2
2021-11-01T00:00:45,-21.475,168.909,10.0,5.1
2021-11-01T00:02:48,-58.028,-25.268,22.0,6.0
2021-11-01T02:50:58,-58.015,-25.217,35.0,5.0
2021-11-01T03:07:56,12.865,-88.628,60.8,5.0
2021-11-01T04:40:36,-57.992,-24.455,10.0,5.0
2021-11-01T17:04:16,0.208,96.709,8.0,6.0
2021-11-01T22:08:17,18.43,-62.34,30.9,5.0
2021-11-02T02:28:07,-22.773,171.606,10.0,5.3
2021-11-02T04:20:24,-58.264,-29.677,10.0,5.0
2021-11-02T04:49:17,-56.303,-26.128,10.0,5.1
2021-11-02T08:34:48,14.688,145.613,102.1,5.0
2021-11-02T16:43:52,-6.88,130.497,94.0,5.9
2021-11-02T17:00:46,-62.581,155.455,10.0,5.4
2021-11-02T20:55:06,-12.14,65.563,10.0,5.4
2021-11-03T00:50:35,0.921,98.52,64.8,5.1
2021-11-03T03:17:48,-32.697,-70.064,100.2,5.7
2021-11-03T03:19:00,-24.479,-175.941,35.0,5.7
2021-11-03T12:45:41,-18.493,168.929,227.0,5.0
2021-11-04T02:42:44,-2.947,129.339,18.0,5.7
2021-11-04T08:57:06,52.668,-167.932,39.3,5.2
2021-11-04T15:46:34,-59.498,-26.209,69.4,5.0
2021-11-04T15:46:38,19.021,145.058,562.7,5.3
2021-11-04T16:25:05,-6.809,147.606,45.8,5.2
2021-11-04T16:36:53,-48.272,165.253,10.0,5.5
2021-11-04T19:21:36,-59.558,-26.206,72.6,5.1
2021-11-05T01:48:32,28.827,87.446,10.0,5.0
2021-11-05T23:19:49,-6.08,-81.472,10.0,5.1
2021-11-06T03:56:19,-1.312,120.615,10.0,5.1
2021-11-06T13:03:05,-21.245,-174.038,10.0,5.3
2021-11-06T14:37:36,-0.045,124.281,34.0,6.0
2021-11-06T15:13:21,-58.579,-23.363,23.5,5.4
2021-11-07T03:16:45,-40.324,173.451,219.1,5.2
2021-11-07T03:39:33,-19.28,-173.51,10.0,5.4
2021-11-07T18:50:23,-57.851,-25.419,50.9,5.2
2021-11-08T05:05:56,-0.585,123.55,10.0,5.4
2021-11-08T17:23:01,-56.655,-25.03,10.0,5.0
2021-11-08T17:43:21,37.843,32.171,10.0,5.1
2021-11-09T02:53:49,11.155,-86.694,17.0,5.9
2021-11-09T06:24:20,11.138,-86.568,20.6,5.7
2021-11-09T06:25:14,11.22,-86.526,20.0,6.3
2021-11-10T02:50:07,-7.592,105.826,21.0,5.1
2021-11-10T11:02:11,36.816,-33.414,10.0,5.1
2021-11-10T15:45:13,23.594,126.447,12.0,6.6
2021-11-10T17:46:40,-4.324,134.18,10.0,6.0
2021-11-10T21:19:56,-6.627,155.001,35.0,5.0
2021-11-11T06:35:31,-30.269,-177.88,35.0,5.0
2021-11-11T13:21:41,63.968,-19.712,10.0,5.0
2021-11-11T20:53:22,23.328,126.331,10.0,5.0
2021-11-12T00:34:16,-26.542,-13.677,10.0,5.8
2021-11-12T02:53:06,-58.012,-25.534,63.7,5.2
2021-11-12T10:44:17,1.296,98.893,91.4,5.1
2021-11-13T13:05:54,-20.932,119.814,10.0,5.3
2021-11-13T14:08:44,-14.768,-176.101,10.0,5.5
2021-11-13T14:10:39,-26.453,-13.688,10.0,5.5
2021-11-13T19:02:49,-57.782,-23.922,10.0,5.1
2021-11-14T00:47:36,-26.582,-13.715,10.0,5.4
2021-11-14T03:48:27,-57.759,-25.209,35.0,5.1
2021-11-14T09:11:30,-55.736,-125.064,10.0,5.1
2021-11-14T11:59:38,-59.787,-25.556,10.0,5.0
2021-11-14T12:07:03,27.716,56.074,9.0,6.0
2021-11-14T12:08:38,27.727,56.072,10.0,6.4
2021-11-14T13:05:14,24.558,121.984,71.3,5.0
2021-11-14T21:58:55,-37.58,51.179,10.0,5.1
2021-11-14T22:19:35,-9.5,-109.953,10.0,5.2
2021-11-15T04:23:30,-37.512,51.261,10.0,6.0
2021-11-15T07:11:58,-37.468,51.009,10.0,5.3
2021-11-15T07:13:32,-37.55,51.152,10.0,5.0
2021-11-15T09:36:27,-34.911,-111.203,10.0,5.2
2021-11-15T13:36:11,27.707,56.031,10.0,5.2
2021-11-16T06:24:59,-57.736,-25.726,56.3,5.0
2021-11-16T08:33:01,-8.953,88.148,10.0,5.3
2021-11-17T03:30:34,-3.575,101.589,59.8,5.0
2021-11-17T05:54:29,33.525,121.184,10.0,5.0
2021-11-17T07:39:02,-4.566,153.544,88.1,5.3
2021-11-17T21:38:54,-26.307,-63.325,576.2,5.5
2021-11-17T23:46:49,-10.651,165.216,35.0,5.0
2021-11-18T09:50:37,51.373,-178.309,47.7,5.0
2021-11-18T14:08:04,-5.312,153.707,34.0,6.2
2021-11-18T15:40:15,-4.722,153.292,62.0,5.4
2021-11-18T15:42:48,-22.64,-174.476,10.0,5.2
2021-11-18T16:56:56,13.567,-90.781,27.6,5.8
2021-11-18T17:00:25,14.168,-90.163,149.7,5.0
2021-11-18T17:54:06,26.518,130.005,10.0,5.0
2021-11-18T21:31:35,5.218,-82.619,10.0,5.2
2021-11-19T12:40:53,39.827,41.922,6.2,5.1
2021-11-19T19:32:55,-20.489,169.823,129.0,5.6
2021-11-19T20:08:22,6.809,127.008,27.2,5.3
2021-11-19T20:13:51,6.802,127.006,39.8,5.4
2021-11-20T10:57:52,-15.59,167.609,123.0,5.6
2021-11-20T12:46:06,40.73,48.711,10.0,5.0
2021-11-20T13:40:22,-22.927,171.962,10.0,5.3
2021-11-20T18:04:39,-32.137,-178.261,10.0,5.1
2021-11-20T22:42:58,6.7,126.697,95.2,5.0
2021-11-21T05:12:29,-29.337,-176.848,16.0,5.8
2021-11-22T01:22:52,-57.936,-25.675,48.9,5.3
2021-11-22T21:36:02,-5.769,152.083,10.0,5.0
2021-11-23T05:56:32,12.987,-90.256,18.0,5.5
2021-11-23T12:04:19,82.131,-17.657,10.0,5.4
2021-11-23T20:48:28,-34.002,55.796,10.0,5.3
2021-11-23T21:46:26,28.203,59.31,10.0,5.0
2021-11-24T04:17:52,-16.811,175.285,10.0,5.3
2021-11-24T04:29:01,-16.691,175.176,10.0,5.4
2021-11-24T05:53:48,-16.96,175.222,10.0,5.6
2021-11-25T03:24:27,-57.955,-25.701,55.6,5.0
2021-11-25T12:04:05,-10.745,166.507,10.0,6.1
2021-11-25T13:44:18,-10.83,166.522,13.7,5.0
2021-11-25T23:45:41,22.823,93.506,43.0,6.2
2021-11-26T04:13:21,-21.457,174.516,513.0,5.8
2021-11-26T07:14:04,28.922,142.354,11.0,5.6
2021-11-26T18:33:07,-15.013,-173.064,10.0,5.4
2021-11-26T18:35:19,-15.04,-173.296,10.0,5.2
2021-11-26T21:48:34,-6.645,-75.861,105.0,5.1
2021-11-27T01:44:02,-5.679,151.496,30.6,5.3
2021-11-27T03:45:51,-6.307,154.795,50.7,5.4
2021-11-27T06:01:53,4.687,126.267,80.0,5.2
2021-11-27T18:48:06,-7.038,155.961,48.7,5.3
2021-11-27T20:36:39,-9.314,148.169,10.0,5.1
2021-11-28T06:32:30,-12.016,-77.432,61.6,5.1
2021-11-28T10:52:14,-4.467,-76.813,126.0,7.5
2021-11-29T08:59:42,-58.588,-23.558,10.0,5.1
2021-11-29T12:40:44,31.196,142.503,11.0,6.3
2021-11-29T18:23:46,-33.151,-179.334,45.3,5.4
2021-11-30T00:56:07,6.738,126.124,58.2,5.1
2021-11-30T04:00:40,37.737,26.079,10.0,5.1
2021-11-30T04:38:49,-21.61,169.261,10.0,5.0
2021-11-30T06:53:34,31.217,142.438,20.1,5.5
2021-11-30T10:36:18,-3.523,151.185,10.0,6.3
2021-11-30T10:37:35,-3.625,151.352,10.0,6.1
2021-11-30T10:52:17,-3.594,150.9,10.0,5.0
2021-11-30T11:09:37,-3.762,151.471,10.0,5.0
2021-11-30T11:14:07,-3.623,151.109,10.0,5.0
2021-11-30T12:14:34,-3.558,151.422,10.0,5.8
2021-11-30T13:53:41,31.723,87.93,6.8,5.5
2021-11-30T18:27:38,31.123,142.314,10.0,5.0
2021-12-01T04:39:25,-37.916,-73.613,15.7,5.1
2021-12-01T16:58:36,36.188,140.091,51.7,5.0
2021-12-01T17:23:02,-10.391,161.297,43.7,5.3
2021-12-02T02:26:59,50.969,179.601,21.9,5.2
2021-12-03T00:28:28,33.834,135.078,12.1,5.2
2021-12-03T04:40:05,-28.482,-112.026,10.0,6.1
2021-12-03T08:33:38,-60.465,-27.14,7.0,6.0
2021-12-03T08:40:26,-23.379,-175.003,10.0,5.5
2021-12-04T00:41:50,-7.094,150.974,10.0,5.1
2021-12-04T04:32:02,-59.762,-29.666,10.0,5.1
2021-12-04T04:56:20,-59.832,-28.982,10.0,5.0
2021-12-04T08:11:27,24.969,-109.282,10.0,5.1
2021-12-04T14:27:09,-59.732,-28.013,10.0,5.7
2021-12-04T23:47:55,4.093,128.136,149.0,6.0
2021-12-05T01:01:21,51.937,-167.066,10.0,5.2
2021-12-05T01:10:56,-1.902,140.538,13.0,5.3
2021-12-05T02:14:24,29.284,129.501,10.0,5.1
2021-12-05T07:45:05,-21.661,-173.769,10.0,5.3
2021-12-05T09:24:25,-15.084,-173.111,10.0,5.1
2021-12-05T11:40:03,-2.806,141.321,10.0,5.0
2021-12-05T17:46:38,-42.435,-83.51,10.0,5.1
2021-12-05T18:26:26,-59.83,-29.439,10.0,5.6
2021-12-05T21:51:09,-25.301,-68.968,95.3,5.1
2021-12-06T00:20:03,15.928,-95.923,13.4,5.0
2021-12-06T00:25:39,23.441,96.109,10.0,5.0
2021-12-06T00:55:41,-27.8,74.007,10.0,5.5
2021-12-06T01:54:59,-58.84,-25.266,44.1,5.0
2021-12-06T04:19:45,-28.842,-175.895,10.9,5.6
2021-12-06T06:30:48,-2.762,-77.196,10.0,5.1
2021-12-06T22:35:55,-48.413,31.496,10.0,5.2
2021-12-07T02:44:04,-38.618,78.148,10.0,5.4
2021-12-07T03:14:37,-38.591,78.162,10.0,5.2
2021-12-07T09:39:36,-18.552,-71.068,17.7,5.6
2021-12-07T09:41:14,-27.882,-66.545,151.1,5.0
2021-12-07T10:27:59,-9.966,161.083,166.5,5.4
2021-12-07T15:03:16,-28.347,-176.339,21.9,5.2
2021-12-07T15:55:53,-57.464,-25.747,31.0,5.8
2021-12-07T16:26:26,-7.828,123.086,267.7,5.2
2021-12-07T17:15:56,10.413,-62.334,10.0,5.1
2021-12-07T19:43:48,10.417,-62.35,10.0,5.1
2021-12-07T21:30:16,44.387,-129.537,10.0,5.5
2021-12-07T21:57:57,44.335,-129.572,10.0,5.5
2021-12-08T00:16:56,-59.691,-26.398,35.0,5.2
2021-12-08T00:17:46,44.39,-129.356,10.0,5.2
2021-12-08T00:36:38,44.426,-129.526,10.0,5.8
2021-12-08T01:21:05,44.261,-129.38,10.0,5.8
2021-12-08T05:15:24,44.363,-129.37,10.0,5.4
2021-12-08T05:33:46,44.481,-129.669,10.0,5.3
2021-12-08T05:43:29,44.504,-129.694,10.0,5.2
2021-12-08T05:43:44,44.362,-129.585,10.0,5.5
2021-12-08T05:51:07,44.191,-129.284,10.0,5.1
2021-12-08T07:18:28,44.29,-129.428,10.0,5.5
2021-12-08T07:22:18,37.751,141.642,54.2,5.1
2021-12-08T10:14:30,44.315,-129.42,10.0,5.1
2021-12-08T10:50:25,44.383,-129.427,10.0,5.1
2021-12-08T13:30:22,44.369,-129.301,10.0,5.1
2021-12-08T15:38:20,44.303,-129.473,10.0,5.3
2021-12-08T19:00:53,-7.803,123.388,251.9,5.1
2021-12-08T20:48:48,-57.27,-25.55,57.5,5.0
2021-12-08T22:22:08,44.048,-129.278,10.0,5.0
2021-12-08T23:25:16,-2.948,-102.472,10.0,5.3
2021-12-09T02:05:07,29.413,129.385,7.0,6.0
2021-12-09T13:52:33,-5.063,152.244,34.0,5.7
2021-12-09T21:08:55,44.143,-129.595,10.0,5.2
2021-12-09T22:09:40,-23.629,-175.266,10.0,5.1
2021-12-09T23:32:16,44.163,-129.519,10.0,5.4
2021-12-10T11:11:06,-58.168,-26.073,80.4,5.0
2021-12-10T13:27:55,-31.501,-178.175,33.5,5.2
2021-12-10T18:39:18,-0.034,122.98,149.6,5.0
2021-12-10T19:45:24,-58.923,-25.906,68.2,5.0
2021-12-11T14:35:44,-56.16,-27.632,66.2,5.1
2021-12-11T14:54:19,-29.527,-71.299,45.0,5.7
2021-12-11T15:29:46,-7.042,128.69,13.0,5.4
2021-12-12T06:47:44,24.171,126.677,10.0,5.0
2021-12-12T08:46:42,-59.425,-25.931,35.0,5.0
2021-12-12T08:58:07,-60.796,154.139,10.0,6.6
2021-12-12T09:45:02,-60.792,153.824,10.0,5.3
2021-12-12T19:04:41,48.858,154.398,80.8,5.0
2021-12-12T22:11:35,-53.021,22.131,10.0,5.3
2021-12-13T00:36:46,-22.136,-179.502,561.5,5.0
2021-12-13T05:46:58,-9.536,113.653,54.9,5.0
2021-12-13T07:03:07,15.571,-92.028,167.0,5.7
2021-12-13T09:12:33,13.62,120.758,133.4,5.5
2021-12-13T11:12:58,-5.692,151.963,27.8,5.0
2021-12-13T11:44:48,-21.814,170.198,24.7,5.3
2021-12-13T21:44:58,-37.138,-95.188,10.0,5.4
2021-12-14T02:31:32,24.807,-109.221,10.0,5.1
2021-12-14T03:20:23,-7.603,122.227,14.3,7.3
2021-12-14T03:23:30,-7.609,122.247,10.0,5.7
2021-12-14T03:25:27,-7.605,122.245,10.0,5.8
2021-12-14T03:47:02,-7.382,121.76,10.0,5.1
2021-12-14T04:23:55,-28.686,-71.556,17.8,5.5
2021-12-14T05:46:40,-7.55,121.736,10.0,5.0
2021-12-14T08:31:31,-7.613,122.317,10.0,5.6
2021-12-14T12:45:36,-30.353,-177.457,10.0,5.2
2021-12-15T07:14:13,-25.887,-179.985,472.8,5.0
2021-12-15T08:21:09,32.31,49.693,10.0,5.0
2021-12-15T13:11:42,10.176,126.302,35.0,5.0
2021-12-15T16:34:41,-57.967,-25.046,35.0,5.0
2021-12-16T04:26:06,-7.044,128.685,10.0,5.6
2021-12-16T11:03:30,-6.195,127.989,378.6,5.2
2021-12-16T20:40:29,-40.608,78.391,10.0,5.1
2021-12-16T21:14:46,-60.175,-23.838,15.0,6.0
2021-12-16T22:20:05,-40.658,78.161,10.0,5.0
2021-12-17T00:12:53,4.897,-82.597,10.0,5.1
2021-12-17T20:02:30,-17.985,-178.502,575.1,5.7
2021-12-18T01:12:29,-21.801,-174.528,10.0,5.1
2021-12-18T05:16:39,36.091,23.244,63.5,5.0
2021-12-18T18:25:59,-0.692,131.524,10.0,5.2
2021-12-18T20:05:45,-47.126,33.508,10.0,6.0
2021-12-18T20:14:16,-21.436,170.133,10.0,5.1
2021-12-18T23:54:27,38.921,92.619,10.0,5.4
2021-12-19T03:19:46,13.736,92.75,10.0,5.1
2021-12-19T08:09:27,-57.991,-25.293,35.0,5.0
2021-12-19T16:28:22,-16.314,178.578,10.0,6.2
2021-12-19T21:06:15,19.561,101.311,10.0,5.5
2021-12-20T03:39:34,-56.84,-24.014,10.0,5.9
2021-12-20T16:05:25,42.392,142.665,40.8,5.1
2021-12-20T16:34:26,-26.135,-64.688,10.0,5.0
2021-12-20T20:10:20,40.298,-124.626,16.5,5.6
2021-12-20T20:10:31,40.39,-124.298,27.0,6.2
2021-12-21T01:34:30,-15.886,167.899,158.2,5.0
2021-12-21T02:55:12,5.381,126.241,70.3,5.0
2021-12-21T04:24:35,-54.249,-40.508,10.0,5.0
2021-12-21T16:42:40,31.221,142.28,10.0,5.1
2021-12-21T16:46:59,31.106,142.312,10.0,5.0
2021-12-21T21:08:33,10.299,94.042,10.0,5.0
2021-12-21T22:42:15,60.124,-153.274,151.2,5.9
2021-12-22T05:51:51,-57.782,-25.34,35.0,5.9
2021-12-22T09:19:55,-4.619,152.721,57.6,5.2
2021-12-22T13:49:52,-57.758,-25.453,35.0,5.3
2021-12-22T23:22:58,18.837,-107.071,10.0,6.0
2021-12-24T01:41:22,-54.112,-136.663,10.0,5.1
2021-12-24T10:57:42,14.858,52.155,10.0,5.3
2021-12-24T13:43:22,22.37,101.671,9.5,5.7
2021-12-24T21:34:02,-6.082,142.425,10.0,5.0
2021-12-25T09:20:12,-36.336,53.337,10.0,5.4
2021-12-25T12:19:57,-18.936,169.246,226.0,5.0
2021-12-25T12:39:13,-17.042,-173.49,43.0,5.6
2021-12-25T12:39:22,-17.484,-177.453,407.7,5.2
2021-12-25T14:36:00,-55.87,-144.227,10.0,5.4
2021-12-25T19:21:39,-8.78,67.472,10.0,5.1
2021-12-26T02:22:53,2.132,126.624,26.4,5.3
2021-12-26T08:26:47,25.21,125.603,19.1,5.9
2021-12-26T15:01:30,-0.02,123.46,107.6,5.4
2021-12-26T15:15:11,35.145,26.894,10.0,5.1
2021-12-26T15:42:57,-18.11,-179.352,639.2,6.1
2021-12-26T17:59:36,-58.843,-26.64,123.6,5.0
2021-12-26T18:59:02,35.192,26.966,10.0,5.6
2021-12-27T00:11:49,22.736,143.143,112.7,5.2
2021-12-27T09:44:06,-34.891,-108.113,10.0,5.0
2021-12-27T11:34:08,-21.447,-173.81,11.4,5.5
2021-12-27T13:31:04,35.559,74.82,10.0,5.2
2021-12-28T19:53:17,-13.235,167.86,10.0,5.1
2021-12-29T00:01:00,9.86,93.435,92.4,5.0
2021-12-29T03:57:32,54.622,170.651,10.0,5.6
2021-12-29T05:08:09,34.833,25.139,64.5,5.7
2021-12-29T09:28:57,54.521,170.611,10.8,5.0
2021-12-29T13:58:30,85.161,92.529,10.0,5.0
2021-12-29T16:47:08,34.713,25.118,64.9,5.0
2021-12-29T18:25:51,-7.548,127.577,165.5,7.3
2021-12-29T20:32:52,-7.555,127.758,157.7,5.0
2021-12-29T21:30:22,36.998,94.658,10.0,5.0
2021-12-30T00:19:54,-21.678,-179.337,586.4,5.1
2021-12-30T04:58:15,-55.889,-28.083,41.0,5.7
2021-12-30T06:47:08,23.987,122.499,20.9,5.3
2021-12-30T13:13:17,-0.08,125.25,42.0,5.5
2021-12-30T13:24:36,57.264,-155.004,58.6,5.0
2021-12-30T19:19:29,-28.773,-176.347,10.0,5.1
2021-12-31T00:50:31,-22.604,170.067,10.0,5.0
2021-12-31T00:50:46,-22.474,170.156,10.0,5.0
2021-12-31T00:58:32,37.653,-31.769,10.0,5.0
2021-12-31T05:53:42,0.049,120.434,106.8,5.0
2022-01-01T08:08:09,-36.166,-100.538,10.0,5.6
2022-01-01T11:16:04,-56.475,-26.226,35.0,5.1
2022-01-01T13:15:25,36.59,71.178,231.9,5.2
2022-01-02T03:17:42,-59.59,-25.97,35.0,5.0
2022-01-02T07:02:13,27.8,100.718,35.7,5.4
2022-01-02T08:11:04,-59.05,-25.67,35.0,5.1
2022-01-02T12:19:09,-59.678,-26.264,42.4,5.0
2022-01-02T22:44:23,1.932,127.324,93.7,5.0
2022-01-03T02:09:44,-13.186,166.815,104.0,6.0
2022-01-03T09:46:35,24.008,122.259,19.0,6.2
2022-01-03T21:08:51,27.196,141.546,40.0,5.8
2022-01-03T23:17:28,24.026,122.19,23.3,5.0
2022-01-04T03:18:37,35.281,-35.249,10.0,5.9
2022-01-04T17:26:32,-6.359,154.513,10.0,5.0
2022-01-04T18:31:55,-20.48,169.715,117.7,5.8
2022-01-04T20:55:46,-4.806,125.081,544.0,6.0
2022-01-05T00:46:01,76.23,125.055,10.0,5.1
2022-01-05T01:08:02,-17.88,168.387,58.0,5.0
2022-01-05T03:21:16,36.144,31.293,43.0,5.1
2022-01-05T07:22:26,56.018,164.969,9.2,5.2
2022-01-05T11:46:20,-20.171,168.814,10.0,5.2
2022-01-05T16:43:09,-18.98,169.612,267.2,5.0
2022-01-05T21:31:47,-32.321,-174.909,10.0,5.0
2022-01-05T23:24:39,-65.344,-71.509,10.0,5.7
2022-01-06T08:18:36,-5.519,152.191,10.0,5.0
2022-01-06T12:16:06,-59.664,-26.394,46.6,5.2
2022-01-06T16:25:05,11.937,-87.137,17.0,6.1
2022-01-07T05:08:32,-30.271,-177.584,6.1,5.1
2022-01-07T10:27:06,-11.866,-76.575,95.8,5.6
2022-01-07T12:25:53,-33.577,77.699,10.0,5.3
2022-01-07T17:04:13,11.948,-87.171,10.0,5.1
2022-01-07T17:45:30,37.828,101.29,13.0,6.6
2022-01-07T17:55:20,37.811,101.163,10.0,5.2
2022-01-07T18:09:06,37.759,101.109,10.0,5.1
2022-01-07T19:50:36,-4.38,153.407,10.0,5.0
2022-01-07T21:46:19,-3.526,68.486,10.0,5.1
2022-01-08T03:24:08,-26.682,-71.138,13.0,5.9
2022-01-08T08:16:42,60.39,-140.533,37.8,5.2
2022-01-08T08:34:55,-30.332,-177.554,34.6,5.1
2022-01-08T09:53:41,1.423,127.964,10.0,5.3
2022-01-08T10:30:42,5.733,126.978,107.9,5.0
2022-01-09T02:05:46,-7.211,152.665,13.0,5.7
2022-01-09T09:13:48,-4.772,153.374,54.6,5.0
2022-01-09T21:27:50,1.454,127.876,10.0,5.2
2022-01-09T21:35:31,-32.895,-179.036,35.0,5.0
2022-01-09T21:43:47,40.827,21.392,13.4,5.5
2022-01-09T21:59:05,1.471,127.852,10.0,5.4
2022-01-10T00:06:30,-33.782,179.574,7.0,6.2
2022-01-10T00:08:36,-33.752,179.899,10.0,5.3
2022-01-10T00:35:33,-33.75,179.572,10.0,5.2
2022-01-10T01:26:04,-33.883,179.71,10.0,5.2
2022-01-10T06:26:42,-33.77,179.51,10.0,5.3
2022-01-10T08:36:02,-26.08,-65.439,8.0,5.6
2022-01-10T10:59:33,-24.759,-176.117,25.4,5.3
2022-01-10T19:54:14,-22.693,-174.921,10.0,5.0
2022-01-10T20:03:03,-25.044,179.87,498.9,5.7
2022-01-10T23:26:44,28.478,-43.642,10.0,5.8
2022-01-11T00:26:30,0.152,96.711,10.0,5.2
2022-01-11T01:07:48,35.227,31.944,21.0,6.6
2022-01-11T08:55:02,-20.569,-173.903,10.0,5.0
2022-01-11T11:35:43,52.342,-167.755,20.0,6.8
2022-01-11T11:45:53,52.377,-167.932,17.0,5.4
2022-01-11T12:39:32,52.579,-168.328,19.0,6.6
2022-01-11T12:53:45,52.438,-167.961,16.7,5.8
2022-01-11T12:55:18,52.266,-167.991,15.2,5.3
2022-01-11T13:29:47,-15.689,-173.102,35.0,5.0
2022-01-12T01:48:03,52.075,178.056,133.6,5.2
2022-01-12T03:04:27,-32.855,-179.192,52.5,5.1
2022-01-12T10:20:43,37.682,101.405,10.0,5.1
2022-01-12T10:49:35,-39.326,174.519,193.3,5.7
2022-01-12T13:01:55,37.716,101.429,10.0,5.0
2022-01-12T13:16:21,-6.6,147.366,80.0,5.6
2022-01-13T01:45:59,51.14,-179.917,38.3,5.0
2022-01-13T05:47:12,51.286,-179.143,46.5,5.1
2022-01-13T18:19:36,-26.853,-71.193,14.5,5.2
2022-01-14T09:05:41,-6.86,105.289,33.0,6.6
2022-01-14T09:49:20,-7.042,105.206,34.5,5.4
2022-01-14T15:09:00,-28.388,-176.616,10.0,5.0
2022-01-14T16:13:03,36.542,71.494,107.0,5.3
2022-01-14T16:43:22,-7.836,118.591,10.0,5.1
2022-01-15T00:51:16,-5.171,146.281,36.7,5.3
2022-01-15T17:24:53,-58.006,-23.81,10.0,5.0
2022-01-15T18:23:04,-55.511,-128.439,10.0,5.7
2022-01-15T23:57:34,-57.93,-25.686,52.8,5.3
2022-01-16T00:25:35,-60.003,-27.915,141.9,5.2
2022-01-16T05:17:58,-13.31,167.143,197.4,5.3
2022-01-16T08:15:41,24.217,122.254,54.8,5.2
2022-01-16T11:48:05,40.041,24.361,7.0,5.5
2022-01-16T12:52:08,-6.449,154.822,379.0,6.1
2022-01-16T23:31:09,15.92,-95.806,35.0,5.3
2022-01-17T00:25:57,-7.513,105.858,35.0,5.0
2022-01-17T11:40:06,34.929,63.621,11.4,5.3
2022-01-17T15:04:45,44.795,95.096,10.0,5.0
2022-01-17T15:44:14,-26.788,-176.439,38.4,5.0
2022-01-17T22:59:23,29.282,94.151,10.0,5.1
2022-01-18T16:49:45,-57.39,147.822,10.0,5.1
2022-01-18T18:06:47,-63.161,-160.511,10.0,5.4
2022-01-19T05:46:11,-52.46,12.976,10.0,5.3
2022-01-19T14:29:43,-3.484,130.952,10.0,5.3
2022-01-20T05:06:00,-31.811,57.622,10.0,5.0
2022-01-20T05:32:16,-20.903,-175.326,10.0,5.0
2022-01-20T06:52:20,-58.888,-23.919,8.0,5.9
2022-01-20T10:44:18,-2.473,140.038,35.0,5.5
2022-01-20T10:58:09,-14.988,167.945,10.0,5.4
2022-01-20T13:03:07,-30.577,-178.053,38.4,5.2
2022-01-20T19:09:08,15.595,-94.99,18.5,5.0
2022-01-21T05:18:26,60.316,-152.36,115.3,5.1
2022-01-21T06:58:43,12.907,144.202,11.5,5.2
2022-01-21T10:12:31,23.087,93.817,59.0,5.4
2022-01-21T15:43:24,-27.835,-176.962,10.0,5.1
2022-01-21T16:08:37,32.728,132.039,39.0,6.3
2022-01-21T20:43:45,7.555,126.537,107.1,5.3
2022-01-21T21:26:35,26.768,-110.867,10.0,5.3
2022-01-22T02:26:13,3.672,126.66,21.0,6.0
2022-01-22T04:41:05,-59.415,-25.913,35.0,5.1
2022-01-22T05:17:04,53.24,-166.682,29.0,6.2
2022-01-22T13:49:48,2.858,127.531,48.4,5.0
2022-01-22T14:48:16,-44.115,-82.029,10.0,5.3
2022-01-22T15:18:06,-5.839,-12.585,10.0,5.0
2022-01-22T21:48:27,-18.962,169.398,240.8,5.1
2022-01-23T02:21:19,38.461,97.342,10.0,5.6
2022-01-23T06:23:45,6.986,127.09,10.0,5.1
2022-01-24T01:20:50,36.07,69.158,10.0,5.0
2022-01-24T13:16:23,18.458,-73.339,10.0,5.3
2022-01-24T14:06:43,18.494,-73.3,10.0,5.1
2022-01-24T20:25:46,-37.315,179.873,10.0,5.2
2022-01-24T21:17:34,-58.788,-23.809,10.0,5.3
2022-01-24T21:44:58,-57.136,-25.078,10.0,5.0
2022-01-25T01:24:33,-55.37,-28.784,11.0,6.0
2022-01-25T02:14:31,9.918,-59.893,10.0,5.2
2022-01-25T03:25:24,-15.847,-173.745,105.7,5.2
2022-01-25T05:00:16,27.161,-44.316,10.0,5.3
2022-01-25T15:16:18,-55.314,-28.775,10.0,5.3
2022-01-25T16:04:14,-4.478,72.44,10.0,5.0
2022-01-26T02:06:10,-7.261,27.972,10.0,5.0
2022-01-26T16:36:19,-63.522,170.111,10.0,5.6
2022-01-27T00:55:32,-20.603,-175.408,10.0,5.0
2022-01-27T02:49:45,-3.773,151.804,10.0,5.1
2022-01-27T06:15:07,3.126,127.963,53.5,5.0
2022-01-27T06:40:05,-19.099,-176.314,6.2,6.2
2022-01-27T16:03:03,-8.728,108.085,21.2,5.0
2022-01-28T00:31:25,-19.142,-69.37,91.1,5.5
2022-01-28T11:14:09,5.497,-82.584,8.0,6.0
2022-01-28T13:43:26,-18.767,-69.64,133.5,5.0
2022-01-28T16:32:30,38.618,144.821,10.0,5.0
2022-01-28T16:52:39,-58.978,-25.775,87.5,5.0
2022-01-29T02:46:39,-29.564,-176.722,8.0,6.5
2022-01-29T02:53:25,-29.637,-176.795,10.0,5.3
2022-01-29T03:00:27,-29.812,-176.87,10.0,5.2
2022-01-29T03:01:29,-29.606,-176.664,10.0,5.3
2022-01-29T03:04:51,-29.798,-176.811,10.0,5.1
2022-01-29T04:38:59,-29.523,-176.525,10.0,5.1
2022-01-29T04:59:10,-29.617,-176.962,10.0,5.8
2022-01-29T13:40:09,10.983,-61.06,25.9,5.1
2022-01-30T00:17:12,15.626,118.237,10.0,5.3
2022-01-30T01:57:20,-41.108,80.51,10.0,5.0
2022-01-30T11:07:32,-32.096,-111.787,10.0,5.6
2022-01-30T20:22:20,-10.209,122.3,58.6,5.0
2022-01-31T00:08:15,-14.934,-73.976,72.4,5.0
2022-01-31T11:21:46,-29.635,-177.035,14.0,5.7
2022-01-31T11:26:52,-29.598,-176.91,10.0,5.4
2022-01-31T11:56:36,14.487,56.401,10.0,5.3
2022-01-31T12:14:36,-29.568,-176.803,15.0,5.9
2022-01-31T12:38:15,14.441,56.335,10.0,5.4
2022-01-31T12:42:18,14.451,56.383,10.0,5.2
2022-02-01T14:05:02,-7.104,145.996,177.4,5.4
2022-02-01T15:26:01,-29.512,-176.82,4.4,5.3
2022-02-01T19:25:10,-7.483,128.313,119.0,6.0
2022-02-02T04:24:30,-49.855,163.223,10.0,5.2
2022-02-02T05:32:32,-27.757,-176.327,10.0,5.6
2022-02-02T10:18:15,-27.853,-176.367,10.0,5.3
2022-02-02T10:26:33,-21.104,-174.271,9.6,5.5
2022-02-02T11:42:14,14.264,-93.465,10.0,5.1
2022-02-02T18:13:02,-27.925,-175.973,10.0,5.5
2022-02-02T19:23:01,-32.238,-179.099,66.3,5.3
2022-02-02T21:03:48,35.063,31.82,26.4,5.3
2022-02-02T23:58:17,-29.688,-176.981,10.0,5.2
2022-02-03T09:35:51,-23.227,-64.986,24.4,5.0
2022-02-03T15:40:49,-9.111,125.715,10.0,5.2
2022-02-03T15:58:57,-4.466,-76.928,110.0,6.5
2022-02-03T22:59:20,-57.946,-25.83,35.0,5.1
2022-02-03T23:53:31,54.27,-161.598,31.2,5.4
2022-02-04T10:10:46,-7.262,105.967,44.8,5.2
2022-02-04T13:06:30,-20.861,-175.56,10.0,5.0
2022-02-04T20:25:09,-48.033,99.495,10.0,6.3
2022-02-04T21:24:03,8.383,-83.157,18.2,5.0
2022-02-05T01:18:05,29.762,-42.87,10.0,5.0
2022-02-05T04:16:01,36.431,71.126,212.0,5.8
2022-02-05T17:31:46,-47.245,165.374,15.1,5.0
2022-02-05T17:47:49,-33.135,-179.556,74.3,5.1
2022-02-05T21:18:50,52.587,143.276,10.0,5.2
2022-02-06T00:42:21,-21.71,-176.462,172.3,5.2
2022-02-06T07:22:33,62.747,-148.705,61.6,5.2
2022-02-06T23:46:31,-22.174,-68.658,105.5,5.3
2022-02-07T03:41:37,-29.182,-177.012,10.0,5.0
2022-02-07T08:45:36,-13.5,174.408,10.0,5.3
2022-02-07T10:37:45,-59.598,-26.388,59.8,5.2
2022-02-07T10:58:24,24.387,122.037,30.0,5.1
2022-02-07T21:09:39,-59.25,-25.477,35.0,5.2
2022-02-07T23:29:35,12.042,141.663,59.3,5.2
2022-02-08T02:28:45,-30.268,-177.875,35.0,5.0
2022-02-08T02:30:39,-23.804,-175.702,10.0,5.0
2022-02-08T06:32:39,-58.34,-14.738,10.0,5.1
2022-02-08T08:00:30,-55.268,-144.818,10.0,5.1
2022-02-08T08:22:21,-23.667,-175.601,10.0,5.2
2022-02-08T08:51:38,-53.231,9.464,10.0,5.0
2022-02-08T11:59:25,-0.417,-19.891,10.0,6.2
2022-02-08T16:36:31,26.84,126.525,10.0,5.6
2022-02-08T22:41:46,26.804,126.343,10.0,5.1
2022-02-09T13:56:25,-23.744,-175.841,10.0,5.0
2022-02-09T14:38:31,-6.117,149.901,47.8,5.1
2022-02-09T17:09:21,-55.528,-144.693,10.0,5.0
2022-02-09T23:33:58,-57.216,-25.09,10.0,5.0
2022-02-10T00:47:46,-58.347,-23.035,10.0,5.0
2022-02-10T04:40:52,-34.186,179.482,10.0,5.1
2022-02-10T10:27:32,-10.332,-13.128,10.0,5.5
2022-02-11T06:24:13,-10.518,-13.044,10.0,5.3
2022-02-11T07:14:53,-3.511,144.053,10.0,5.5
2022-02-11T13:15:18,-3.51,144.101,10.0,5.2
2022-02-11T16:43:10,23.981,122.284,10.0,5.3
2022-02-12T00:41:07,20.125,121.386,26.2,5.2
2022-02-12T04:33:04,-9.85,160.23,33.5,5.0
2022-02-12T06:36:25,-3.496,143.892,10.0,5.0
2022-02-12T14:27:57,-0.442,-19.776,10.0,5.0
2022-02-12T20:48:54,-0.491,-19.986,10.0,5.5
2022-02-12T22:49:44,-5.659,154.517,91.5,5.0
2022-02-13T04:36:17,19.13,121.173,28.2,5.5
2022-02-13T06:54:10,-56.121,-27.892,98.2,5.3
2022-02-13T08:21:47,0.931,126.263,38.1,5.7
2022-02-13T14:48:02,-21.058,173.537,10.0,5.4
2022-02-13T18:25:56,41.16,44.01,10.0,5.3
2022-02-13T20:29:46,11.788,144.284,15.0,6.0
2022-02-13T20:49:42,11.732,144.454,10.0,5.3
2022-02-14T20:28:21,70.711,-14.385,10.0,5.7
2022-02-15T08:03:00,16.772,-61.339,46.8,5.0
2022-02-15T18:15:17,-58.412,-25.561,71.5,5.1
2022-02-16T05:39:36,-58.34,-25.527,31.0,5.5
2022-02-16T07:10:28,-25.044,-176.893,83.4,5.0
2022-02-16T07:12:22,14.148,-91.398,60.0,6.2
2022-02-16T09:28:43,-20.764,-175.44,10.0,5.0
2022-02-16T20:21:06,-23.768,179.998,535.0,6.8
2022-02-16T21:42:31,7.653,-37.77,10.0,5.0
2022-02-17T04:03:55,-59.191,-23.733,10.0,5.6
2022-02-17T13:26:06,-24.202,-175.665,10.0,5.0
2022-02-17T19:50:58,-9.348,107.01,10.0,5.1
2022-02-17T21:50:51,-29.962,-179.277,303.7,5.5
2022-02-17T23:36:25,12.978,-87.988,67.2,5.2
2022-02-18T02:29:34,-56.684,-25.472,33.8,5.0
2022-02-18T02:55:07,38.215,141.689,56.2,5.1
2022-02-18T03:14:43,-25.547,70.144,10.0,5.1
2022-02-18T21:39:39,-6.262,142.598,10.0,5.1
2022-02-18T22:08:05,-62.747,-61.177,10.0,5.0
2022-02-18T23:02:17,-50.288,114.196,10.0,5.0
2022-02-19T04:47:16,-29.545,-176.943,10.0,5.1
2022-02-19T11:14:48,28.278,142.962,10.0,5.0
2022-02-19T14:45:14,-23.546,-175.828,10.0,5.2
2022-02-19T16:46:52,-56.631,-142.93,10.0,5.7
2022-02-20T11:47:09,55.273,-157.808,16.5,5.3
2022-02-20T11:58:21,-18.412,-71.232,30.2,5.1
2022-02-20T18:29:27,6.007,126.645,58.1,5.5
2022-02-20T21:13:26,6.012,126.586,51.8,5.2
2022-02-20T23:25:56,-26.866,-176.207,10.0,5.1
2022-02-21T00:20:36,-8.21,154.474,10.0,5.2
2022-02-21T02:33:04,53.152,-166.792,30.3,5.1
2022-02-21T03:06:45,-41.752,173.651,36.4,5.2
2022-02-21T07:22:18,13.602,120.874,139.3,5.3
2022-02-21T10:26:36,-5.639,154.461,95.3,5.1
2022-02-21T11:09:40,11.76,144.466,10.0,5.1
2022-02-21T12:35:58,-8.207,120.621,20.0,5.7
2022-02-21T13:06:53,-8.119,120.673,10.0,5.3
2022-02-21T16:22:33,-8.09,120.791,10.0,5.5
2022-02-21T18:16:53,-8.104,120.614,10.0,5.2
2022-02-21T20:52:32,26.861,126.436,11.5,5.6
2022-02-21T20:59:23,29.541,140.814,98.1,5.0
2022-02-21T23:24:13,-69.774,165.392,14.0,6.3
2022-02-22T04:10:04,53.246,-166.697,43.4,5.1
2022-02-22T06:12:50,-22.666,-66.266,251.0,6.0
2022-02-22T10:44:09,-16.115,-173.973,163.0,5.9
2022-02-23T05:25:29,-4.818,144.503,49.4,5.1
2022-02-23T12:49:31,7.817,-74.249,50.7,5.5
2022-02-23T19:53:15,26.897,126.452,10.0,5.1
2022-02-24T03:52:57,-58.459,-29.744,10.0,5.5
2022-02-24T04:12:20,-5.599,151.924,10.0,5.3
2022-02-24T06:28:39,-5.59,151.926,25.0,5.3
2022-02-24T16:18:57,-30.708,-177.451,10.0,5.0
2022-02-25T01:35:50,0.249,100.002,10.0,5.0
2022-02-25T01:39:26,0.219,100.101,4.0,6.1
2022-02-25T06:28:23,-56.336,-27.116,91.8,5.0
2022-02-25T08:50:53,26.731,126.472,10.0,5.3
2022-02-25T13:41:50,-20.891,-175.359,10.0,5.0
2022-02-25T13:48:42,55.002,165.899,27.8,5.3
2022-02-25T21:52:06,-59.618,-26.343,40.0,5.8
2022-02-25T23:41:40,-3.543,143.815,10.0,5.4
2022-02-25T23:45:43,11.864,144.343,10.0,5.0
2022-02-25T23:53:24,11.732,144.492,10.0,5.0
2022-02-26T01:23:52,30.096,-42.449,10.0,5.2
2022-02-26T04:22:11,-20.551,169.42,65.2,5.0
2022-02-26T06:15:53,5.705,126.285,119.2,5.2
2022-02-27T16:33:35,43.9,148.583,10.0,5.1
2022-02-27T20:49:47,-29.888,-71.773,27.2,5.1
2022-02-28T01:15:16,-36.98,-73.993,9.9,5.7
2022-02-28T05:57:53,-59.747,-26.204,37.7,5.0
2022-02-28T09:52:54,22.471,-45.031,10.0,5.6
2022-02-28T11:35:11,44.036,148.464,39.6,5.1
2022-02-28T22:04:30,43.915,148.645,10.0,5.1
2022-03-01T02:12:52,-3.749,142.797,27.4,5.0
2022-03-01T04:38:56,-21.318,-174.158,10.0,5.3
2022-03-01T06:12:13,-29.568,-176.782,10.0,5.3
2022-03-01T06:22:54,-27.172,-175.841,10.0,5.8
2022-03-01T11:04:09,4.089,95.993,41.6,5.2
2022-03-01T11:10:55,-29.478,-176.861,10.0,5.3
2022-03-01T18:03:12,-29.568,-176.992,10.0,5.1
2022-03-01T19:35:46,16.275,-96.377,40.2,5.3
2022-03-01T22:31:17,52.346,174.042,38.1,5.2
2022-03-02T04:41:08,-0.471,-19.789,10.0,5.4
2022-03-02T07:24:15,-23.374,171.902,10.0,5.0
2022-03-02T09:58:27,35.538,69.784,91.2,5.2
2022-03-02T10:14:20,-18.401,-173.557,35.0,5.0
2022-03-02T11:10:02,-58.456,-24.968,35.0,5.0
2022-03-02T12:52:07,-30.075,-177.726,24.0,6.6
2022-03-02T15:03:00,-30.127,-177.819,34.6,5.2
2022-03-02T18:05:17,-29.986,-177.913,47.3,5.1
2022-03-02T20:07:40,0.16,-16.987,10.0,5.4
2022-03-02T22:53:58,-4.97,152.24,38.1,5.5
2022-03-02T23:25:19,-0.613,131.375,10.0,5.0
2022-03-03T01:31:00,-42.589,-83.21,10.0,5.0
2022-03-03T07:37:00,10.002,-78.559,35.0,5.0
2022-03-03T13:29:55,-30.083,-177.796,37.5,5.1
2022-03-03T14:40:33,18.201,-95.404,109.9,5.7
2022-03-03T16:34:53,-5.281,68.668,10.0,5.1
2022-03-03T19:17:47,-16.98,-70.161,162.4,5.1
2022-03-04T02:58:37,-27.26,-176.006,10.0,5.1
2022-03-04T04:53:16,-27.024,-176.044,10.0,5.0
2022-03-04T07:47:59,-5.286,150.785,155.8,5.4
2022-03-04T16:59:43,-57.456,-25.796,72.5,5.0
2022-03-04T22:29:45,39.606,143.696,10.0,5.1
2022-03-04T22:37:03,-64.644,175.781,10.0,5.1
2022-03-05T01:10:08,-22.438,-66.064,266.0,5.7
2022-03-05T05:03:02,-58.426,-23.34,10.0,5.0
2022-03-05T07:45:28,-10.575,-74.137,136.3,5.1
2022-03-05T12:02:41,4.652,95.025,42.0,5.5
2022-03-05T13:33:23,2.683,99.03,149.0,5.0
2022-03-05T22:09:07,-21.636,-174.071,10.0,5.0
2022-03-06T01:13:33,28.094,130.011,10.0,5.0
2022-03-06T02:33:25,-22.554,-176.246,74.9,5.0
2022-03-06T03:29:20,16.911,-95.2,94.6,5.5
2022-03-06T06:57:05,-30.932,-179.49,282.6,5.1
2022-03-06T09:35:07,-28.544,-68.711,105.2,5.5
2022-03-06T20:14:31,-58.732,-24.917,20.0,6.0
2022-03-07T01:57:39,-13.891,66.17,10.0,5.2
2022-03-07T05:34:18,-20.375,-178.404,581.8,6.1
2022-03-07T17:55:11,-35.866,-102.848,10.0,5.4
2022-03-07T18:13:14,2.704,125.794,96.1,5.3
2022-03-07T22:13:29,-30.162,-177.918,35.0,5.2
2022-03-07T23:25:40,-59.081,-25.786,35.0,5.1
2022-03-08T04:10:10,-58.988,-25.722,61.2,5.1
2022-03-08T17:14:36,-54.139,145.771,10.0,5.5
2022-03-08T19:08:05,-30.484,-177.217,10.0,5.0
2022-03-09T01:49:18,2.585,128.403,40.5,5.1
2022-03-09T02:07:05,-38.407,-93.004,10.0,5.1
2022-03-09T02:44:44,-37.75,177.333,81.9,5.1
2022-03-09T12:22:14,23.266,121.433,32.6,5.2
2022-03-09T16:18:01,6.062,-100.684,10.0,5.1
2022-03-09T16:30:15,-60.61,-25.987,10.0,5.4
2022-03-10T04:26:53,3.918,95.91,48.0,5.1
2022-03-10T19:34:20,14.422,-93.011,22.8,5.1
2022-03-11T07:07:24,45.154,153.49,10.0,5.1
2022-03-11T17:00:37,0.548,126.3,8.1,5.1
2022-03-12T05:31:11,-7.317,106.07,42.3,5.3
2022-03-12T11:52:34,55.89,163.029,35.0,5.0
2022-03-12T18:19:50,-27.076,-175.969,10.0,5.3
2022-03-12T20:22:52,-57.711,-23.953,10.0,5.2
2022-03-13T00:01:41,15.182,-93.859,49.8,5.3
2022-03-13T20:30:11,-29.976,-13.933,10.0,5.2
2022-03-13T21:05:49,14.096,119.381,11.0,6.4
2022-03-13T21:09:22,-0.629,98.626,28.0,6.7
2022-03-13T21:25:22,14.084,119.438,10.0,5.1
2022-03-13T21:27:18,14.097,119.38,10.0,5.0
2022-03-13T21:38:43,-0.609,98.529,29.2,5.6
2022-03-14T01:07:20,-5.46,151.323,70.4,5.1
2022-03-14T14:12:10,-0.543,98.557,25.1,5.3
2022-03-14T14:40:47,14.145,119.334,10.0,5.2
2022-03-14T15:22:53,14.131,119.516,10.0,5.0
2022-03-15T08:05:20,14.128,119.361,10.0,5.0
2022-03-15T09:05:23,-26.867,-176.088,10.0,5.2
2022-03-15T12:12:32,-0.528,98.595,43.8,5.2
2022-03-15T14:18:02,0.417,125.852,34.0,5.0
2022-03-15T15:51:39,-58.591,-24.975,10.0,5.3
2022-03-15T18:15:49,14.008,119.475,9.9,5.0
2022-03-16T00:09:30,14.138,119.296,10.0,5.2
2022-03-16T00:39:06,-20.009,-175.784,188.1,5.4
2022-03-16T03:00:03,-7.634,107.032,50.2,5.3
2022-03-16T06:06:36,-15.67,-71.884,12.3,5.5
2022-03-16T13:35:23,35.596,74.925,10.0,5.1
2022-03-16T14:34:27,37.647,141.674,57.2,6.0
2022-03-16T14:36:30,37.713,141.579,41.0,7.3
2022-03-16T14:43:43,37.853,142.14,49.1,5.3
2022-03-16T14:45:57,37.863,141.765,66.7,5.0
2022-03-16T14:46:30,37.864,141.795,58.6,5.2
2022-03-16T14:49:09,37.78,141.932,60.4,5.2
2022-03-16T15:52:29,37.806,141.853,55.0,5.5
2022-03-16T23:15:47,27.022,54.584,22.0,5.9
2022-03-17T00:26:03,38.944,97.586,10.0,5.0
2022-03-17T05:06:20,25.798,123.956,188.5,5.1
2022-03-17T11:33:37,26.815,126.375,9.0,5.7
2022-03-17T13:41:18,36.0,77.91,10.0,5.1
2022-03-17T19:11:02,-26.898,-175.951,10.0,5.1
2022-03-17T22:25:46,-11.455,-12.975,10.0,5.5
2022-03-18T02:52:45,-49.344,121.231,10.0,5.2
2022-03-18T12:02:27,-3.568,142.172,31.2,5.2
2022-03-18T14:25:18,40.112,141.977,29.6,5.1
2022-03-18T15:57:48,37.767,141.781,51.9,5.1
2022-03-18T19:04:18,25.671,123.998,165.9,5.9
2022-03-18T19:37:08,25.008,-45.541,10.0,5.0
2022-03-19T04:26:26,-1.874,133.308,26.0,5.0
2022-03-19T05:44:17,24.954,-45.485,10.0,5.0
2022-03-19T09:59:30,36.847,5.187,10.0,5.2
2022-03-19T15:09:43,-27.358,-175.565,10.0,5.1
2022-03-19T21:24:22,-25.298,-176.3,21.0,6.3
2022-03-20T00:33:15,-25.349,-176.29,10.0,5.0
2022-03-20T16:39:20,10.942,124.861,10.0,5.3
2022-03-20T18:10:43,-28.659,-177.353,44.0,6.0
2022-03-21T00:28:01,-23.444,-175.15,10.0,5.0
2022-03-21T05:15:30,-58.255,-23.49,10.0,5.6
2022-03-21T05:32:53,61.553,2.393,10.0,5.2
2022-03-21T16:02:33,-57.787,-25.219,35.0,5.1
2022-03-21T16:28:46,-56.776,-25.41,10.0,5.0
2022-03-22T16:35:08,10.745,-43.382,10.0,6.7
2022-03-22T17:06:55,22.079,121.459,28.9,5.0
2022-03-22T17:41:38,23.384,121.612,24.0,6.7
2022-03-22T17:43:25,23.42,121.49,16.7,5.9
2022-03-22T18:10:50,23.46,121.51,11.8,5.1
2022-03-22T18:24:50,-56.976,-25.338,50.1,5.0
2022-03-22T18:37:49,23.346,121.616,26.4,5.0
2022-03-22T19:35:03,23.505,121.542,24.0,5.5
2022-03-22T20:29:58,23.408,121.51,18.0,5.8
2022-03-23T01:54:31,-14.137,-14.211,10.0,5.1
2022-03-23T10:10:40,-0.766,133.513,34.6,5.2
2022-03-23T11:57:30,-22.93,172.423,10.0,5.2
2022-03-23T12:02:54,19.361,122.302,10.0,5.1
2022-03-23T18:11:22,26.839,126.388,10.0,5.3
2022-03-23T19:40:41,18.799,-74.106,10.0,5.1
2022-03-23T20:47:31,-23.476,-175.323,10.0,5.4
2022-03-23T21:57:00,-15.069,167.452,115.0,6.0
2022-03-23T22:53:27,26.802,126.388,10.0,5.1
2022-03-23T23:15:59,-23.66,-175.333,10.0,5.0
2022-03-24T00:38:26,23.45,121.501,20.1,5.2
2022-03-24T18:02:03,-33.722,-178.757,10.0,5.3
2022-03-24T21:52:28,52.2,143.666,10.0,5.0
2022-03-25T00:56:22,-15.584,-71.631,125.4,5.3
2022-03-25T01:56:50,-6.223,146.876,99.8,5.3
2022-03-25T03:08:16,37.578,141.362,40.4,5.2
2022-03-25T03:08:55,24.86,124.604,71.2,5.1
2022-03-25T08:54:35,-33.872,-178.553,10.0,5.3
2022-03-25T16:21:03,38.536,97.29,10.0,5.7
2022-03-25T16:28:42,38.58,97.306,10.0,5.0
2022-03-25T18:50:06,38.566,97.255,10.0,5.0
2022-03-25T18:56:20,-6.116,147.593,57.7,5.0
2022-03-25T21:40:00,-5.782,151.441,34.6,5.0
2022-03-25T21:46:53,-49.938,106.372,10.0,5.1
2022-03-26T13:53:20,20.73,122.141,10.0,5.1
2022-03-26T15:38:52,26.817,126.502,10.0,5.4
2022-03-26T23:15:31,42.373,142.978,55.4,5.0
2022-03-27T00:50:45,-13.807,66.176,12.8,5.8
2022-03-27T01:12:22,44.123,-129.438,10.0,5.1
2022-03-27T04:28:12,0.904,-79.611,19.0,5.8
2022-03-27T05:53:07,0.846,-79.622,35.1,5.2
2022-03-27T20:17:07,0.958,-79.552,21.8,5.2
2022-03-28T07:19:08,-58.7,-25.412,35.0,5.1
2022-03-28T18:43:40,17.174,-84.631,10.0,5.4
2022-03-28T22:21:11,-30.104,-177.802,45.3,5.2
2022-03-29T07:12:16,-22.055,170.084,10.0,5.2
2022-03-29T16:27:15,14.102,119.293,10.0,5.0
2022-03-29T17:13:07,15.245,-104.358,10.0,5.5
2022-03-29T17:36:43,26.852,126.408,10.0,5.4
2022-03-30T05:14:57,-23.448,-175.135,10.0,5.0
2022-03-30T06:02:24,-58.095,-25.42,35.0,5.2
2022-03-30T07:44:38,-6.027,104.437,44.6,5.0
2022-03-30T16:00:58,13.953,-91.936,22.8,5.3
2022-03-30T20:56:58,-22.666,170.366,10.0,6.9
2022-03-30T23:17:09,-28.703,-71.462,22.4,5.0
2022-03-30T23:54:31,-22.482,170.281,10.0,5.1
2022-03-31T00:11:47,-11.16,-77.995,52.0,5.1
2022-03-31T03:06:47,-22.403,170.174,10.0,5.7
2022-03-31T05:44:01,-22.586,170.374,10.0,7.0
2022-03-31T05:45:43,-18.16,-173.827,48.8,5.3
2022-03-31T06:02:09,-22.463,170.383,10.0,5.6
2022-03-31T06:09:47,-22.366,170.177,10.0,5.2
2022-03-31T06:12:24,-22.375,170.35,10.0,5.6
2022-03-31T07:22:01,-22.545,170.116,10.0,5.1
2022-03-31T10:16:21,-22.654,170.74,10.0,5.1
2022-03-31T15:23:31,-58.041,-25.256,45.5,5.0
2022-03-31T15:29:53,-22.685,170.729,10.0,5.3
2022-03-31T15:30:47,-22.625,170.802,10.0,5.1
2022-03-31T15:54:27,-22.202,170.269,10.0,5.3
2022-03-31T18:19:30,46.148,150.938,112.8,5.0
2022-03-31T19:50:40,-22.658,170.808,20.0,6.4
2022-03-31T21:59:43,-22.63,170.758,10.0,5.1
2022-03-31T23:18:16,-4.808,139.427,10.0,5.2
2022-04-01T01:32:41,30.676,141.688,28.6,5.1
2022-04-01T01:35:53,9.724,126.723,10.0,5.0
2022-04-01T07:14:12,-7.252,106.068,18.5,5.3
2022-04-01T08:28:10,-60.663,-25.193,10.0,5.0
2022-04-01T11:28:04,-31.415,-67.993,107.6,5.1
2022-04-01T13:05:18,-22.6,170.266,16.0,5.5
2022-04-01T14:38:39,-56.944,-142.343,10.0,5.6
2022-04-02T04:15:06,-22.886,170.517,22.4,5.6
2022-04-02T10:45:58,-22.659,170.538,15.4,5.5
2022-04-02T18:45:00,-22.688,170.543,9.0,5.6
2022-04-02T22:05:15,-16.955,-174.396,10.0,5.2
2022-04-03T00:52:48,5.421,126.835,40.0,5.1
2022-04-03T05:16:36,-31.476,-67.075,116.6,5.1
2022-04-03T09:00:15,26.794,126.448,10.0,5.0
2022-04-03T10:24:54,9.256,126.695,17.0,5.6
2022-04-03T11:22:04,9.262,126.696,10.0,5.4
2022-04-03T15:29:39,9.194,126.632,18.0,5.4
2022-04-03T18:44:28,-22.877,170.105,10.0,5.1
2022-04-03T19:50:10,-41.111,-90.265,10.0,5.0
2022-04-03T20:47:05,-57.474,-25.369,10.0,5.1
2022-04-04T03:16:58,10.607,140.786,10.0,5.0
2022-04-04T10:29:03,37.375,141.684,33.8,5.4
2022-04-04T14:13:34,47.646,154.138,27.6,5.4
2022-04-04T16:06:57,-17.472,167.862,31.0,6.0
2022-04-05T01:44:08,1.936,126.871,36.0,5.9
2022-04-05T20:24:27,-25.568,-176.561,37.9,5.1
2022-04-05T21:26:55,-57.997,-25.474,45.4,5.7
2022-04-06T03:12:12,26.696,126.419,10.0,5.0
2022-04-06T05:29:43,7.423,94.308,10.0,5.5
2022-04-06T15:27:56,-26.995,-176.367,12.5,5.5
2022-04-07T03:30:42,-13.321,-75.254,86.8,5.1
2022-04-07T10:13:49,8.968,-40.486,10.0,5.1
2022-04-07T23:36:10,21.703,121.044,10.0,5.7
2022-04-08T12:32:11,-3.292,138.99,57.9,5.0
2022-04-08T14:35:13,-54.45,-118.874,10.0,5.0
2022-04-08T19:19:33,21.704,120.999,16.0,5.3
2022-04-09T14:02:15,38.116,38.662,10.0,5.3
2022-04-09T15:49:09,-36.624,78.841,10.0,5.8
2022-04-09T16:29:16,51.149,178.735,22.0,5.7
2022-04-09T19:35:11,-22.862,171.634,10.0,5.1
2022-04-09T20:52:38,-16.315,166.86,17.0,6.3
2022-04-09T21:22:12,-3.16,139.83,40.1,5.3
2022-04-09T22:33:15,31.662,-40.842,10.0,5.3
2022-04-09T23:09:40,31.595,-40.925,10.0,5.0
2022-04-10T01:32:23,7.367,94.441,6.2,5.4
2022-04-10T03:04:04,-11.738,-75.142,10.0,5.0
2022-04-10T09:43:15,36.196,141.499,26.4,5.0
2022-04-10T10:43:25,7.294,94.488,10.0,5.1
2022-04-10T11:16:04,-48.84,123.813,10.0,5.1
2022-04-10T13:34:28,7.321,94.432,8.3,5.2
2022-04-10T14:17:30,7.374,94.48,10.0,5.1
2022-04-10T23:41:21,31.038,-41.391,10.0,5.3
2022-04-11T13:47:29,21.672,121.064,10.0,5.3
2022-04-11T19:15:31,21.685,121.094,10.0,5.0
2022-04-11T19:15:36,-16.773,-177.18,10.0,5.5
2022-04-11T22:27:55,-24.783,-177.262,129.0,5.1
2022-04-12T11:44:52,-55.858,-28.136,111.8,5.0
2022-04-12T20:36:16,-20.067,14.953,10.0,5.0
2022-04-13T01:22:32,26.857,126.413,8.0,5.6
2022-04-13T02:32:00,-13.749,166.747,17.0,5.4
2022-04-13T03:00:56,-4.43,152.024,149.0,6.1
2022-04-13T11:14:02,-35.853,-102.115,10.0,5.4
2022-04-13T19:13:01,-27.768,63.949,10.0,5.3
2022-04-14T07:03:34,-25.203,-175.369,8.0,5.5
2022-04-14T09:27:14,-55.42,-1.813,10.0,5.0
2022-04-14T11:02:44,-22.402,170.673,10.0,5.0
2022-04-15T01:26:17,38.517,97.308,15.0,5.1
2022-04-15T06:54:09,-5.872,151.665,10.0,5.3
2022-04-15T14:22:43,-17.543,168.667,10.0,5.3
2022-04-15T16:43:31,-22.778,-69.948,68.4,5.0
2022-04-15T16:45:21,-55.939,-27.796,61.8,5.1
2022-04-15T22:53:42,12.683,-88.16,61.4,5.0
2022-04-16T17:10:34,-33.991,-72.365,11.1,5.0
2022-04-16T21:57:37,-22.44,170.669,10.0,5.3
2022-04-17T02:10:49,-29.084,-176.437,10.0,5.0
2022-04-17T02:11:46,-28.883,-176.51,10.0,5.0
2022-04-17T02:12:26,-28.966,-176.754,10.0,5.0
2022-04-17T05:49:29,-1.371,136.928,18.5,5.4
2022-04-17T07:46:35,-15.704,167.846,196.0,6.1
2022-04-17T10:04:10,-9.958,117.902,48.4,5.1
2022-04-18T03:04:59,1.836,127.75,19.5,5.0
2022-04-18T11:38:38,21.641,121.105,10.0,5.3
2022-04-18T21:56:12,-8.871,157.897,10.0,5.0
2022-04-18T23:16:00,36.924,140.314,94.8,5.3
2022-04-18T23:33:34,-11.267,162.802,11.5,5.5
2022-04-19T00:20:53,-10.938,166.006,47.5,5.3
2022-04-19T01:23:07,7.285,126.953,19.0,6.1
2022-04-19T04:24:33,7.084,127.037,10.0,5.2
2022-04-19T04:33:43,-21.501,-173.811,18.0,5.9
2022-04-19T07:07:10,-61.687,154.579,10.0,5.4
2022-04-19T12:44:08,17.86,-101.864,17.6,5.0
2022-04-19T17:52:00,6.41,127.06,66.4,5.0
2022-04-19T21:19:59,3.66,126.64,9.7,5.1
2022-04-19T22:44:39,38.924,70.588,10.0,5.1
2022-04-20T05:13:07,-22.836,170.846,10.0,5.9
2022-04-20T08:04:33,-35.49,53.474,10.0,5.1
2022-04-20T09:07:41,6.399,127.053,47.8,5.3
2022-04-20T09:22:33,-60.355,-46.664,10.0,5.1
2022-04-20T11:05:36,-60.285,-46.658,10.0,5.5
2022-04-20T11:19:05,-22.928,-68.244,102.3,5.7
2022-04-20T15:16:32,-19.395,-172.987,10.0,5.1
2022-04-20T19:13:59,-61.184,153.89,10.0,5.8
2022-04-20T21:57:43,6.969,126.924,19.0,6.0
2022-04-20T22:02:46,4.087,126.606,42.1,5.2
2022-04-21T06:12:46,-42.954,-15.959,10.0,5.5
2022-04-21T06:20:06,-42.856,-16.002,10.0,5.5
2022-04-21T07:42:46,11.554,-86.96,27.0,6.6
2022-04-21T12:38:55,46.085,152.871,20.7,5.0
2022-04-21T20:32:38,83.013,-27.935,10.0,5.1
2022-04-22T05:27:35,56.259,-161.601,212.4,5.2
2022-04-22T06:15:23,-30.061,-177.821,36.9,5.3
2022-04-22T21:07:48,43.074,18.18,10.0,5.7
2022-04-23T18:22:21,8.096,147.537,10.0,5.3
2022-04-23T21:22:47,50.472,-129.69,10.0,5.3
2022-04-23T22:05:45,11.296,-87.07,10.0,5.2
2022-04-23T22:10:08,11.48,-86.981,10.0,5.4
2022-04-23T22:11:19,11.334,-87.079,10.0,5.2
2022-04-23T23:54:27,-5.273,145.538,59.1,5.1
2022-04-24T01:35:03,46.062,152.846,35.0,5.6
2022-04-24T08:16:13,41.758,143.796,36.4,5.2
2022-04-24T10:23:47,23.452,123.233,10.0,5.3
2022-04-24T14:45:06,-35.23,-71.299,89.7,5.0
2022-04-24T23:50:32,-3.798,140.4,58.2,5.1
2022-04-25T05:35:50,46.056,152.776,10.0,5.2
2022-04-25T16:31:27,54.363,-156.075,12.2,5.4
2022-04-26T17:03:21,-58.08,-25.349,74.9,5.1
2022-04-26T19:08:19,-4.043,142.693,125.1,5.2
2022-04-26T20:03:30,-26.777,-176.541,35.0,5.0
2022-04-27T01:27:24,-33.026,-179.455,75.4,5.0
2022-04-27T09:27:00,-60.218,-24.87,10.0,5.4
2022-04-27T23:09:23,-19.273,167.557,10.0,5.4
2022-04-28T03:33:41,56.338,-156.48,52.3,5.4
2022-04-28T11:42:27,9.984,126.178,58.5,5.0
2022-04-28T13:21:13,-3.915,146.69,10.0,6.1
2022-04-29T08:33:28,-4.474,-104.965,10.0,5.6
2022-04-30T03:24:50,-58.97,-25.716,59.4,5.0
2022-05-01T12:50:30,-7.026,155.688,35.0,5.5
2022-05-01T15:15:39,22.678,94.256,90.8,5.0
2022-05-01T20:10:20,-20.032,-173.931,10.0,5.1
2022-05-01T21:57:49,23.65,142.707,54.0,5.5
2022-05-02T03:14:28,31.369,138.745,10.0,5.3
2022-05-02T06:02:11,-57.07,-25.152,10.0,5.6
2022-05-02T06:10:37,-57.039,-25.171,10.0,5.1
2022-05-02T07:08:13,31.637,131.7,28.0,5.1
2022-05-02T12:34:25,-30.008,-178.621,221.3,5.4
2022-05-02T16:27:54,-23.678,-179.93,511.2,5.4
2022-05-03T21:42:27,-19.322,-173.323,10.0,5.0
2022-05-04T05:23:00,-63.066,-162.173,10.0,5.2
2022-05-04T06:19:58,-7.193,155.174,63.8,5.0
2022-05-04T11:59:34,-32.223,-71.828,20.4,5.2
2022-05-04T12:48:20,-32.223,-72.03,8.5,5.1
2022-05-04T20:16:06,6.593,127.054,11.3,5.1
2022-05-04T21:41:06,6.488,127.056,19.8,5.6
2022-05-05T00:05:42,37.497,71.72,108.4,5.0
2022-05-05T08:21:15,6.53,127.132,18.0,6.0
2022-05-05T09:42:03,36.16,139.794,65.1,5.0
2022-05-05T10:37:31,6.556,126.984,53.1,5.1
2022-05-05T14:05:54,-5.465,147.253,195.0,5.2
2022-05-05T19:25:55,18.743,145.662,182.7,5.3
2022-05-05T19:54:40,6.544,127.054,10.0,5.2
2022-05-05T20:15:47,-17.376,167.679,18.0,5.6
2022-05-05T21:05:26,-33.095,-73.012,28.8,5.1
2022-05-06T00:02:23,6.582,126.922,26.9,5.3
2022-05-06T00:48:02,28.468,64.35,10.0,5.1
2022-05-06T06:21:18,26.955,66.273,10.0,5.1
2022-05-06T08:41:21,-14.992,166.916,59.1,5.0
2022-05-06T13:21:07,26.833,126.508,10.0,5.4
2022-05-06T17:02:26,-25.168,179.614,507.1,5.4
2022-05-07T11:53:56,26.791,126.464,10.0,5.5
2022-05-07T16:25:33,-10.158,161.224,88.1,5.2
2022-05-07T16:58:14,18.796,145.51,233.4,5.6
2022-05-07T18:13:27,54.13,163.236,10.0,5.1
2022-05-08T00:25:40,8.714,-83.156,18.5,5.0
2022-05-08T02:12:43,3.729,126.937,10.0,5.1
2022-05-08T02:18:52,3.811,126.962,10.0,5.0
2022-05-08T02:28:59,3.697,126.908,10.0,5.2
2022-05-08T12:17:27,3.65,126.974,18.8,5.0
2022-05-08T13:32:58,18.976,-64.359,25.0,5.5
2022-05-08T17:51:52,-22.916,170.074,10.0,5.0
2022-05-08T21:14:01,70.501,-14.853,10.0,5.1
2022-05-08T21:51:39,1.844,127.202,39.3,5.6
2022-05-08T23:33:15,70.432,-15.192,10.0,5.4
2022-05-09T06:23:02,24.041,122.489,21.0,6.2
2022-05-09T07:45:52,23.982,122.558,24.9,5.0
2022-05-09T08:33:07,34.534,136.895,329.0,5.3
2022-05-09T16:14:57,-35.733,-103.546,10.0,5.7
2022-05-09T22:33:06,-3.359,146.351,10.0,6.3
2022-05-10T00:02:29,-3.461,146.08,10.0,5.3
2022-05-10T01:36:43,-33.165,-179.122,10.0,5.2
2022-05-10T02:49:04,-56.354,-45.373,10.0,5.2
2022-05-10T03:40:07,-59.658,-26.322,35.0,5.1
2022-05-10T03:43:22,-5.875,128.29,347.4,5.0
2022-05-10T08:42:06,-27.101,-63.393,568.7,5.4
2022-05-10T13:18:11,-17.246,167.632,14.0,5.8
2022-05-10T23:06:32,-23.496,-66.652,220.0,6.8
2022-05-10T23:18:50,-55.417,-28.13,41.5,5.4
2022-05-11T14:08:47,-6.481,130.145,143.5,5.0
2022-05-11T14:20:14,-15.223,167.499,123.5,5.2
2022-05-11T15:21:15,-21.697,-70.23,61.5,5.1
2022-05-11T16:20:09,3.746,126.646,20.5,5.0
2022-05-11T17:43:26,-30.416,-178.073,54.6,5.1
2022-05-11T22:24:56,-6.907,155.189,10.0,5.1
2022-05-12T07:22:11,-0.036,123.38,128.8,5.1
2022-05-12T10:27:44,38.064,66.99,30.3,5.3
2022-05-12T21:23:29,4.014,-76.447,69.2,5.0
2022-05-12T21:55:48,-12.378,-76.87,52.7,5.4
2022-05-13T03:23:12,-56.327,-27.622,10.0,5.5
2022-05-14T02:25:21,-3.08,139.729,90.6,5.1
2022-05-14T12:22:56,-28.669,-176.666,10.0,5.2
2022-05-14T22:28:34,43.83,147.74,35.0,5.2
2022-05-15T11:09:53,11.921,142.281,22.0,5.5
2022-05-16T05:25:54,50.65,156.191,93.8,5.4
2022-05-16T18:58:25,-5.24,102.009,23.0,5.8
2022-05-17T01:44:22,-56.463,177.772,10.0,5.5
2022-05-17T03:56:20,-5.619,-11.545,10.0,5.0
2022-05-17T06:04:53,33.385,141.653,10.0,5.5
2022-05-17T07:19:59,33.292,141.412,10.0,5.2
2022-05-17T08:42:20,19.178,121.115,10.0,5.2
2022-05-17T13:17:52,33.387,141.511,13.0,5.5
2022-05-17T21:17:18,41.006,143.086,25.0,5.2
2022-05-17T21:26:20,-8.484,128.228,10.0,5.0
2022-05-18T03:25:43,11.847,143.33,10.0,5.2
2022-05-18T03:52:25,33.33,141.457,13.0,5.6
2022-05-18T04:29:26,11.927,143.293,10.0,5.0
2022-05-18T06:27:54,51.1,178.717,18.0,5.7
2022-05-18T20:23:49,-58.758,-25.35,31.6,5.4
2022-05-18T23:52:46,23.537,123.743,21.2,5.0
2022-05-19T01:50:24,-55.104,-126.95,10.0,5.2
2022-05-19T01:51:28,-54.874,-126.819,10.0,5.7
2022-05-19T02:24:53,-58.796,-25.319,35.0,5.1
2022-05-19T03:29:07,-57.086,-25.423,35.0,5.3
2022-05-19T09:23:53,-16.193,-173.92,122.0,5.8
2022-05-19T10:10:55,-54.019,159.118,10.0,5.6
2022-05-19T10:13:31,-54.132,159.054,10.0,6.9
2022-05-19T15:29:15,1.714,126.408,18.6,5.2
2022-05-20T09:07:46,-29.534,-72.005,19.6,5.7
2022-05-20T12:35:49,35.518,-3.479,10.0,5.5
2022-05-21T07:01:22,84.238,0.585,10.0,5.8
2022-05-21T07:43:16,84.261,-0.133,10.0,5.2
2022-05-21T21:50:48,14.019,120.649,129.0,6.1
2022-05-22T03:24:11,36.814,141.313,10.3,5.4
2022-05-22T07:06:28,-26.212,178.45,603.8,6.3
2022-05-22T07:09:56,-26.417,178.537,608.0,5.0
2022-05-22T07:41:40,-26.304,178.456,599.4,5.1
2022-05-22T15:17:31,33.228,141.412,12.0,6.0
2022-05-22T16:57:21,33.353,141.463,10.0,5.0
2022-05-23T02:01:05,41.236,143.099,34.0,5.5
2022-05-23T07:36:46,28.957,59.933,10.0,5.3
2022-05-23T11:58:02,-58.035,-25.266,23.0,5.5
2022-05-23T13:07:18,-15.751,-174.993,10.0,5.0
2022-05-23T14:23:18,-5.105,151.268,119.7,5.2
2022-05-23T18:45:15,14.104,145.929,82.2,5.1
2022-05-23T19:26:36,-17.079,167.496,10.0,5.6
2022-05-23T22:33:25,-55.481,-29.596,10.0,5.2
2022-05-23T22:53:52,1.103,-85.289,10.0,5.4
2022-05-24T04:00:27,84.198,-0.768,10.0,5.0
2022-05-24T12:57:59,-17.621,-69.59,156.0,5.5
2022-05-24T18:28:11,-20.483,-177.687,505.6,5.0
2022-05-25T15:05:14,-4.409,93.174,10.0,5.2
2022-05-25T18:58:39,11.571,-86.905,47.4,5.0
2022-05-25T21:43:01,16.169,-95.958,34.0,5.5
2022-05-25T23:41:02,-17.995,-174.326,10.0,5.0
2022-05-26T12:02:21,-14.908,-70.292,236.0,7.2
2022-05-26T12:14:19,-34.485,-73.998,10.0,5.3
2022-05-26T15:37:58,-22.828,172.13,15.0,6.6
2022-05-26T18:10:04,-49.772,-114.97,10.0,6.2
2022-05-26T20:02:15,-40.257,-91.703,10.0,5.1
2022-05-27T01:07:32,-14.276,-75.62,43.0,5.5
2022-05-27T02:36:05,-8.257,127.208,49.0,6.2
2022-05-27T09:43:55,-7.905,156.425,10.0,5.2
2022-05-27T11:00:28,-59.655,-24.117,10.0,5.1
2022-05-27T18:22:42,8.423,-102.982,10.0,5.4
2022-05-28T14:11:12,-12.248,167.067,215.0,5.6
2022-05-28T14:19:04,23.381,-45.058,10.0,5.5
2022-05-28T15:32:25,-20.147,-173.163,10.0,5.6
2022-05-29T06:55:23,36.278,140.973,43.3,5.1
2022-05-29T07:45:00,-22.242,173.338,10.0,5.3
2022-05-31T00:52:05,-3.668,131.333,10.0,5.0
2022-05-31T07:10:09,-5.84,104.348,61.0,5.2
2022-05-31T14:41:40,51.384,-178.326,47.8,5.0
2022-06-01T00:35:17,-5.994,148.463,59.9,5.1
2022-06-01T09:00:08,30.395,102.958,12.0,5.8
2022-06-01T09:03:08,30.39,102.872,10.0,5.3
2022-06-01T16:43:15,17.448,94.25,26.0,5.2
2022-06-01T22:55:43,-1.133,127.198,8.0,5.0
2022-06-02T03:06:38,6.047,127.548,10.0,5.2
2022-06-02T09:15:00,-55.344,-32.466,10.0,5.0
2022-06-02T12:16:31,-55.998,-144.032,10.0,5.5
2022-06-02T18:54:31,9.018,126.51,38.8,5.5
2022-06-02T19:19:56,-0.409,124.274,60.6,5.0
2022-06-02T19:49:56,21.395,-45.796,10.0,5.0
2022-06-02T23:26:03,52.332,-170.003,38.8,5.2
2022-06-03T06:05:13,-23.975,-179.879,512.2,5.4
2022-06-03T06:24:56,-2.051,-81.044,10.0,5.2
2022-06-03T07:03:35,26.782,126.42,10.0,5.6
2022-06-03T14:54:34,-23.156,-68.265,98.6,5.3
2022-06-04T02:59:28,-58.773,-25.588,43.5,5.6
2022-06-04T13:07:25,-17.96,-174.968,237.0,6.3
2022-06-04T13:17:48,-57.724,148.677,10.0,6.4
2022-06-04T23:38:12,52.054,178.268,105.0,6.3
2022-06-04T23:59:10,51.614,-131.403,6.6,5.1
2022-06-05T09:11:46,8.967,93.695,73.2,5.0
2022-06-05T23:41:02,-25.108,-175.177,10.0,5.0
2022-06-06T08:29:09,-2.803,139.242,23.8,5.2
2022-06-06T18:42:13,-29.034,-176.781,10.0,5.3
2022-06-06T20:59:56,43.692,-28.962,10.0,5.4
2022-06-06T21:23:49,43.62,-28.922,10.0,5.3
2022-06-07T01:57:53,25.667,123.486,215.9,5.1
2022-06-07T13:24:13,0.149,123.664,131.8,5.6
2022-06-07T20:37:25,6.646,127.025,48.5,5.1
2022-06-08T00:55:46,-9.047,-71.178,622.7,6.5
2022-06-08T00:58:00,18.399,146.053,135.8,5.4
2022-06-08T05:32:37,-2.769,118.539,23.6,5.8
2022-06-08T12:24:19,52.045,105.68,10.0,5.2
2022-06-08T20:53:42,-30.203,-177.759,22.9,5.2
2022-06-09T16:03:26,32.315,101.836,10.1,5.6
2022-06-09T17:28:35,32.373,101.872,7.0,5.9
2022-06-10T01:40:21,34.835,33.87,47.2,5.0
2022-06-10T23:07:21,-35.048,-179.621,10.0,5.6
2022-06-11T04:46:39,-23.333,168.458,10.0,5.0
2022-06-11T06:35:29,-7.918,-13.673,10.0,5.2
2022-06-11T07:29:54,-7.987,-13.617,10.0,5.6
2022-06-11T09:42:55,-65.214,177.843,10.0,5.4
2022-06-11T14:11:39,-20.149,66.331,10.0,5.1
2022-06-11T15:11:39,-7.559,-13.636,10.0,5.0
2022-06-11T17:55:02,-18.975,-12.352,10.0,5.4
2022-06-11T18:45:50,-62.056,161.696,10.0,5.0
2022-06-11T20:56:25,-50.507,139.314,10.0,5.4
2022-06-11T23:55:32,-8.29,111.459,108.6,5.0
2022-06-12T02:26:24,-7.691,-13.617,10.0,5.0
2022-06-12T08:33:19,-55.537,-29.948,10.0,5.2
2022-06-12T18:35:20,38.737,43.507,10.0,5.2
2022-06-13T05:25:52,-22.855,-174.257,10.0,5.0
2022-06-13T20:57:19,-7.767,-13.594,10.0,5.2
2022-06-13T23:20:24,-7.738,-13.568,10.0,5.0
2022-06-14T09:09:32,-5.492,147.078,189.1,5.6
2022-06-15T06:06:02,26.679,54.212,9.0,5.5
2022-06-15T11:56:33,44.538,-130.112,10.0,5.6
2022-06-15T22:23:44,23.92,143.231,10.0,5.0
2022-06-16T06:08:53,17.126,119.956,23.7,5.2
2022-06-17T09:22:58,36.505,71.154,220.2,5.1
2022-06-17T10:48:12,18.447,-62.993,38.7,5.1
2022-06-17T16:45:01,-7.174,129.315,141.6,5.0
2022-06-18T02:49:51,-32.144,-177.904,10.0,5.2
2022-06-18T04:51:29,30.082,-113.721,10.0,5.2
2022-06-18T05:00:44,30.15,-113.733,10.0,5.1
2022-06-18T05:03:14,30.079,-113.814,10.0,5.1
2022-06-18T05:25:57,-20.573,169.731,131.8,5.4
2022-06-18T11:22:18,-4.902,103.03,66.9,5.3
2022-06-18T18:24:12,-33.5,-69.549,142.8,5.1
2022-06-19T06:08:06,37.505,137.312,10.0,5.1
2022-06-19T09:55:19,26.717,126.543,7.0,5.5
2022-06-19T10:07:37,26.758,126.473,10.0,5.1
2022-06-19T11:49:23,-20.33,-174.864,66.0,5.3
2022-06-19T17:57:28,13.166,-90.7,15.5,5.1
2022-06-19T20:26:32,44.448,147.95,109.4,5.0
2022-06-20T01:05:07,23.654,121.472,8.0,5.9
2022-06-20T01:39:42,23.726,121.5,10.0,5.1
2022-06-20T12:59:04,-60.044,-27.248,72.9,5.2
2022-06-20T19:09:15,-17.447,167.358,10.0,5.4
2022-06-21T04:10:46,-58.79,-25.295,35.0,5.0
2022-06-21T07:14:53,27.862,142.732,10.0,5.9
2022-06-21T19:08:15,2.013,96.406,10.0,5.0
2022-06-21T20:54:34,33.02,69.464,4.0,6.0
2022-06-21T21:09:37,27.236,53.284,10.0,5.4
2022-06-22T01:53:26,-5.316,153.802,37.4,5.4
2022-06-22T05:01:19,-7.322,120.433,499.8,5.6
2022-06-23T01:45:16,50.615,157.173,30.5,5.1
2022-06-23T02:04:30,-9.479,149.833,10.0,5.5
2022-06-23T07:32:26,-25.599,-14.024,10.0,5.4
2022-06-23T22:32:20,24.165,122.464,25.6,5.1
2022-06-24T00:00:17,-21.394,-110.163,10.0,5.8
2022-06-24T00:27:24,-41.158,-89.898,10.0,5.6
2022-06-24T04:26:13,1.549,-90.837,10.0,5.3
2022-06-24T04:51:01,-8.827,-79.158,73.2,5.1
2022-06-24T09:49:57,-56.53,-143.762,10.0,5.7
2022-06-24T17:45:52,-47.515,-12.84,10.0,5.0
2022-06-24T18:56:34,-1.837,100.41,50.5,5.1
2022-06-25T03:37:14,26.734,54.268,12.0,5.6
2022-06-25T03:54:50,-29.527,-71.497,70.2,5.1
2022-06-25T11:54:04,-22.389,171.626,35.0,5.0
2022-06-26T02:02:34,-17.177,-73.781,9.0,5.7
2022-06-27T01:52:38,-60.384,-26.301,10.0,5.3
2022-06-27T19:17:36,-4.509,153.402,105.1,5.3
2022-06-27T20:06:59,22.043,120.24,10.0,5.0
2022-06-27T22:03:21,22.106,120.236,10.0,5.0
2022-06-28T13:34:58,22.038,120.244,10.0,5.0
2022-06-28T13:43:28,21.976,120.311,10.0,5.3
2022-06-28T15:52:13,-9.199,123.601,102.4,5.0
2022-06-29T06:05:51,44.4,-28.258,10.0,5.0
2022-06-29T19:17:58,-58.445,-26.215,101.7,5.3
2022-06-30T05:21:16,-17.03,-70.14,154.3,5.1
2022-06-30T18:40:36,19.024,121.336,30.0,6.0
2022-07-01T20:13:12,37.484,78.654,10.0,5.0
2022-07-01T21:32:07,26.906,55.239,16.0,6.0
2022-07-01T21:47:51,26.892,55.236,10.0,5.0
2022-07-01T23:24:13,26.884,55.257,7.0,5.7
2022-07-01T23:25:13,26.888,55.321,9.0,6.0
2022-07-02T01:59:45,45.918,142.036,309.0,5.9
2022-07-02T22:02:12,40.93,78.089,10.0,5.0
2022-07-02T23:49:12,0.995,126.037,21.2,5.3
2022-07-03T02:26:12,19.564,94.86,10.0,5.1
2022-07-04T07:27:20,-15.715,-177.575,418.2,5.2
2022-07-04T08:36:19,10.43,94.141,10.0,5.1
2022-07-04T09:07:03,10.307,94.144,10.0,5.0
2022-07-04T09:17:43,56.638,-169.086,11.6,5.4
2022-07-04T09:19:07,56.593,-169.188,10.0,5.2
2022-07-04T09:55:18,10.359,94.196,10.0,5.0
2022-07-04T11:48:11,10.394,94.285,10.0,5.0
2022-07-04T18:11:52,-40.911,-91.738,10.0,5.0
2022-07-04T19:36:57,10.264,93.922,10.0,5.0
2022-07-04T22:10:40,-55.94,-27.295,59.9,5.1
2022-07-05T00:26:56,10.328,94.253,10.0,5.4
2022-07-05T06:06:13,10.267,94.283,10.0,5.0
2022-07-05T06:40:45,-57.925,-25.194,33.5,5.0
2022-07-05T20:10:25,38.439,142.032,73.6,5.3
2022-07-06T05:10:17,-5.163,101.003,7.4,5.2
2022-07-06T15:12:28,-42.296,-75.357,10.0,5.5
2022-07-08T00:00:03,26.788,126.42,10.0,5.0
2022-07-08T01:01:44,-14.882,167.138,99.1,5.4
2022-07-08T03:37:38,-5.202,151.861,58.9,5.3
2022-07-08T09:40:18,52.165,-174.923,10.0,5.3
2022-07-08T16:55:13,18.763,147.016,10.0,5.4
2022-07-08T17:02:58,18.772,146.989,10.0,5.3
2022-07-08T17:10:02,18.756,147.105,10.0,5.0
2022-07-08T17:23:46,18.808,147.072,12.7,5.0
2022-07-08T17:46:28,18.85,146.975,10.0,5.0
2022-07-08T20:27:08,-9.465,112.92,41.0,5.2
2022-07-08T20:44:26,18.816,146.956,10.0,5.3
2022-07-08T20:46:11,19.007,147.031,10.0,5.0
2022-07-08T21:04:40,10.482,94.188,10.0,5.2
2022-07-08T23:36:06,18.896,146.97,10.0,5.8
2022-07-08T23:43:29,18.821,146.94,10.0,5.9
2022-07-09T02:53:46,-9.364,112.94,56.4,5.1
2022-07-09T03:06:04,-2.877,138.929,45.9,5.0
2022-07-09T07:39:54,-27.975,-176.542,10.0,5.4
2022-07-09T09:46:44,-5.934,151.791,10.0,5.0
2022-07-10T22:19:58,18.824,147.035,8.0,5.7
2022-07-11T07:01:39,-27.318,-176.412,10.0,5.0
2022-07-11T21:06:03,-18.124,169.053,10.0,5.7
2022-07-11T21:10:47,-18.14,168.968,10.0,6.0
2022-07-11T21:47:00,-27.189,-176.432,10.0,5.0
2022-07-11T22:23:33,-14.976,-173.022,10.0,5.6
2022-07-12T00:35:05,-15.25,-172.963,10.0,5.8
2022-07-12T02:04:52,-14.891,-173.03,10.0,5.7
2022-07-12T02:52:08,-6.0,104.3,51.0,5.0
2022-07-12T16:58:05,61.092,-60.078,10.0,5.2
2022-07-12T19:16:58,-22.591,-114.258,10.0,6.8
2022-07-12T19:28:48,-22.252,-113.802,10.0,5.6
2022-07-12T21:47:56,-22.464,-114.022,10.0,5.6
2022-07-12T23:36:12,-16.778,-71.209,24.9,5.5
2022-07-13T09:13:33,-16.846,-71.543,21.1,5.0
2022-07-13T15:00:28,-15.36,-172.943,10.0,5.0
2022-07-13T17:56:16,-16.996,-71.418,69.0,5.0
2022-07-13T21:21:29,-33.225,-73.175,22.0,5.0
2022-07-14T02:14:28,-27.165,-176.311,10.0,5.4
2022-07-14T12:08:19,3.1,127.162,35.6,5.0
2022-07-14T17:50:27,-15.012,166.926,20.0,5.8
2022-07-14T19:16:58,10.732,-62.601,107.6,5.3
2022-07-14T22:30:11,-2.037,-79.79,73.0,5.7
2022-07-14T23:17:34,-14.969,166.942,23.0,5.1
2022-07-15T19:37:22,-44.622,-79.65,24.5,6.4
2022-07-15T21:27:28,-23.044,-177.075,166.6,5.0
2022-07-16T01:51:03,-28.878,-175.982,10.0,5.1
2022-07-16T03:25:48,-17.65,-172.933,10.0,5.4
2022-07-16T07:50:50,-12.06,165.428,13.1,5.3
2022-07-16T09:58:21,-28.747,-176.177,10.0,5.1
2022-07-16T18:04:03,-32.329,-178.173,10.0,5.2
2022-07-16T18:08:08,-32.316,-178.225,10.0,5.2
2022-07-17T09:13:03,-9.254,110.81,37.1,5.1
2022-07-17T12:58:36,-0.031,123.088,112.1,5.2
2022-07-17T23:20:46,-22.445,-114.231,10.0,5.6
2022-07-18T12:22:44,33.061,69.486,10.0,5.2
2022-07-18T18:40:33,78.582,6.214,10.0,5.9
2022-07-19T23:46:50,-4.144,102.138,52.0,5.3
2022-07-20T04:22:42,10.766,-86.196,40.2,5.1
2022-07-21T09:46:13,-21.771,169.396,10.0,5.1
2022-07-21T17:07:25,21.15,99.878,5.0,5.9
2022-07-22T02:48:45,-58.995,-25.518,57.4,5.1
2022-07-22T03:01:57,40.609,141.323,87.5,5.2
2022-07-22T11:31:45,-20.042,169.267,71.0,5.5
2022-07-23T03:56:35,24.934,-45.68,10.0,5.1
2022-07-23T06:09:15,-7.596,122.41,10.0,5.4
2022-07-23T07:35:44,-7.588,122.384,10.0,5.4
2022-07-23T16:07:47,26.864,55.214,9.0,5.4
2022-07-23T16:09:06,26.978,55.393,11.0,5.6
2022-07-24T06:46:38,0.465,126.288,10.8,5.3
2022-07-24T19:04:21,-58.735,-25.27,36.1,5.0
2022-07-25T01:09:47,-33.798,-179.529,49.0,5.1
2022-07-25T10:45:26,-14.246,-13.831,10.0,5.2
2022-07-25T13:33:28,0.676,-77.829,2.5,5.7
2022-07-25T14:41:03,26.702,126.458,10.0,5.1
2022-07-25T14:44:46,26.777,126.42,10.0,5.1
2022-07-26T09:34:04,15.125,59.465,10.0,5.0
2022-07-26T10:30:53,-37.731,178.496,58.4,5.0
2022-07-27T00:43:26,17.521,120.818,33.7,7.0
2022-07-27T01:49:52,-24.336,-179.752,495.4,5.0
2022-07-27T07:38:21,17.381,120.804,10.0,5.2
2022-07-27T09:04:18,16.286,123.088,10.0,5.0
2022-07-27T09:36:49,-18.792,-173.81,11.1,5.6
2022-07-27T16:16:46,-23.51,-179.675,535.0,5.7
2022-07-27T17:29:20,-26.995,-176.445,14.0,5.5
2022-07-27T18:58:58,-22.188,-68.579,112.0,6.2
2022-07-27T20:02:40,17.306,120.985,10.0,5.0
2022-07-28T04:15:03,-21.931,-70.339,54.0,6.1
2022-07-28T09:23:16,12.416,-87.68,70.4,5.2
2022-07-28T11:19:34,19.834,121.277,22.2,5.0
2022-07-28T18:28:22,-7.052,146.765,10.4,5.8
2022-07-28T19:52:27,32.475,142.428,10.0,5.4
2022-07-29T13:01:12,50.38,90.635,7.0,5.5
2022-07-29T14:41:23,27.792,143.026,10.0,5.0
2022-07-29T16:39:16,44.162,149.209,10.0,5.1
2022-07-29T18:00:56,32.47,142.253,10.0,5.3
2022-07-29T19:49:33,32.514,142.326,10.0,5.2
2022-07-29T22:40:59,-28.239,179.133,532.0,5.1
2022-07-29T23:05:42,51.163,160.976,7.0,5.6
2022-07-31T00:50:51,-60.216,-26.925,28.6,5.1
2022-07-31T02:28:08,27.132,86.783,10.0,5.1
2022-07-31T03:03:15,4.274,95.759,74.1,5.1
2022-07-31T05:49:59,17.655,120.707,10.0,5.0
2022-07-31T13:42:15,25.145,63.569,27.1,5.6
2022-07-31T13:52:17,25.11,63.476,16.7,5.1
2022-07-31T17:48:00,63.955,-22.35,10.0,5.4
2022-07-31T18:48:10,17.292,120.716,10.0,5.1
2022-07-31T18:48:28,32.497,142.471,10.0,5.0
2022-07-31T18:50:12,32.472,142.458,10.0,5.3
2022-07-31T22:27:50,-3.246,142.256,45.9,5.1
2022-08-01T00:36:40,53.567,-165.42,39.9,5.3
2022-08-01T01:43:48,-3.82,151.339,10.0,5.4
2022-08-01T04:08:17,52.194,-168.106,10.0,5.1
2022-08-01T17:10:12,11.269,125.425,62.5,5.0
2022-08-02T01:42:17,-11.968,166.756,206.1,5.2
2022-08-02T02:27:05,64.057,-21.928,10.0,5.0
2022-08-02T05:24:27,6.833,123.766,20.0,5.5
2022-08-02T12:49:53,-59.788,-26.869,78.1,5.1
2022-08-02T15:17:01,16.121,-87.502,10.0,5.4
2022-08-02T19:19:35,7.192,126.872,60.6,5.4
2022-08-02T21:11:42,-18.186,-178.148,536.3,5.6
2022-08-03T11:07:52,-27.371,-176.171,12.7,5.3
2022-08-03T21:55:37,12.379,-86.674,146.3,5.3
2022-08-04T00:48:17,37.631,141.712,50.2,5.4
2022-08-04T03:36:22,32.732,142.458,10.0,5.3
2022-08-04T03:38:41,32.607,142.507,10.0,5.0
2022-08-04T03:39:45,32.612,142.529,11.5,5.7
2022-08-04T03:51:28,32.717,142.454,10.0,5.0
2022-08-04T06:39:15,-21.243,-173.61,10.0,5.0
2022-08-04T14:41:20,32.724,142.494,10.0,5.0
2022-08-04T17:34:57,32.538,142.4,10.0,5.1
2022-08-04T18:06:17,32.574,142.337,10.0,5.1
2022-08-04T18:07:03,32.57,142.292,10.0,5.0
2022-08-05T02:37:18,-10.767,162.144,101.1,5.1
2022-08-05T04:38:39,-30.315,-177.686,16.0,5.8
2022-08-05T06:39:14,-58.78,-25.208,31.4,5.0
2022-08-06T11:48:01,51.159,160.91,10.0,5.0
2022-08-06T12:23:46,36.283,141.092,22.8,5.0
2022-08-06T16:08:22,27.666,-111.647,10.0,5.2
2022-08-06T22:54:09,-19.804,-176.171,230.7,5.0
2022-08-07T03:53:22,-5.422,146.909,220.3,5.3
2022-08-07T13:40:42,43.739,148.085,61.9,5.9
2022-08-08T05:37:16,-5.512,151.736,32.0,5.6
2022-08-08T13:42:52,-19.684,170.043,10.0,5.1
2022-08-08T18:05:34,-20.381,-174.349,35.0,5.2
2022-08-09T10:37:41,-44.596,-80.078,10.0,5.7
2022-08-09T11:04:26,-44.644,-79.86,10.0,5.1
2022-08-09T12:59:40,-6.724,129.954,149.0,5.6
2022-08-09T17:53:33,-41.279,-87.586,10.0,5.2
2022-08-09T18:39:44,-55.219,-28.883,34.3,5.0
2022-08-10T06:59:27,-19.269,169.256,161.3,5.2
2022-08-10T10:17:18,-57.06,-24.814,17.0,5.1
2022-08-10T15:52:58,44.946,142.093,10.0,5.1
2022-08-11T18:46:19,-30.399,-177.524,38.6,5.0
2022-08-12T06:18:34,-59.01,-25.63,46.7,5.4
2022-08-12T07:42:25,-59.013,-25.694,39.5,5.0
2022-08-12T08:17:26,18.482,-100.88,71.7,5.2
2022-08-12T21:31:50,33.524,19.044,16.0,5.2
2022-08-13T04:25:06,10.185,121.959,10.0,5.1
2022-08-13T06:22:20,-30.05,-177.175,10.0,5.1
2022-08-13T06:25:32,6.906,123.792,19.9,5.8
2022-08-13T13:02:35,-15.776,167.132,20.0,5.7
2022-08-13T18:57:15,-5.998,147.281,45.0,5.9
2022-08-13T19:26:01,46.877,144.595,385.9,5.3
2022-08-13T23:27:05,27.154,127.398,99.1,5.0
2022-08-14T02:47:46,1.797,126.386,30.0,5.7
2022-08-14T03:11:52,-15.783,167.102,21.0,5.8
2022-08-14T03:24:22,37.995,27.151,11.7,5.0
2022-08-14T08:20:00,33.116,92.798,5.0,5.7
2022-08-14T09:49:30,-52.874,22.156,10.0,5.3
2022-08-14T13:44:19,-32.736,-179.009,30.0,6.6
2022-08-14T13:48:27,-30.809,-178.463,10.0,5.2
2022-08-14T14:43:38,52.108,178.198,134.0,5.2
2022-08-14T21:04:44,-22.078,170.966,78.0,6.4
2022-08-14T21:10:35,37.86,93.668,10.0,5.0
2022-08-15T01:33:43,-5.99,147.355,72.5,5.1
2022-08-15T08:23:06,6.616,125.063,18.3,5.4
2022-08-15T16:49:07,-7.127,-12.864,10.0,5.4
2022-08-16T07:09:49,-54.801,158.604,10.0,5.5
2022-08-16T08:34:10,-22.321,170.4,27.4,5.0
2022-08-16T10:39:54,44.394,149.488,10.0,5.1
2022-08-16T10:59:33,44.294,149.554,10.0,5.0
2022-08-16T17:25:07,-5.962,146.656,54.2,5.0
2022-08-17T04:24:44,33.124,141.778,10.0,5.6
2022-08-17T12:56:31,-7.002,125.466,481.0,5.5
2022-08-18T02:10:22,-34.368,-70.61,107.0,5.3
2022-08-18T05:46:08,37.596,141.726,46.9,5.1
2022-08-18T07:46:27,0.357,124.372,173.1,5.5
2022-08-19T02:42:12,-20.452,-11.758,10.0,5.4
2022-08-19T04:58:08,-56.177,-27.411,130.7,5.2
2022-08-19T07:12:43,-20.397,-11.609,10.0,5.5
2022-08-19T11:05:24,-20.523,-11.716,10.0,5.3
2022-08-19T17:51:56,-58.002,-25.712,57.4,5.2
2022-08-21T10:28:01,-0.237,-80.696,13.0,5.5
2022-08-21T15:28:14,60.582,-28.677,10.0,5.2
2022-08-22T02:53:01,25.246,123.578,159.1,5.3
2022-08-22T04:12:01,-20.488,-11.662,10.0,5.0
2022-08-22T07:54:57,-0.971,-24.664,10.0,5.1
2022-08-22T08:36:32,-8.921,115.696,128.0,5.4
2022-08-23T10:25:51,-62.579,-158.759,10.0,5.4
2022-08-23T11:53:09,-62.544,-158.99,10.0,5.4
2022-08-23T13:39:12,-5.401,131.386,87.8,5.0
2022-08-23T14:31:39,-5.093,103.079,45.3,6.2
2022-08-23T16:29:43,-20.485,-173.914,17.1,5.1
2022-08-23T18:41:30,-62.155,161.443,10.0,5.9
2022-08-23T19:46:51,-6.227,103.806,25.6,5.1
2022-08-24T12:09:46,-22.014,-68.575,117.0,5.4
2022-08-24T15:33:35,-19.823,168.866,40.8,5.0
2022-08-24T21:48:11,23.752,94.548,96.2,5.0
2022-08-24T22:43:28,47.835,153.783,62.8,5.0
2022-08-25T03:21:30,-4.722,101.751,35.0,5.0
2022-08-25T22:14:38,-15.06,-174.688,10.0,5.1
2022-08-25T23:13:56,5.104,127.2,9.0,5.0
2022-08-26T16:10:50,-14.474,167.352,173.8,5.0
2022-08-27T18:27:36,17.293,120.762,20.4,5.2
2022-08-28T00:54:51,32.501,142.438,10.0,5.2
2022-08-28T03:42:30,-22.514,170.92,10.0,5.2
2022-08-28T13:21:08,-21.344,-178.861,558.8,5.0
2022-08-28T18:48:02,-21.774,-176.922,223.0,5.6
2022-08-28T22:34:37,-1.017,98.665,43.0,5.7
2022-08-29T03:29:13,-0.988,98.605,17.0,6.2
2022-08-29T04:53:18,-5.758,145.416,84.2,5.1
2022-08-29T12:19:38,28.865,130.653,28.0,5.5
2022-08-29T12:55:57,13.744,144.943,127.3,5.7
2022-08-29T18:10:52,-32.627,-179.138,53.7,5.7
2022-08-30T08:00:00,-54.758,-136.25,10.0,5.5
2022-08-30T09:09:43,-54.651,-136.152,10.0,6.3
2022-08-30T13:58:20,4.38,62.553,10.0,5.3
2022-08-30T23:37:19,4.506,62.512,10.0,5.1
2022-08-31T03:04:58,26.931,126.576,10.0,5.0
2022-08-31T10:10:11,37.553,26.852,10.9,5.4
2022-08-31T21:45:05,-21.564,175.6,10.0,5.4
2022-09-01T07:02:11,13.121,57.719,10.0,5.4
2022-09-01T16:23:42,-7.2,128.941,151.2,5.1
2022-09-02T04:32:30,-17.714,-176.444,10.0,5.0
2022-09-02T07:13:05,13.936,93.637,55.8,5.0
2022-09-02T17:16:46,-19.714,-176.12,10.0,5.0
2022-09-02T22:39:51,-5.652,148.712,125.0,6.1
2022-09-03T04:13:10,35.097,26.346,8.8,5.3
2022-09-03T06:53:35,9.037,-83.852,15.0,5.1
2022-09-04T08:52:13,-5.065,102.893,55.0,5.1
2022-09-04T09:42:18,-0.934,-21.716,10.0,6.9
2022-09-04T14:58:22,32.376,142.469,10.0,5.2
2022-09-04T19:53:59,32.3,142.378,10.0,5.2
2022-09-04T20:15:04,-21.269,168.559,10.0,5.4
2022-09-04T21:57:35,34.664,70.712,10.0,5.1
2022-09-04T23:57:31,-56.038,-124.478,10.0,6.2
2022-09-05T04:52:19,29.679,102.236,12.0,6.6
2022-09-05T09:14:51,27.659,56.092,10.0,5.1
2022-09-05T11:19:34,-31.805,-179.195,108.5,5.3
2022-09-05T13:49:26,52.057,-30.131,10.0,5.1
2022-09-06T07:35:35,12.942,-87.347,17.3,5.2
2022-09-06T08:32:40,-56.574,-25.766,11.0,5.9
2022-09-06T09:04:52,-56.498,-25.79,14.2,5.3
2022-09-06T12:14:07,-56.526,-25.761,15.0,5.7
2022-09-06T13:14:36,-23.093,-68.947,93.0,5.0
2022-09-07T06:07:48,-54.463,-119.582,10.0,5.9
2022-09-07T18:09:35,-3.19,101.422,34.0,5.4
2022-09-07T18:11:39,0.029,123.765,141.8,5.1
2022-09-07T23:06:54,-57.228,-24.004,10.0,5.1
2022-09-08T04:01:03,66.505,-17.831,10.0,5.2
2022-09-08T07:15:32,-16.259,-172.784,10.0,5.2
2022-09-08T07:36:23,37.894,20.099,10.5,5.5
2022-09-08T07:58:52,1.401,96.967,10.0,5.1
2022-09-08T15:05:35,-25.153,179.635,508.9,5.4
2022-09-08T21:59:41,-16.131,-73.404,57.4,5.4
2022-09-09T09:01:53,54.853,142.423,10.0,5.2
2022-09-09T09:17:32,-8.942,127.124,10.0,5.0
2022-09-09T09:44:52,-56.627,-24.36,10.0,5.0
2022-09-09T12:58:43,-2.733,-12.138,10.0,5.0
2022-09-09T13:12:07,-6.008,142.815,10.0,5.2
2022-09-09T17:20:17,2.079,126.573,36.7,5.2
2022-09-09T18:19:04,-58.336,-25.479,70.8,5.0
2022-09-09T23:31:47,-2.249,138.198,18.0,6.2
2022-09-09T23:44:11,-2.264,138.179,30.0,5.9
2022-09-09T23:51:20,-2.184,138.206,10.0,5.0
2022-09-10T00:05:12,-2.231,138.178,21.0,6.2
2022-09-10T11:14:35,-58.768,-25.21,34.2,5.4
2022-09-10T23:10:43,-1.149,98.654,20.0,6.0
2022-09-10T23:24:00,-1.204,98.618,10.0,5.7
2022-09-10T23:47:00,-6.294,146.504,116.0,7.6
2022-09-11T00:42:38,-5.822,146.023,107.9,5.0
2022-09-11T04:16:33,-11.048,110.88,18.5,5.4
2022-09-11T09:06:51,-20.967,-178.976,633.8,5.5
2022-09-11T21:21:53,41.19,140.145,169.1,5.0
2022-09-12T04:39:15,41.994,144.947,10.0,5.0
2022-09-12T08:14:39,6.152,127.609,10.0,5.7
2022-09-12T15:00:10,-6.281,146.311,93.3,5.0
2022-09-13T00:51:59,41.571,142.094,60.7,5.2
2022-09-13T03:38:53,-58.625,-16.177,10.0,5.0
2022-09-13T18:34:39,-20.432,-11.72,10.0,5.1
2022-09-13T18:41:20,7.223,-82.319,22.9,5.2
2022-09-13T20:32:45,-56.544,-25.523,25.2,5.0
2022-09-14T04:05:42,12.016,143.588,23.2,5.2
2022-09-14T05:08:04,-16.708,-168.839,8.0,5.8
2022-09-14T08:44:35,12.546,-87.821,66.8,5.3
2022-09-14T11:04:06,-21.191,170.267,137.0,7.0
2022-09-16T04:36:30,11.826,141.253,10.0,5.1
2022-09-16T16:18:32,-5.497,148.28,23.4,5.1
2022-09-16T23:58:17,-22.251,171.002,45.0,5.5
2022-09-17T00:06:59,-30.056,-177.902,35.0,5.0
2022-09-17T05:25:55,-52.749,25.694,10.0,5.3
2022-09-17T06:24:59,-7.16,105.142,24.6,5.0
2022-09-17T13:41:17,23.119,121.414,10.0,6.5
2022-09-17T14:35:13,23.086,121.25,10.0,5.1
2022-09-17T14:45:27,22.955,121.223,10.0,5.5
2022-09-18T00:26:33,-20.525,-11.737,10.0,5.0
2022-09-18T05:19:17,23.099,121.313,11.0,5.6
2022-09-18T06:32:01,23.097,121.334,10.0,5.3
2022-09-18T06:44:13,23.138,121.344,10.0,6.9
2022-09-18T06:57:34,23.02,121.263,10.0,5.0
2022-09-18T08:07:27,26.372,126.024,10.0,5.2
2022-09-18T08:09:58,26.258,126.005,10.0,5.7
2022-09-18T08:46:29,22.986,121.336,10.0,5.2
2022-09-18T09:39:56,23.218,121.292,10.0,5.9
2022-09-18T09:41:45,-10.776,164.29,10.0,5.7
2022-09-18T10:05:38,26.221,126.052,10.0,5.0
2022-09-19T02:07:42,23.371,121.45,9.0,5.5
2022-09-19T04:29:05,-5.442,146.624,157.9,5.4
2022-09-19T16:42:57,-36.919,78.327,10.0,5.9
2022-09-19T17:53:44,-36.873,78.579,10.0,5.3
2022-09-19T18:05:08,18.455,-102.956,26.9,7.6
2022-09-19T19:30:39,18.478,-103.815,10.0,5.3
2022-09-20T04:22:48,-15.501,168.003,15.8,5.1
2022-09-20T07:05:54,-33.32,-179.591,9.6,5.0
2022-09-20T08:17:10,18.349,-103.624,16.0,5.8
2022-09-20T08:37:39,56.131,-156.448,26.6,5.1
2022-09-20T15:42:06,13.789,145.002,128.2,5.0
2022-09-20T18:23:42,55.504,166.328,10.0,6.0
2022-09-20T18:49:18,-55.674,-27.366,39.8,5.0
2022-09-20T22:25:01,-1.196,98.57,19.2,5.0
2022-09-21T07:06:35,-19.05,167.427,10.0,5.0
2022-09-21T09:30:47,-5.49,147.006,191.0,5.7
2022-09-21T11:57:51,-6.061,131.014,61.0,5.0
2022-09-21T17:57:54,38.461,44.95,10.0,5.1
2022-09-21T22:24:40,35.178,141.194,12.1,5.0
2022-09-22T01:04:46,23.3,121.234,20.7,5.1
2022-09-22T06:16:09,18.263,-102.955,20.0,6.8
2022-09-22T09:07:05,-40.722,174.112,70.2,5.2
2022-09-22T16:18:52,-14.944,-173.533,24.9,5.2
2022-09-23T09:50:16,0.176,123.566,168.9,5.0
2022-09-23T12:34:27,-5.996,148.684,82.8,5.4
2022-09-23T18:25:59,18.502,-103.651,41.5,5.2
2022-09-23T19:03:01,-21.359,-179.311,609.4,5.4
2022-09-23T20:51:24,-5.154,125.567,10.0,5.2
2022-09-23T20:52:58,3.811,96.051,42.2,6.2
2022-09-23T22:53:27,-41.379,-75.577,20.0,6.1
2022-09-24T17:00:24,-20.047,66.452,10.0,5.1
2022-09-24T19:38:53,-15.011,166.984,40.9,5.0
2022-09-24T21:45:17,-59.019,-25.62,43.7,5.0
2022-09-25T11:16:31,4.318,126.072,133.4,5.1
2022-09-25T21:30:21,15.852,-88.405,10.0,5.1
2022-09-26T09:59:56,53.992,-35.231,10.0,5.8
2022-09-26T11:39:19,51.522,178.424,78.0,5.0
2022-09-26T13:57:59,-15.252,168.186,9.7,5.3
2022-09-26T13:58:44,-15.264,168.378,5.5,5.2
2022-09-26T16:05:23,40.59,142.836,35.0,5.0
2022-09-26T20:30:16,53.863,-35.251,10.0,5.4
2022-09-26T21:11:32,-6.462,154.476,67.3,5.1
2022-09-27T14:08:32,40.719,42.888,10.0,5.3
2022-09-28T01:12:24,9.38,126.611,35.0,5.2
2022-09-28T01:18:24,26.951,-111.448,10.0,5.4
2022-09-28T04:47:59,-22.814,171.585,10.0,5.4
2022-09-28T06:03:10,-4.374,153.02,10.7,5.0
2022-09-28T06:34:27,-57.962,-25.499,62.8,5.2
2022-09-28T06:46:21,53.965,-35.232,10.0,5.1
2022-09-28T10:03:05,53.775,-35.167,10.0,5.0
2022-09-28T17:35:11,16.979,147.068,26.3,5.1
2022-09-28T19:48:40,17.705,-61.636,38.4,5.2
2022-09-28T21:41:08,17.0,147.135,41.6,5.1
2022-09-28T22:34:46,8.489,-102.802,10.0,5.5
2022-09-29T00:42:38,-13.999,166.779,16.8,5.0
2022-09-29T02:23:59,53.388,-35.234,10.0,5.2
2022-09-29T03:03:24,-60.831,-20.025,11.0,6.5
2022-09-29T04:08:22,53.853,-35.187,10.0,5.0
2022-09-29T04:11:26,-60.674,-20.181,10.0,5.4
2022-09-29T09:55:57,53.826,-35.154,10.0,5.1
2022-09-29T11:34:44,-2.435,139.955,26.4,5.4
2022-09-29T15:32:29,53.701,-35.114,7.0,5.8
2022-09-29T15:35:58,16.993,147.156,22.0,5.0
2022-09-29T22:22:36,23.1,94.897,150.0,5.6
2022-09-29T22:59:01,-22.914,172.291,11.0,5.7
2022-09-29T23:08:10,60.224,-141.194,13.3,5.0
2022-09-30T06:15:47,-45.788,-76.136,10.0,5.3
2022-09-30T11:38:34,-25.605,-175.448,10.0,5.0
2022-09-30T17:32:38,12.269,-88.317,33.5,5.2
2022-09-30T19:28:40,2.128,98.9,18.4,5.9
2022-09-30T19:50:35,2.205,98.89,21.0,5.0
2022-09-30T20:37:38,2.021,98.945,10.1,5.0
2022-10-01T01:18:53,53.705,-35.507,10.0,6.0
2022-10-01T03:54:53,17.034,147.134,24.3,5.1
2022-10-01T05:12:39,-1.374,-15.228,10.0,5.1
2022-10-01T15:02:32,31.35,131.469,31.0,5.7
2022-10-01T16:36:49,14.987,-94.024,22.8,5.5
2022-10-02T01:35:35,1.64,128.348,70.1,5.0
2022-10-02T02:14:38,16.993,147.108,10.5,5.4
2022-10-02T04:04:01,34.266,26.114,10.0,5.4
2022-10-02T07:32:25,-37.927,77.92,10.0,5.7
2022-10-02T13:05:39,-57.737,-25.381,23.0,5.7
2022-10-02T19:00:22,23.499,-108.909,10.0,5.7
2022-10-03T07:00:39,-56.395,-26.03,10.0,5.4
2022-10-03T08:07:53,9.888,126.023,59.7,5.1
2022-10-03T18:08:22,53.671,-35.507,10.0,5.0
2022-10-04T22:11:48,-7.694,130.054,28.8,5.1
2022-10-05T00:21:29,38.506,45.026,15.0,5.6
2022-10-05T08:26:19,-4.855,-80.6,35.0,5.8
2022-10-05T16:17:18,-58.654,-25.179,30.4,5.2
2022-10-05T18:16:53,-58.644,-25.196,35.0,5.1
2022-10-06T02:02:24,-58.747,-25.242,35.0,5.1
2022-10-06T03:50:21,-55.986,-28.074,130.7,5.3
2022-10-06T16:36:10,27.666,126.856,177.9,5.3
2022-10-06T19:27:41,-47.19,-12.099,10.0,5.1
2022-10-07T09:24:52,-15.245,-173.232,10.0,5.5
2022-10-08T14:42:18,-54.184,-132.953,10.0,5.7
2022-10-08T17:34:31,-7.507,126.368,13.6,5.1
2022-10-08T22:02:28,38.339,22.578,19.8,5.3
2022-10-09T16:38:04,-1.364,-23.904,10.0,6.2
2022-10-09T21:10:38,-3.874,142.917,10.0,5.4
2022-10-09T22:58:49,-16.422,178.024,10.0,5.4
2022-10-10T16:09:33,-4.816,153.53,92.5,5.0
2022-10-10T17:55:11,-20.147,-176.596,10.0,5.4
2022-10-10T19:24:39,23.93,122.287,15.0,5.5
2022-10-10T23:23:05,37.031,71.456,106.6,5.0
2022-10-11T11:03:27,-1.06,-13.713,10.0,5.1
2022-10-11T13:51:37,-14.928,167.165,107.1,5.3
2022-10-11T15:48:46,37.261,36.234,10.0,5.0
2022-10-12T08:50:03,-3.09,136.914,51.0,5.1
2022-10-12T09:10:38,49.047,157.963,10.0,5.0
2022-10-12T13:14:05,-7.45,128.314,157.8,5.0
2022-10-13T06:20:41,44.802,150.23,10.5,5.0
2022-10-13T14:03:54,-40.384,173.402,167.0,5.0
2022-10-13T22:20:20,-4.812,153.591,72.0,6.4
2022-10-14T10:05:17,-20.932,-178.708,574.0,5.4
2022-10-14T19:07:29,19.14,-155.494,9.0,5.0
2022-10-14T20:09:19,-45.083,95.763,10.0,5.4
2022-10-14T21:04:42,-60.659,-19.889,10.0,5.3
2022-10-15T00:12:35,-59.106,-25.595,38.9,5.2
2022-10-15T01:15:08,-5.367,153.029,24.6,5.1
2022-10-15T02:41:25,-19.023,-172.739,10.0,5.2
2022-10-15T15:14:26,8.855,126.837,35.0,5.0
2022-10-15T18:08:45,12.088,143.888,10.0,5.1
2022-10-15T18:31:01,-7.336,128.839,165.3,5.2
2022-10-16T12:48:21,4.358,-87.568,15.0,6.3
2022-10-17T08:13:46,-3.096,130.465,10.0,5.0
2022-10-17T13:12:46,0.016,123.456,140.9,5.0
2022-10-17T13:20:39,21.432,121.186,10.3,5.0
2022-10-17T13:38:22,-18.425,-69.267,130.7,5.2
2022-10-18T07:35:33,-30.694,-71.431,49.5,5.0
2022-10-18T11:46:04,-4.365,125.346,459.8,5.0
2022-10-19T04:19:10,2.138,128.421,68.3,5.1
2022-10-19T04:35:38,37.723,92.272,29.7,5.3
2022-10-19T05:55:00,39.648,143.363,23.7,5.2
2022-10-19T08:05:40,6.733,125.135,34.0,5.5
2022-10-19T14:38:21,-59.23,-25.926,62.6,5.0
2022-10-19T15:03:02,-7.743,-13.695,10.0,5.8
2022-10-20T05:05:40,-29.078,-176.387,10.0,5.2
2022-10-20T06:12:20,-3.826,-103.622,10.0,5.4
2022-10-20T06:46:55,11.588,93.152,90.1,5.1
2022-10-20T09:40:02,-30.242,-179.298,351.2,5.1
2022-10-20T11:57:12,7.69,-82.334,20.0,6.7
2022-10-21T03:56:34,-19.001,-172.735,10.0,5.0
2022-10-21T09:18:37,-19.891,-175.464,114.1,5.0
2022-10-22T05:17:04,29.625,102.086,19.3,5.3
2022-10-22T12:05:55,46.42,149.905,10.9,5.0
2022-10-22T19:32:07,-6.12,148.187,83.5,5.0
2022-10-22T21:41:13,-17.266,-172.499,10.0,5.0
2022-10-22T23:53:04,-5.82,147.093,91.4,5.0
2022-10-23T02:08:29,-22.007,-68.779,108.0,5.1
2022-10-23T02:15:40,2.76,128.569,231.7,5.1
2022-10-23T15:06:57,37.632,77.836,10.0,5.1
2022-10-24T02:06:42,7.042,125.423,252.1,5.3
2022-10-24T05:04:41,-7.455,-76.309,116.5,5.0
2022-10-24T07:51:00,-15.142,-173.25,31.0,5.7
2022-10-24T15:08:33,11.104,125.774,35.0,5.2
2022-10-24T15:09:18,-10.463,161.368,130.9,5.0
2022-10-24T16:54:58,18.742,146.37,84.7,5.3
2022-10-25T00:13:01,-58.777,-26.141,79.0,6.3
2022-10-25T13:20:43,8.187,126.552,78.1,5.1
2022-10-25T14:59:00,17.661,120.815,6.0,6.4
2022-10-25T18:42:02,37.312,-121.672,8.4,5.1
2022-10-26T07:06:01,41.966,144.781,22.9,5.3
2022-10-26T07:52:13,-24.089,-66.965,177.2,5.1
2022-10-26T23:00:07,11.945,57.87,10.0,5.2
2022-10-27T01:33:18,-59.577,-26.342,58.0,5.2
2022-10-27T04:20:06,32.193,142.536,10.0,5.0
2022-10-27T08:45:24,16.324,-98.994,11.2,5.0
2022-10-27T10:10:53,46.709,152.574,68.7,5.2
2022-10-27T13:25:05,41.908,144.76,30.3,5.0
2022-10-27T15:57:23,-3.422,145.38,10.0,5.1
2022-10-28T03:55:58,-35.628,-179.203,43.0,5.5
2022-10-28T20:22:05,-14.522,-76.17,14.0,5.9
2022-10-28T22:52:16,-14.543,-76.161,8.7,5.2
2022-10-28T23:35:13,-14.52,-76.22,10.0,5.2
2022-10-29T00:09:47,-14.513,-76.226,15.0,5.8
2022-10-29T11:40:18,-19.017,-66.924,263.5,5.1
2022-10-29T17:24:20,-15.409,-172.786,10.0,5.4
2022-10-29T18:51:41,-11.025,162.281,39.7,5.0
2022-10-29T19:05:57,-6.971,150.034,10.0,5.1
2022-10-29T20:34:53,-16.311,166.817,10.0,5.4
2022-10-29T20:45:35,-14.387,-76.158,26.4,5.1
2022-10-30T18:24:45,-16.838,-172.841,10.0,5.2
2022-10-30T22:21:34,1.844,99.519,179.9,5.2
2022-10-31T08:14:26,-39.214,-92.438,10.0,5.8
2022-10-31T13:22:44,-2.41,-76.239,149.3,5.6
2022-10-31T13:23:57,-1.308,-23.63,10.0,5.1
2022-10-31T13:25:45,-14.223,-76.0,33.7,5.0
2022-10-31T14:08:48,-58.96,-25.724,59.1,5.0
2022-10-31T21:42:50,39.877,15.64,271.2,5.5
2022-11-01T08:30:10,24.766,122.623,111.2,5.0
2022-11-01T13:35:39,12.45,-89.112,10.0,5.0
2022-11-01T22:06:54,33.196,92.014,10.0,5.0
2022-11-01T23:45:54,41.961,144.941,14.3,5.1
2022-11-02T02:38:00,-22.315,-68.874,113.5,5.3
2022-11-02T04:53:13,31.504,-133.351,10.0,6.0
2022-11-02T13:07:41,19.536,121.765,43.9,5.0
2022-11-02T14:17:53,-60.784,-25.777,25.0,6.1
2022-11-03T04:50:25,45.512,26.49,153.2,5.1
2022-11-03T18:46:44,-6.565,130.501,79.2,5.3
2022-11-03T20:47:45,53.791,-35.487,10.0,5.4
2022-11-03T20:59:24,-41.02,-16.651,10.0,5.5
2022-11-04T04:26:09,13.145,-89.557,43.0,5.7
2022-11-04T10:02:46,28.157,-112.311,10.0,6.1
2022-11-04T14:39:03,-20.156,-70.701,19.4,5.0
2022-11-05T00:15:02,-21.129,-177.654,384.1,5.3
2022-11-05T07:42:10,4.107,126.203,89.0,5.0
2022-11-05T07:57:21,-35.546,-73.686,21.1,5.0
2022-11-05T08:32:00,-9.801,159.451,10.0,5.0
2022-11-05T12:12:40,-33.385,-68.57,36.3,5.1
2022-11-05T15:35:07,3.672,126.851,28.8,5.1
2022-11-05T18:55:49,-9.768,154.881,10.0,5.1
2022-11-06T00:03:12,2.587,124.664,231.0,5.6
2022-11-06T02:01:10,-5.432,152.28,31.2,5.0
2022-11-06T03:51:56,-17.711,-13.055,10.0,5.2
2022-11-06T04:23:31,43.262,146.79,23.8,5.2
2022-11-06T07:08:07,-17.559,-70.216,28.9,5.0
2022-11-06T10:02:04,51.55,-175.983,48.9,5.1
2022-11-06T19:03:01,-60.731,-25.201,10.0,5.1
2022-11-07T03:25:21,37.009,71.096,75.9,5.1
2022-11-07T05:34:05,19.028,121.19,38.5,5.2
2022-11-07T10:56:29,52.212,159.652,47.3,5.0
2022-11-08T01:26:31,-19.077,167.645,10.0,5.2
2022-11-08T08:51:16,-33.666,-70.739,89.7,5.0
2022-11-08T11:33:37,21.697,-76.476,10.0,5.0
2022-11-08T14:30:00,15.31,120.857,171.9,5.2
2022-11-08T20:27:22,29.292,81.159,11.0,5.7
2022-11-09T01:15:10,-4.232,-80.547,54.1,5.1
2022-11-09T03:51:54,2.881,128.662,35.0,5.0
2022-11-09T06:07:26,43.932,13.315,8.0,5.6
2022-11-09T09:38:42,-26.008,178.278,630.4,6.8
2022-11-09T09:51:04,-26.09,178.343,660.0,7.0
2022-11-09T10:14:33,-25.578,178.261,624.5,6.6
2022-11-09T17:49:46,-26.056,178.414,650.9,5.1
2022-11-10T05:01:05,28.384,94.412,15.0,5.5
2022-11-10T10:25:35,-14.798,166.87,29.0,5.2
2022-11-11T10:48:46,-19.288,-172.147,37.0,7.3
2022-11-11T11:39:29,-3.736,100.57,10.0,5.0
2022-11-11T11:57:33,-18.147,-172.053,16.5,5.1
2022-11-11T14:31:51,-15.617,-13.249,10.0,5.3
2022-11-11T15:01:04,-15.583,-13.223,10.0,5.0
2022-11-11T17:32:24,25.052,128.845,10.0,5.3
2022-11-12T04:39:46,14.102,-90.94,93.5,5.8
2022-11-12T07:09:13,-20.111,-178.345,579.0,7.0
2022-11-12T07:29:32,-20.145,-178.387,568.9,5.1
2022-11-12T10:47:59,2.227,129.304,10.0,5.1
2022-11-12T13:18:47,-8.05,107.418,55.4,5.2
2022-11-12T14:27:05,29.352,81.178,10.0,5.2
2022-11-13T01:47:45,22.392,121.162,12.6,5.2
2022-11-13T02:24:01,-37.553,-73.76,22.2,5.7
2022-11-13T02:24:57,-37.465,-73.676,18.0,6.2
2022-11-13T08:16:47,44.002,148.212,35.0,5.1
2022-11-13T15:10:21,-8.95,108.834,39.8,5.2
2022-11-13T22:28:41,21.509,143.103,322.5,5.0
2022-11-14T01:11:20,53.969,-35.473,10.0,5.1
2022-11-14T05:04:11,-26.003,178.203,630.2,6.1
2022-11-14T08:08:26,33.814,137.306,346.0,6.1
2022-11-14T15:01:52,-64.007,-167.855,10.0,5.6
2022-11-15T07:03:19,-6.171,129.023,256.7,5.0
2022-11-15T21:14:12,-42.78,124.596,10.0,5.2
2022-11-15T21:17:39,-59.675,-26.168,49.0,5.2
2022-11-16T06:01:32,-4.762,100.762,10.0,5.5
2022-11-16T09:22:44,-5.348,102.366,29.8,5.1
2022-11-16T21:32:44,31.637,-103.999,6.9,5.4
2022-11-16T22:26:52,-11.728,166.616,138.0,5.8
2022-11-17T04:19:50,-1.935,-78.082,138.9,5.0
2022-11-17T04:42:21,-11.319,164.0,10.0,5.0
2022-11-17T06:31:55,-5.128,153.822,82.3,5.1
2022-11-17T11:21:29,-22.247,170.262,13.5,5.5
2022-11-17T11:48:26,19.037,-67.292,4.0,5.0
2022-11-17T13:59:32,26.964,55.217,10.0,5.0
2022-11-18T06:37:05,-29.724,-177.636,41.5,5.1
2022-11-18T11:41:28,-22.052,170.249,10.0,5.0
2022-11-18T13:37:08,-4.904,100.786,25.0,6.9
2022-11-18T14:07:00,-4.602,100.581,10.0,5.4
2022-11-19T00:49:38,-52.314,13.783,10.0,5.5
2022-11-19T02:18:23,16.034,119.475,23.5,5.0
2022-11-19T14:23:33,55.689,162.571,17.7,5.0
2022-11-19T17:10:28,-59.817,-26.516,84.4,5.3
2022-11-19T18:28:30,-7.77,107.989,70.0,5.0
2022-11-19T20:02:09,-59.798,-26.455,62.2,5.1
2022-11-20T06:09:38,-6.527,143.319,10.0,5.0
2022-11-20T13:49:17,-10.436,123.773,10.0,5.1
2022-11-20T23:24:58,35.836,26.432,63.0,5.5
2022-11-21T04:25:38,29.203,139.365,426.1,5.3
2022-11-21T06:21:07,-6.836,106.997,10.0,5.6
2022-11-21T10:55:39,-20.947,-174.041,10.0,5.2
2022-11-21T15:09:29,52.291,-168.164,13.2,5.5
2022-11-21T15:42:33,43.487,-127.338,10.0,5.2
2022-11-21T21:45:48,55.511,162.858,20.3,5.2
2022-11-21T22:25:45,55.548,162.642,35.7,5.1
2022-11-22T02:03:06,-9.82,159.603,14.0,7.0
2022-11-22T02:07:53,-9.799,159.407,10.0,5.5
2022-11-22T02:08:57,34.869,-34.776,10.0,5.4
2022-11-22T02:13:03,-9.79,159.554,10.0,5.6
2022-11-22T02:14:25,-9.776,159.677,10.0,5.4
2022-11-22T02:30:48,-9.822,159.597,10.0,5.0
2022-11-22T02:37:57,-9.82,159.459,10.0,6.0
2022-11-22T02:58:28,-9.752,159.717,10.0,5.0
2022-11-22T04:20:01,-9.786,159.498,10.0,5.0
2022-11-22T06:00:59,-14.969,166.069,10.0,5.1
2022-11-22T06:09:16,-9.753,159.425,17.2,5.1
2022-11-22T08:50:40,-9.66,159.445,10.0,5.1
2022-11-22T12:03:50,-31.02,-179.052,10.0,5.3
2022-11-22T12:12:49,-9.836,159.611,10.0,5.2
2022-11-22T16:24:43,-5.642,130.854,67.2,5.2
2022-11-22T16:39:05,30.794,-116.391,10.0,6.2
2022-11-22T21:13:11,-59.925,-27.865,119.1,5.5
2022-11-23T01:08:15,40.836,30.983,10.0,6.1
2022-11-23T07:02:27,-59.85,-26.194,10.0,5.0
2022-11-23T07:13:51,-9.824,159.422,10.0,5.0
2022-11-23T16:52:26,33.735,141.358,32.3,5.2
2022-11-23T17:04:28,72.518,3.254,10.0,5.2
2022-11-23T20:53:24,-31.128,-178.938,22.2,5.1
2022-11-24T02:11:25,-4.321,100.387,22.0,5.1
2022-11-24T09:15:25,-9.839,159.541,10.0,5.3
2022-11-24T13:41:03,12.118,143.676,10.0,5.0
2022-11-24T15:01:09,-16.096,-172.668,23.3,5.1
2022-11-24T15:05:06,18.376,120.823,46.3,5.1
2022-11-24T15:13:30,-9.804,159.797,25.4,5.1
2022-11-24T22:43:36,-9.743,159.49,25.9,5.0
2022-11-25T03:13:59,-30.997,-179.118,10.0,5.0
2022-11-25T11:28:13,-18.26,-178.045,543.0,5.0
2022-11-25T13:24:48,-9.881,159.894,16.1,5.1
2022-11-25T13:46:54,-9.831,159.796,25.0,5.7
2022-11-25T23:09:48,-55.989,-27.757,100.5,5.0
2022-11-26T06:05:35,18.761,146.961,17.0,5.6
2022-11-26T06:15:23,18.733,147.073,27.1,5.1
2022-11-26T18:44:06,49.372,155.628,65.6,5.0
2022-11-26T22:39:20,-5.877,130.498,109.7,5.1
2022-11-27T01:57:13,-16.798,-173.406,37.1,5.0
2022-11-27T02:50:53,-24.836,-112.128,10.0,5.5
2022-11-27T04:43:26,9.362,126.378,56.0,5.0
2022-11-27T04:44:12,-31.098,-178.798,10.0,5.0
2022-11-27T04:59:55,49.508,155.416,81.0,5.4
2022-11-27T10:32:22,-31.05,-179.127,10.0,5.1
2022-11-27T14:04:10,-55.076,-128.531,10.0,5.5
2022-11-27T20:52:01,21.472,144.105,10.0,5.0
2022-11-28T02:51:23,37.089,-32.404,10.0,5.9
2022-11-28T02:56:38,-31.073,-179.087,10.0,5.0
2022-11-28T09:30:26,-21.4,-174.214,10.0,5.4
2022-11-28T22:26:40,-2.948,129.791,10.0,5.0
2022-11-29T05:05:04,-31.184,-178.988,10.0,5.1
2022-11-29T07:17:58,-33.286,-178.03,10.0,5.2
2022-11-29T13:33:27,-27.096,-176.374,10.0,5.1
2022-11-29T15:54:45,53.82,-35.154,10.0,5.5
2022-11-29T15:57:17,26.422,129.255,10.0,5.1
2022-11-29T16:05:38,53.883,-35.016,10.0,5.0
2022-11-29T19:31:56,-20.818,-178.882,604.7,5.0
2022-11-29T23:50:37,53.919,-35.104,10.0,5.5
2022-11-30T00:55:55,56.159,-116.576,4.0,5.3
2022-11-30T01:07:37,-54.259,-136.499,10.0,5.2
2022-11-30T03:45:58,37.28,141.708,48.1,5.0
2022-11-30T10:48:00,-38.81,175.915,5.4,5.3
2022-11-30T15:17:41,26.887,55.239,6.0,5.7
2022-12-01T08:29:42,-5.032,100.733,10.0,5.1
2022-12-01T11:02:43,-0.503,-19.902,10.0,5.4
2022-12-01T13:30:47,7.532,-82.398,15.8,5.1
2022-12-02T05:07:48,-38.337,176.076,170.2,5.1
2022-12-02T08:55:14,-0.04,123.246,153.6,5.0
2022-12-02T12:35:11,-53.948,2.729,10.0,5.6
2022-12-03T03:34:38,-56.307,-25.589,32.4,5.0
2022-12-03T09:49:40,-7.233,107.614,120.0,5.6
2022-12-03T11:00:39,-22.501,171.285,37.7,5.0
2022-12-04T03:39:58,53.893,-35.61,10.0,5.0
2022-12-04T09:53:12,-1.014,10.236,10.0,5.5
2022-12-04T11:13:59,53.93,-35.569,10.0,5.4
2022-12-04T19:00:07,-21.678,170.703,138.7,5.5
2022-12-04T19:24:15,-15.35,-172.987,38.0,6.8
2022-12-04T20:27:21,-15.032,-173.123,10.0,5.0
2022-12-04T21:04:24,-27.929,-66.621,168.4,5.0
2022-12-04T23:38:18,-15.52,-171.668,17.4,5.0
2022-12-05T02:31:17,19.227,146.554,34.9,5.1
2022-12-05T05:35:06,-11.273,166.245,79.0,5.8
2022-12-05T14:21:26,-15.238,-174.203,151.3,5.4
2022-12-05T16:19:23,-15.228,-173.102,39.0,5.6
2022-12-05T16:23:40,-26.523,-113.935,10.0,5.1
2022-12-05T18:16:12,-26.667,-114.067,10.0,5.5
2022-12-06T05:57:59,-34.118,-112.437,10.0,5.5
2022-12-06T06:07:48,-10.723,113.386,17.0,5.9
2022-12-06T08:01:30,0.007,123.208,166.2,5.0
2022-12-06T09:34:51,-40.811,78.564,10.0,5.5
2022-12-06T10:22:02,-10.536,113.448,10.0,5.3
2022-12-07T04:01:54,-60.89,-25.505,10.0,5.0
2022-12-07T05:05:27,14.503,123.049,10.0,5.2
2022-12-07T06:53:15,-3.398,130.835,10.0,5.0
2022-12-07T08:41:31,-13.922,166.751,39.6,5.0
2022-12-07T16:54:26,23.726,121.65,29.2,5.2
2022-12-07T20:18:02,-9.232,158.01,10.0,5.4
2022-12-08T00:50:55,-6.711,107.146,107.0,5.8
2022-12-08T04:58:58,-2.766,139.106,54.9,5.0
2022-12-08T06:42:15,42.236,46.927,61.3,5.5
2022-12-08T10:06:35,-14.957,-173.067,10.0,5.5
2022-12-08T12:44:01,45.224,-27.903,10.0,5.4
2022-12-08T14:45:26,-63.114,-163.67,10.0,5.6
2022-12-08T23:18:58,-15.703,-72.228,10.0,5.0
2022-12-09T04:49:06,-56.374,-26.664,57.2,5.2
2022-12-09T06:32:59,13.159,125.825,9.0,5.8
2022-12-09T08:06:27,-44.229,-79.051,10.0,5.1
2022-12-09T17:08:25,-7.17,-13.208,6.5,5.3
2022-12-09T20:01:56,6.447,126.176,72.2,5.6
2022-12-10T06:41:29,-23.091,-68.142,117.0,5.6
2022-12-10T07:25:48,-33.646,-72.079,21.7,5.4
2022-12-10T12:01:47,-56.342,-26.852,78.8,5.0
2022-12-10T22:11:06,51.918,175.311,41.2,5.2
2022-12-10T22:30:27,-25.239,178.521,598.5,5.1
2022-12-11T06:40:21,-58.731,-25.427,32.0,5.6
2022-12-11T14:31:29,17.18,-100.53,18.0,6.0
2022-12-11T15:03:11,14.144,-89.871,189.6,5.0
2022-12-11T18:31:30,-21.194,-178.892,610.3,5.0
2022-12-12T01:38:17,-9.726,159.584,31.1,5.0
2022-12-12T18:27:34,4.849,-82.766,10.0,5.5
2022-12-13T10:38:21,-8.256,115.636,10.0,5.2
2022-12-13T12:26:18,-28.144,-178.232,10.0,5.4
2022-12-13T14:14:27,33.978,57.144,10.0,5.1
2022-12-13T14:25:17,27.507,129.549,19.0,5.6
2022-12-14T06:28:03,-62.938,155.894,10.0,5.6
2022-12-14T18:40:26,51.608,178.597,73.0,6.3
2022-12-15T04:03:15,23.77,121.812,13.0,5.9
2022-12-15T06:37:35,-57.261,147.825,10.0,5.1
2022-12-15T09:14:50,-60.04,-26.945,70.2,5.2
2022-12-15T14:32:23,12.916,-88.508,66.8,5.6
2022-12-15T14:42:45,-13.719,165.863,10.0,5.2
2022-12-15T15:44:37,-3.041,142.226,9.9,5.0
2022-12-16T10:23:49,-7.122,-80.482,10.0,5.2
2022-12-16T10:47:50,-58.785,-25.272,35.0,5.0
2022-12-16T11:00:46,13.619,120.818,139.7,5.0
2022-12-16T23:35:27,32.191,-102.141,8.2,5.2
2022-12-17T09:46:31,1.47,-79.305,12.7,5.3
2022-12-17T12:44:15,33.328,-20.002,10.0,5.1
2022-12-17T18:06:02,31.796,131.643,30.0,5.6
2022-12-17T21:45:36,53.916,-35.209,10.0,5.0
2022-12-18T07:01:52,26.777,126.612,114.4,5.1
2022-12-18T13:33:47,15.671,119.572,10.0,5.2
2022-12-19T04:43:57,-59.494,-26.006,55.0,5.0
2022-12-19T05:50:15,-5.38,104.647,109.8,5.1
2022-12-19T09:05:57,17.245,120.717,14.0,5.0
2022-12-20T02:57:28,-35.401,-104.681,10.0,5.3
2022-12-20T06:33:22,17.776,-60.951,12.4,5.2
2022-12-20T10:34:24,40.525,-124.423,17.9,6.4
2022-12-20T12:28:08,17.71,-60.932,13.7,5.2
2022-12-20T12:52:39,-16.798,-176.992,10.0,5.2
2022-12-20T16:38:41,-33.796,-179.754,39.0,5.6
2022-12-20T23:13:45,-26.417,-176.308,10.0,5.3
2022-12-21T04:34:38,-26.39,-176.381,10.0,5.4
2022-12-21T05:35:58,-38.719,77.987,10.0,5.1
2022-12-21T11:16:19,-6.116,151.819,10.0,5.3
2022-12-21T16:54:24,19.474,-108.668,10.0,5.3
2022-12-21T21:09:06,-31.347,-178.418,28.0,5.1
2022-12-22T08:56:08,-37.897,49.332,10.0,5.1
2022-12-22T13:13:55,-7.982,-74.417,156.0,5.5
2022-12-22T16:39:58,41.524,140.484,10.7,5.0
2022-12-23T08:39:24,-65.357,-179.774,10.0,5.8
2022-12-23T20:03:51,-45.57,-76.735,10.0,5.2
2022-12-24T04:00:28,-27.63,-177.1,10.0,5.0
2022-12-24T04:58:42,9.724,138.539,10.0,5.0
2022-12-24T08:35:41,28.294,138.806,520.0,5.5
2022-12-24T13:24:39,34.031,57.17,10.0,5.3
2022-12-24T20:02:09,-24.029,-66.903,171.5,5.0
2022-12-24T20:57:34,-9.168,109.572,46.9,5.0
2022-12-25T05:43:44,18.599,145.463,239.2,5.1
2022-12-25T10:56:10,-59.344,149.493,10.0,5.2
2022-12-25T11:26:48,47.198,153.656,35.0,5.1
2022-12-25T19:45:58,-26.427,-115.353,10.0,5.4
2022-12-25T19:53:19,-26.575,-115.472,10.0,5.0
2022-12-26T03:13:09,-6.092,148.558,72.4,5.0
2022-12-26T05:27:53,-19.23,-177.561,515.5,5.5
2022-12-26T09:35:02,-58.645,-25.011,19.4,5.1
2022-12-26T12:05:58,30.217,142.239,10.0,5.0
2022-12-26T12:21:07,14.521,40.021,10.0,5.5
2022-12-26T23:36:35,-57.141,-25.133,10.0,5.0
2022-12-27T01:00:46,-22.014,-174.486,10.0,5.5
2022-12-28T03:49:55,-3.384,130.804,10.0,5.0
2022-12-28T07:44:49,44.382,148.629,35.0,5.2
2022-12-28T12:24:20,38.581,23.709,10.3,5.0
2022-12-28T16:14:56,14.619,39.952,10.0,5.1
2022-12-28T16:34:19,-21.257,171.377,4.0,6.1
2022-12-28T17:16:35,41.8,79.562,10.0,5.1
2022-12-28T21:11:04,-16.508,-72.264,74.6,5.3
2022-12-29T00:36:03,29.208,130.618,30.5,5.1
2022-12-29T06:10:50,-23.474,-176.824,95.8,5.0
2022-12-29T13:13:36,6.232,126.183,140.9,5.2
2022-12-29T23:26:47,-0.213,97.308,10.0,5.3
2022-12-30T04:16:55,-0.221,97.302,10.0,5.0
2022-12-30T04:33:52,-7.056,102.806,10.0,5.0
2022-12-30T05:19:18,-45.84,-76.402,12.9,5.3
2022-12-30T09:42:09,-21.897,-174.761,22.6,5.4
2022-12-30T12:10:45,-7.955,128.88,35.0,5.0
2022-12-30T21:02:26,-52.709,27.99,10.0,5.2
2022-12-30T21:53:29,-14.996,-75.75,10.3,5.2
2022-12-31T03:31:43,-23.106,-68.899,96.3,5.1
2023-01-01T03:16:14,-6.706,155.232,35.0,5.4
2023-01-01T07:03:01,-58.86,-25.65,44.6,5.2
2023-01-01T16:24:27,-25.206,178.509,595.7,5.1
2023-01-01T18:24:32,-2.553,140.801,30.8,5.5
2023-01-01T18:26:42,-56.242,-123.534,10.0,5.8
2023-01-01T18:35:04,40.409,-123.971,30.6,5.4
2023-01-02T07:20:26,40.476,-29.349,10.0,5.3
2023-01-02T10:39:59,5.469,97.118,10.0,5.0
2023-01-02T18:22:47,45.942,150.801,109.2,5.3
2023-01-02T19:25:14,30.217,-41.961,10.0,5.2
2023-01-02T23:01:13,31.166,141.762,10.0,5.2
2023-01-03T07:08:35,40.211,142.644,35.0,5.1
2023-01-03T11:43:09,10.325,125.88,57.0,5.1
2023-01-03T12:55:30,-2.474,140.881,10.0,5.1
2023-01-03T13:09:08,-65.163,179.294,10.0,5.5
2023-01-03T14:53:33,-65.407,178.895,10.0,5.6
2023-01-03T16:39:23,-37.655,175.716,10.0,5.0
2023-01-03T18:19:25,0.847,-29.248,10.0,5.5
2023-01-03T21:52:08,-57.745,-25.379,33.1,5.3
2023-01-03T23:58:40,-57.745,-25.176,31.7,5.0
2023-01-04T02:02:10,0.076,170.032,10.0,5.0
2023-01-04T02:07:59,53.886,-35.041,10.0,5.4
2023-01-04T12:16:58,-2.496,140.741,19.8,5.1
2023-01-04T23:23:46,-19.164,-68.966,126.3,5.1
2023-01-05T07:00:46,-14.949,166.834,21.5,5.3
2023-01-05T14:25:53,36.474,70.746,203.0,6.0
2023-01-05T15:27:38,14.277,-94.095,10.0,5.2
2023-01-06T05:04:38,-58.623,-23.333,10.0,5.4
2023-01-06T11:52:37,-24.748,-179.966,497.9,5.9
2023-01-07T15:30:34,-16.139,-174.219,152.1,5.1
2023-01-08T12:32:42,-14.947,166.879,29.0,7.0
2023-01-08T17:15:08,-15.098,166.728,35.0,5.0
2023-01-09T01:46:13,-14.914,166.908,30.5,5.2
2023-01-09T01:48:00,-14.951,166.792,13.3,5.0
2023-01-09T06:24:14,-5.237,153.344,16.2,5.0
2023-01-09T12:26:33,-8.83,111.176,67.9,5.3
2023-01-09T17:47:35,-7.059,130.009,105.0,7.6
2023-01-09T18:09:53,-7.081,130.116,108.2,5.4
2023-01-09T21:21:54,-15.5,166.545,29.4,5.0
2023-01-10T05:24:48,-14.989,167.226,109.3,5.7
2023-01-10T08:21:24,-10.692,166.074,177.9,5.0
2023-01-10T19:42:02,54.678,-156.859,20.0,5.0
2023-01-10T19:47:15,-27.727,-63.258,582.2,5.1
2023-01-11T08:39:52,-14.76,166.876,15.0,5.8
2023-01-11T10:17:18,43.965,-128.739,10.0,5.0
2023-01-11T11:30:27,-23.212,-175.304,10.0,5.6
2023-01-11T11:53:25,-6.772,131.391,12.5,5.0
2023-01-11T16:17:45,-49.85,-114.222,10.0,5.8
2023-01-11T16:22:18,-49.678,-114.41,10.0,5.0
2023-01-12T05:38:43,-55.441,-127.028,10.0,5.1
2023-01-12T06:19:10,-30.618,-71.376,49.0,5.5
2023-01-12T10:21:49,-5.653,147.633,68.6,5.1
2023-01-12T11:11:58,-23.141,-175.139,10.0,5.3
2023-01-12T12:28:34,-23.275,-174.866,10.0,5.2
2023-01-12T16:28:51,-21.898,179.702,598.3,5.5
2023-01-13T01:19:30,-0.227,129.707,10.0,5.0
2023-01-13T22:41:02,-5.013,103.129,66.4,5.3
2023-01-14T14:31:27,-14.949,166.719,20.7,5.1
2023-01-15T04:42:15,29.947,139.108,398.0,5.2
2023-01-15T05:32:26,-15.532,168.15,19.5,5.2
2023-01-15T11:37:34,25.049,125.812,20.2,5.0
2023-01-15T12:04:16,-14.987,166.884,21.0,5.6
2023-01-15T17:09:39,-22.822,179.197,582.6,5.0
2023-01-15T22:29:58,1.984,97.998,37.0,6.1
2023-01-15T23:07:53,14.023,-89.798,10.0,5.2
2023-01-16T04:47:12,14.08,-89.86,8.0,5.0
2023-01-16T04:49:51,28.98,139.345,405.0,6.3
2023-01-16T21:57:39,14.413,122.978,10.0,5.1
2023-01-16T23:45:05,-62.953,-163.791,10.0,5.0
2023-01-17T04:36:12,-9.048,112.538,66.3,5.0
2023-01-17T17:40:59,42.131,-29.287,16.6,5.1
2023-01-17T20:46:36,-17.732,-171.175,10.0,5.0
2023-01-17T21:42:34,-9.065,148.127,22.3,5.1
2023-01-18T00:34:45,-0.012,123.2,154.0,6.0
2023-01-18T04:21:57,34.923,14.275,10.0,5.0
2023-01-18T06:06:11,2.731,127.022,29.7,7.0
2023-01-18T06:19:13,2.824,127.018,35.0,5.1
2023-01-18T08:01:26,2.698,127.135,50.4,5.5
2023-01-18T10:08:14,38.433,44.946,19.1,5.7
2023-01-18T11:06:53,-13.351,66.818,10.0,5.0
2023-01-18T15:54:46,34.855,14.258,10.0,5.1
2023-01-18T16:27:49,-10.959,111.724,10.0,5.1
2023-01-19T11:30:42,35.546,71.396,104.4,5.1
2023-01-19T17:52:44,-21.377,-174.13,10.0,5.0
2023-01-20T05:48:28,38.924,142.1,47.9,5.0
2023-01-20T11:23:40,16.14,-62.153,162.0,6.1
2023-01-20T12:41:15,-27.953,-176.306,10.0,5.4
2023-01-20T17:49:34,2.745,126.944,24.6,5.0
2023-01-20T22:09:39,-26.751,-63.082,596.8,6.8
2023-01-21T03:58:09,2.755,127.054,44.9,5.1
2023-01-21T19:20:27,57.416,-33.257,10.0,5.3
2023-01-21T19:49:28,57.404,-33.298,10.0,5.7
2023-01-21T20:06:50,2.721,126.993,28.9,5.1
2023-01-21T22:35:30,57.381,-33.38,10.0,5.3
2023-01-22T02:48:41,-20.817,-174.133,19.4,5.0
2023-01-22T20:13:42,-7.173,155.941,121.0,5.0
2023-01-23T02:59:43,23.448,142.935,44.8,5.2
2023-01-23T03:02:03,-57.683,-23.704,10.0,5.1
2023-01-23T10:37:52,34.974,14.181,10.0,5.1
2023-01-23T13:42:02,24.884,93.079,10.0,5.1
2023-01-23T17:06:48,2.794,126.899,30.5,5.0
2023-01-23T18:17:34,2.82,127.002,9.7,5.5
2023-01-24T01:10:20,2.774,126.914,18.5,5.1
2023-01-24T02:13:14,2.818,126.944,35.0,5.8
2023-01-24T02:30:04,2.904,127.088,35.0,5.4
2023-01-24T08:58:33,29.582,81.664,33.1,5.4
2023-01-24T13:11:21,3.082,127.016,35.9,5.0
2023-01-24T16:10:15,3.555,128.54,11.0,5.2
2023-01-24T18:36:58,-26.72,-63.113,580.0,6.4
2023-01-24T20:17:58,3.16,127.014,35.0,5.3
2023-01-24T20:25:34,34.877,14.311,10.0,5.3
2023-01-25T12:37:05,35.709,28.496,29.6,5.9
2023-01-25T15:09:35,-31.23,-178.239,35.0,5.2
2023-01-25T16:02:10,35.733,79.85,10.0,5.0
2023-01-25T19:49:44,29.731,101.994,7.0,5.4
2023-01-25T20:13:06,-27.868,-176.09,10.0,5.1
2023-01-26T04:16:05,16.615,-25.619,10.0,5.3
2023-01-26T04:23:51,2.839,126.986,35.0,5.7
2023-01-26T10:45:52,-30.212,-178.662,131.0,6.0
2023-01-26T16:41:38,50.601,-172.629,28.8,5.1
2023-01-26T19:17:03,57.393,-33.38,10.0,5.1
2023-01-26T19:30:46,57.326,-33.275,10.0,5.3
2023-01-27T05:29:21,-49.555,117.433,10.0,5.0
2023-01-27T20:25:27,10.69,125.452,71.0,5.4
2023-01-28T05:02:34,13.119,145.615,10.0,5.0
2023-01-28T09:13:22,-34.809,54.383,10.0,5.1
2023-01-28T18:14:45,38.42,44.91,16.0,5.9
2023-01-28T18:16:56,38.481,44.928,10.0,5.1
2023-01-28T19:15:18,1.944,128.255,143.9,5.3
2023-01-29T17:04:14,8.59,-39.444,10.0,5.0
2023-01-29T19:57:14,2.849,126.943,42.2,5.0
2023-01-29T23:49:38,40.017,82.37,28.0,5.7
2023-01-30T10:25:12,23.224,123.905,10.0,5.1
2023-01-30T17:07:44,35.737,79.887,10.0,5.0
2023-01-30T18:45:37,12.136,93.587,107.4,5.0
2023-01-30T19:55:25,34.91,14.273,10.3,5.3
2023-01-31T19:02:11,-15.865,-173.079,43.6,5.0
2023-02-01T00:21:59,-9.602,159.746,29.2,5.0
2023-02-01T10:44:46,7.743,126.057,19.0,6.0
2023-02-01T11:11:17,17.948,-70.373,47.1,5.0
2023-02-01T21:14:57,-1.911,-81.428,22.8,5.1
2023-02-02T14:48:25,61.067,-152.223,112.6,5.0
2023-02-02T23:05:05,2.483,128.221,81.0,5.0
2023-02-03T00:10:06,-14.596,166.72,37.3,5.0
2023-02-03T12:04:19,37.035,96.9,10.0,5.0
2023-02-03T12:14:40,37.07,96.906,10.0,5.0
2023-02-03T17:54:31,-15.53,167.524,126.6,5.2
2023-02-03T23:14:20,-38.884,175.873,100.7,5.0
2023-02-04T05:09:36,-21.846,-173.913,10.0,5.3
2023-02-04T12:22:37,-6.405,146.23,121.0,5.8
2023-02-05T00:03:19,32.655,141.66,11.0,5.8
2023-02-05T01:02:45,-29.649,-71.251,70.2,5.5
2023-02-06T01:17:34,37.226,37.014,10.0,7.8
2023-02-06T01:26:50,37.225,37.0,10.0,5.7
2023-02-06T01:28:15,37.189,36.893,9.8,6.7
2023-02-06T01:36:27,36.992,36.683,10.0,5.6
2023-02-06T01:58:23,37.03,36.621,10.0,5.1
2023-02-06T02:03:37,37.771,37.914,16.9,5.3
2023-02-06T02:06:23,37.923,38.061,10.0,5.0
2023-02-06T02:23:14,37.182,36.966,11.4,5.3
2023-02-06T04:18:46,38.184,38.534,16.4,5.0
2023-02-06T10:24:48,38.011,37.196,7.4,7.5
2023-02-06T10:26:46,38.032,38.098,10.0,6.0
2023-02-06T10:32:08,37.996,37.203,14.1,5.4
2023-02-06T10:35:58,38.025,37.802,10.0,5.8
2023-02-06T10:51:30,38.248,38.185,10.0,5.7
2023-02-06T11:05:35,38.075,36.759,6.0,5.1
2023-02-06T12:02:11,38.058,36.511,8.5,6.0
2023-02-06T13:07:45,38.038,37.371,16.9,5.0
2023-02-06T13:39:24,38.017,37.701,10.0,5.3
2023-02-06T13:44:51,37.94,37.492,16.9,5.0
2023-02-06T15:33:32,38.19,38.176,7.4,5.4
2023-02-06T16:43:28,38.001,36.508,10.0,5.0
2023-02-06T18:03:53,37.978,36.446,10.0,5.2
2023-02-06T20:37:51,37.251,37.086,10.0,5.3
2023-02-06T22:20:48,-8.863,-109.366,10.0,5.0
2023-02-07T00:35:51,-7.244,106.007,50.5,5.4
2023-02-07T02:29:34,14.062,145.078,110.7,5.0
2023-02-07T03:13:12,37.764,37.731,10.0,5.5
2023-02-07T06:45:42,49.158,155.902,23.6,5.3
2023-02-07T07:11:15,38.097,38.64,9.1,5.4
2023-02-07T08:49:35,49.513,-28.423,10.0,5.1
2023-02-07T10:18:14,38.016,38.57,13.0,5.3
2023-02-07T14:20:19,9.579,138.424,10.0,5.2
2023-02-07T15:48:54,37.994,36.477,11.1,5.0
2023-02-07T16:44:32,9.708,138.368,10.0,5.1
2023-02-07T18:09:59,37.936,36.601,17.9,5.3
2023-02-07T21:30:17,-10.664,164.962,51.2,5.3
2023-02-07T21:31:36,7.161,-76.989,23.6,5.0
2023-02-08T07:48:31,38.006,36.496,10.0,5.0
2023-02-08T11:11:52,37.939,37.661,9.6,5.4
2023-02-08T11:35:34,-2.547,140.63,15.2,5.0
2023-02-08T14:20:24,37.996,37.432,5.4,5.1
2023-02-08T15:16:16,16.734,-86.057,10.0,5.5
2023-02-08T15:57:00,-5.711,154.332,108.4,5.0
2023-02-09T00:28:18,-27.955,-176.268,10.0,5.1
2023-02-09T06:27:58,-2.598,140.559,9.9,5.1
2023-02-09T09:09:16,-55.715,-27.188,35.0,5.4
2023-02-09T10:53:16,-10.76,161.659,35.0,5.5
2023-02-09T21:12:19,-1.275,67.562,10.0,5.5
2023-02-09T21:20:52,-55.613,-27.104,35.0,5.0
2023-02-10T16:07:15,-30.14,-177.968,11.5,5.0
2023-02-10T17:06:21,-22.313,-174.428,10.0,5.3
2023-02-10T18:20:54,-2.292,140.183,25.3,5.0
2023-02-10T20:16:34,-5.269,153.341,55.1,5.2
2023-02-11T08:55:05,3.589,126.692,25.0,5.9
2023-02-11T15:31:26,-35.362,-15.57,10.0,5.6
2023-02-12T07:08:22,17.554,-46.534,10.0,5.1
2023-02-12T11:41:37,10.118,126.532,33.4,5.0
2023-02-12T16:29:49,38.824,38.031,10.0,5.0
2023-02-12T17:38:09,-1.664,134.077,61.2,5.1
2023-02-13T05:57:00,46.631,151.53,84.0,5.2
2023-02-13T09:18:12,-29.37,-178.972,354.0,6.1
2023-02-13T14:58:05,45.131,23.183,10.0,5.0
2023-02-13T18:38:49,38.896,92.673,10.0,5.1
2023-02-14T02:03:16,-15.355,167.541,119.6,5.2
2023-02-14T13:16:50,45.1,23.201,10.0,5.6
2023-02-14T22:22:03,-19.866,-175.18,155.2,5.2
2023-02-15T01:25:46,-58.77,-25.339,35.0,5.0
2023-02-15T02:13:12,8.001,-37.082,10.0,5.3
2023-02-15T02:14:32,7.886,-37.011,10.0,5.1
2023-02-15T06:38:08,-40.553,174.534,78.2,5.7
2023-02-15T07:35:22,51.218,-179.186,35.0,5.3
2023-02-15T13:04:09,6.766,-73.024,158.8,5.2
2023-02-15T14:48:27,-37.148,177.502,115.5,5.0
2023-02-15T18:00:53,-18.524,-173.055,10.0,5.1
2023-02-15T18:10:08,12.31,123.86,8.0,6.1
2023-02-15T22:12:20,-20.042,-68.024,170.2,5.0
2023-02-16T05:37:04,-15.031,167.039,34.7,5.6
2023-02-16T06:50:44,19.597,-73.683,10.0,5.4
2023-02-16T10:33:58,14.974,119.831,46.5,5.1
2023-02-16T12:02:40,13.178,-91.238,14.9,5.1
2023-02-16T15:55:33,-21.864,-11.651,10.0,5.4
2023-02-16T19:47:49,36.177,35.797,10.0,5.2
2023-02-17T01:46:34,26.554,128.669,29.7,5.2
2023-02-17T02:11:31,1.024,-28.078,10.0,5.3
2023-02-17T09:26:09,-5.611,35.217,10.0,5.0
2023-02-17T09:37:34,-6.618,132.106,39.7,6.1
2023-02-18T03:16:40,-22.383,-174.411,10.0,5.4
2023-02-18T09:02:54,-13.238,167.147,202.8,5.3
2023-02-18T19:31:31,38.07,36.599,12.2,5.0
2023-02-18T21:27:58,-55.418,-27.804,12.9,5.7
2023-02-18T23:03:04,-17.54,-178.701,545.1,5.2
2023-02-19T02:40:40,-19.966,-71.163,8.5,5.3
2023-02-19T07:54:32,12.436,-87.539,70.0,5.0
2023-02-19T13:08:13,-58.412,-23.221,10.0,5.0
2023-02-19T16:07:10,-12.832,66.376,10.0,5.3
2023-02-19T18:55:42,42.796,143.121,132.3,5.0
2023-02-20T01:33:30,1.911,96.614,27.7,5.0
2023-02-20T03:09:47,15.202,122.801,10.0,5.0
2023-02-20T04:05:04,-22.434,-174.446,10.0,5.2
2023-02-20T17:04:29,36.162,36.025,16.0,6.3
2023-02-20T17:07:35,36.159,35.935,10.0,5.5
2023-02-20T17:53:32,-9.806,160.245,10.0,5.1
2023-02-21T05:35:25,56.838,-153.048,11.7,5.4
2023-02-21T06:05:34,27.783,55.357,10.0,5.1
2023-02-21T08:41:03,64.668,-17.68,10.0,5.2
2023-02-21T18:05:34,27.122,143.516,15.7,5.1
2023-02-21T19:22:12,1.825,93.88,10.0,5.0
2023-02-22T01:11:07,27.753,55.285,10.0,5.0
2023-02-22T09:34:03,-7.026,129.506,114.2,5.6
2023-02-23T00:37:38,38.055,73.229,9.0,6.9
2023-02-23T00:55:14,38.135,73.066,10.0,5.1
2023-02-23T01:35:53,38.016,73.287,10.0,5.0
2023-02-23T10:23:36,-33.901,-73.255,10.0,5.5
2023-02-23T11:43:16,-19.057,-173.694,42.1,5.0
2023-02-23T13:01:20,-24.001,-66.754,182.6,5.3
2023-02-23T17:21:56,-6.056,-106.514,10.0,5.4
2023-02-23T20:02:47,3.28,128.136,92.0,6.3
2023-02-24T15:24:47,14.072,146.701,10.0,5.0
2023-02-25T05:00:01,-47.291,-13.317,10.0,5.1
2023-02-25T10:25:44,27.105,126.735,10.0,5.0
2023-02-25T10:27:10,37.98,33.988,11.8,5.2
2023-02-25T13:27:43,42.826,145.021,55.0,6.0
2023-02-25T18:25:48,-11.222,165.623,33.4,5.0
2023-02-25T21:24:47,-6.088,149.828,34.0,6.2
2023-02-25T22:51:47,-64.336,-178.684,10.0,5.0
2023-02-26T11:48:15,-30.278,-177.532,20.4,5.0
2023-02-26T13:53:18,51.51,-178.293,49.3,5.0
2023-02-26T23:58:04,41.821,79.84,10.0,5.1
2023-02-27T01:26:05,-1.614,120.249,38.9,5.5
2023-02-27T01:31:15,-32.78,-178.995,44.5,5.1
2023-02-27T06:40:59,-20.548,-178.354,550.2,5.6
2023-02-27T09:04:51,38.214,38.277,10.0,5.2
2023-02-27T09:50:42,-11.298,166.289,83.9,5.0
2023-02-27T18:46:06,12.76,-87.913,72.1,5.2
2023-02-28T04:20:59,38.077,73.24,10.0,5.0
2023-02-28T04:49:54,-31.184,-65.803,10.4,5.0
2023-02-28T11:12:08,32.932,141.702,10.0,5.2
2023-02-28T12:07:30,6.681,60.223,10.0,5.4
2023-02-28T14:42:50,1.37,125.776,64.5,5.1
2023-02-28T14:46:51,29.616,101.974,10.0,5.2
2023-02-28T19:44:35,13.601,-90.73,69.3,5.2
2023-03-01T05:36:14,-4.826,149.504,600.9,6.6
2023-03-01T12:54:52,-60.302,-27.08,62.4,5.1
2023-03-01T13:59:22,27.483,142.779,16.8,5.0
2023-03-01T19:28:07,14.15,146.809,10.4,5.5
2023-03-01T19:29:50,44.489,149.579,35.0,5.0
2023-03-01T23:05:23,-1.566,100.838,93.3,5.0
2023-03-02T04:40:43,16.256,-94.41,95.6,5.7
2023-03-02T05:42:02,-55.054,-31.543,10.0,5.2
2023-03-02T06:47:40,33.286,139.523,18.2,5.0
2023-03-02T18:04:30,-15.377,166.391,17.0,6.5
2023-03-02T18:05:31,-15.052,166.573,10.0,5.7
2023-03-02T18:10:32,-15.056,166.646,10.0,5.2
2023-03-02T18:11:07,-14.906,166.672,10.0,5.2
2023-03-02T20:55:29,-14.891,166.717,12.9,5.1
2023-03-03T00:31:53,-59.346,-18.058,10.0,5.2
2023-03-03T00:36:47,-3.851,101.807,57.7,5.0
2023-03-03T00:54:27,-14.776,166.555,10.0,5.3
2023-03-03T01:53:26,-17.125,-72.662,18.6,5.3
2023-03-03T02:53:43,37.84,36.7,7.1,5.0
2023-03-03T04:53:55,-59.403,-17.999,10.0,5.9
2023-03-03T09:41:20,-5.918,154.502,80.6,5.0
2023-03-03T19:00:26,-30.883,-13.412,10.0,5.4
2023-03-04T01:19:34,-32.252,-178.734,39.4,5.0
2023-03-04T06:41:23,-29.502,-178.796,211.0,6.9
2023-03-04T19:15:21,-31.067,-13.49,10.0,5.0
2023-03-04T20:18:07,-16.641,-173.279,54.8,5.2
2023-03-05T19:25:43,-16.142,-73.47,55.8,5.1
2023-03-05T20:43:02,7.537,126.166,10.0,5.4
2023-03-05T22:21:34,-55.714,147.337,10.0,5.8
2023-03-05T23:37:11,7.624,91.759,10.0,5.1
2023-03-06T07:34:51,-29.651,-71.516,59.3,5.0
2023-03-06T09:25:49,-60.906,-33.423,10.0,5.0
2023-03-06T21:00:01,-20.776,-178.365,534.1,5.8
2023-03-06T22:24:47,42.323,144.56,41.2,5.2
2023-03-07T01:14:01,-15.104,167.16,75.4,5.0
2023-03-07T03:59:40,5.383,-77.552,10.0,5.0
2023-03-07T06:02:31,7.494,126.057,16.1,5.9
2023-03-07T07:31:58,-6.47,104.002,43.5,5.3
2023-03-07T08:47:41,7.632,126.253,10.0,5.6
2023-03-07T13:51:49,-3.158,150.619,9.0,5.9
2023-03-07T13:53:20,-3.443,150.662,10.0,5.4
2023-03-07T20:31:28,-0.253,124.547,39.3,5.3
2023-03-07T20:46:05,-5.45,151.757,74.2,5.3
2023-03-08T06:03:36,50.089,157.471,39.0,5.6
2023-03-08T07:33:07,-6.501,155.031,40.0,5.8
2023-03-08T13:43:22,11.405,141.463,10.0,5.4
2023-03-09T17:48:45,-7.07,155.793,87.6,5.1
2023-03-10T00:58:52,-6.485,143.587,18.1,5.0
2023-03-10T09:18:40,6.731,-73.027,160.4,5.4
2023-03-10T11:00:58,-4.168,152.974,10.0,5.0
2023-03-10T20:47:33,5.312,-78.188,24.3,5.1
2023-03-11T02:35:28,-45.663,-77.322,10.0,5.2
2023-03-11T04:03:47,1.967,97.937,44.5,5.3
2023-03-11T13:29:45,-16.399,177.506,10.0,5.5
2023-03-11T18:21:26,-16.447,177.5,10.0,5.2
2023-03-12T01:09:14,-58.787,-24.708,10.0,5.1
2023-03-12T07:43:19,-12.03,165.838,10.0,5.6
2023-03-12T20:56:51,-10.79,166.783,11.5,5.1
2023-03-13T22:50:44,-28.185,-67.498,128.6,5.2
2023-03-14T00:49:08,-5.42,146.834,213.0,6.3
2023-03-14T04:24:47,-56.642,-141.799,10.0,5.5
2023-03-14T16:35:59,35.517,22.179,10.0,5.4
2023-03-14T19:56:39,-38.382,-75.266,8.0,5.5
2023-03-15T21:25:39,4.702,126.906,56.5,5.4
2023-03-16T00:56:00,-30.174,-176.205,10.0,7.0
2023-03-16T01:28:10,-30.163,-176.412,10.0,5.1
2023-03-16T01:46:09,-30.161,-176.396,10.0,5.2
2023-03-16T05:22:40,-10.541,113.313,10.0,5.2
2023-03-16T11:47:14,38.503,45.068,10.0,5.2
2023-03-16T17:03:07,11.468,138.787,10.0,5.0
2023-03-16T18:32:51,35.302,46.026,10.0,5.1
2023-03-17T10:39:39,30.766,96.09,10.0,5.0
2023-03-17T12:05:27,-9.021,109.751,49.7,5.0
2023-03-17T15:46:01,-38.059,176.616,10.0,5.3
2023-03-17T16:11:39,5.927,126.942,70.2,5.0
2023-03-18T03:44:10,-30.407,-176.638,10.0,5.0
2023-03-18T17:12:52,-2.783,-79.852,68.0,6.8
2023-03-19T15:06:27,59.61,-151.907,65.4,5.4
2023-03-19T19:30:14,-3.762,101.874,63.4,5.0
2023-03-20T11:57:15,-56.076,-27.866,131.0,5.1
2023-03-21T01:44:13,9.371,-84.112,35.0,5.5
2023-03-21T01:45:20,23.614,121.365,8.3,5.2
2023-03-21T16:47:23,36.523,70.943,192.0,6.5
2023-03-21T17:38:13,-33.611,-71.34,60.0,5.6
2023-03-21T20:41:07,28.507,-43.593,10.0,5.5
2023-03-21T20:49:21,28.474,-43.75,10.0,5.0
2023-03-22T02:25:39,-59.579,-26.228,79.5,5.3
2023-03-22T07:36:58,40.282,143.15,22.0,5.6
2023-03-22T10:38:47,37.102,54.655,10.0,5.0
2023-03-22T14:16:45,-30.214,-177.301,10.0,5.2
2023-03-22T15:18:50,-23.511,-66.468,213.7,5.3
2023-03-22T16:00:34,-23.422,-66.495,228.0,6.4
2023-03-22T20:07:44,39.383,69.893,12.0,5.8
2023-03-22T20:23:45,-8.808,123.164,109.0,5.1
2023-03-22T23:31:53,19.212,121.188,17.0,5.6
2023-03-23T00:17:39,-4.407,144.278,132.0,5.7
2023-03-23T02:56:54,-42.818,-82.538,10.0,5.1
2023-03-23T05:52:18,-10.689,164.707,10.0,5.2
2023-03-23T09:19:53,38.011,36.427,10.0,5.3
2023-03-24T03:16:56,38.461,44.85,11.0,5.6
2023-03-24T04:25:29,30.003,141.852,28.6,5.3
2023-03-24T04:38:09,29.944,141.818,10.0,5.0
2023-03-24T13:01:34,-20.274,-176.344,293.5,5.7
2023-03-25T09:58:31,-21.048,173.505,10.0,5.0
2023-03-26T00:02:43,-21.005,-68.605,105.2,5.4
2023-03-26T11:39:01,-25.694,-69.186,8.4,5.1
2023-03-26T12:41:11,-4.956,131.96,53.0,5.1
2023-03-27T02:29:21,-17.848,-178.206,464.7,5.5
2023-03-27T02:53:42,-22.756,171.802,10.0,5.0
2023-03-27T22:19:15,-8.232,158.912,79.0,6.2
2023-03-28T04:19:09,-0.375,123.535,75.1,5.0
2023-03-28T05:51:28,18.338,120.458,25.1,5.1
2023-03-28T09:18:28,41.143,142.815,37.0,6.0
2023-03-28T12:54:01,-10.912,166.918,10.0,5.0
2023-03-28T13:07:17,-10.894,166.777,10.9,5.2
2023-03-29T18:26:50,-15.242,-173.112,13.5,5.3
2023-03-30T17:33:08,-35.666,-73.496,26.0,6.3
2023-03-31T05:52:19,27.037,141.559,64.4,5.3
2023-03-31T10:46:21,-24.785,-70.059,49.4,5.2
2023-03-31T22:36:11,-50.002,114.065,10.0,5.6
2023-04-01T15:57:40,27.271,53.032,27.8,5.1
2023-04-02T08:40:53,-7.811,118.679,10.9,5.6
2023-04-02T18:04:11,-4.323,143.166,70.0,7.0
2023-04-02T19:32:25,6.431,115.834,618.7,5.5
2023-04-03T03:06:57,52.723,158.494,101.0,6.5
2023-04-03T04:40:05,-58.554,-25.016,20.4,5.2
2023-04-03T12:36:06,12.274,-89.445,10.0,5.0
2023-04-03T14:59:41,0.839,98.835,84.0,6.1
2023-04-03T20:50:32,-8.22,123.857,181.5,5.0
2023-04-03T21:34:45,14.482,56.299,10.0,5.5
2023-04-03T21:44:13,14.389,56.326,10.0,5.5
2023-04-03T21:46:42,-21.381,-66.705,217.6,5.1
2023-04-03T22:00:22,14.545,56.4,10.0,5.3
2023-04-04T02:11:57,16.081,-96.983,31.0,5.4
2023-04-04T07:07:23,27.004,141.456,54.5,5.0
2023-04-04T12:54:31,13.732,125.538,10.0,6.2
2023-04-04T16:27:07,34.291,8.008,10.0,5.0
2023-04-04T17:17:42,9.058,93.905,10.0,5.0
2023-04-04T19:08:46,-27.433,-70.962,53.0,5.9
2023-04-04T22:18:12,7.567,-82.334,16.0,6.3
2023-04-05T06:19:29,-9.402,-71.44,560.1,5.1
2023-04-06T00:32:02,-0.536,122.184,10.0,5.2
2023-04-06T03:21:40,-35.543,-109.13,10.0,5.1
2023-04-06T06:39:05,11.643,-85.777,10.0,5.1
2023-04-07T02:22:40,49.892,155.252,85.0,5.8
2023-04-07T12:17:05,41.903,81.928,10.0,5.0
2023-04-08T14:11:58,-2.995,141.948,69.6,5.3
2023-04-08T16:27:32,-16.575,175.002,14.8,5.3
2023-04-09T01:21:13,0.894,-28.317,10.0,5.1
2023-04-09T07:46:14,9.096,94.0,10.0,5.3
2023-04-09T10:31:20,8.933,93.955,10.0,5.5
2023-04-09T12:17:33,8.966,93.97,10.0,5.7
2023-04-09T15:30:35,9.331,147.265,10.0,5.3
2023-04-09T20:55:58,9.012,93.922,10.0,5.2
2023-04-09T22:11:20,-48.298,-9.92,10.0,5.7
2023-04-09T23:41:03,-3.447,149.085,10.0,5.8
2023-04-10T00:36:20,-9.661,115.123,62.3,5.0
2023-04-10T00:37:29,-9.589,115.116,58.5,5.1
2023-04-10T01:05:48,-3.479,148.91,10.0,5.8
2023-04-10T01:09:05,-3.262,148.72,10.0,5.1
2023-04-10T07:05:43,-10.794,164.684,10.0,5.3
2023-04-10T15:22:05,-48.167,-9.916,10.0,5.0
2023-04-10T21:13:14,-6.42,142.748,10.0,5.0
2023-04-10T23:58:13,-15.176,167.513,128.5,5.1
2023-04-11T09:31:10,2.058,126.59,43.6,5.0
2023-04-11T12:36:04,-5.947,149.683,37.1,5.6
2023-04-12T00:43:48,-32.811,-179.076,35.0,5.0
2023-04-12T02:02:13,5.853,126.775,83.5,5.3
2023-04-12T13:59:32,-1.297,89.465,10.0,5.0
2023-04-12T23:07:46,-6.425,130.995,65.6,5.0
2023-04-13T03:24:08,17.603,60.023,10.0,5.2
2023-04-13T15:54:53,49.215,-129.618,7.0,6.0
2023-04-13T16:04:27,9.227,125.574,20.4,5.1
2023-04-13T17:20:20,24.047,-108.953,10.0,5.3
2023-04-14T03:01:35,-2.082,139.078,25.5,5.0
2023-04-14T09:55:45,-6.041,112.048,597.0,7.0
2023-04-14T10:37:54,-6.052,113.002,578.0,5.4
2023-04-14T14:10:55,-5.503,152.075,56.2,5.4
2023-04-14T18:09:25,-4.471,143.21,85.8,5.1
2023-04-15T15:01:34,-33.744,56.066,10.0,5.9
2023-04-15T15:07:07,-4.83,102.955,62.2,5.5
2023-04-15T21:03:06,-33.897,56.508,10.0,5.0
2023-04-16T09:49:50,17.805,-61.492,25.5,5.2
2023-04-17T11:01:33,-31.773,-178.864,10.0,5.2
2023-04-17T11:05:55,-4.873,102.942,62.6,5.1
2023-04-17T13:26:33,-31.827,-178.827,10.0,5.1
2023-04-17T19:57:21,-31.849,-178.951,11.3,5.4
2023-04-18T01:10:25,-31.779,-178.918,10.0,5.0
2023-04-18T02:40:52,54.165,159.868,108.0,5.6
2023-04-18T04:31:42,-22.319,179.451,580.0,6.7
2023-04-19T04:55:28,17.274,-101.062,21.1,5.2
2023-04-19T09:06:03,-5.95,149.635,40.0,6.3
2023-04-19T19:16:04,51.512,159.747,10.0,5.1
2023-04-20T10:55:31,2.715,-84.395,10.0,5.4
2023-04-21T06:18:16,-18.498,-174.698,117.4,5.2
2023-04-21T09:06:32,-38.555,78.149,10.0,5.7
2023-04-21T10:21:13,2.765,127.05,21.0,5.9
2023-04-21T15:02:56,-6.303,146.441,89.2,5.0
2023-04-21T22:19:48,35.026,15.219,13.8,5.5
2023-04-21T23:10:40,-5.08,-77.33,37.7,5.0
2023-04-22T08:23:42,-5.261,125.585,4.0,6.2
2023-04-22T08:28:59,-5.27,125.568,10.0,5.0
2023-04-22T09:15:53,-5.349,125.637,13.7,5.5
2023-04-22T16:17:42,-35.29,-104.371,10.0,5.5
2023-04-22T17:09:44,-0.762,98.594,21.0,5.8
2023-04-22T21:17:47,-0.94,98.489,20.0,5.7
2023-04-22T21:20:55,-0.86,98.504,22.7,5.2
2023-04-22T21:36:36,-56.414,-141.549,10.0,5.0
2023-04-22T23:33:52,-0.802,98.603,18.4,5.2
2023-04-23T02:28:40,-20.74,-173.749,10.0,5.1
2023-04-23T03:47:09,-29.254,-177.088,44.3,5.1
2023-04-23T09:19:20,17.52,122.303,36.5,5.3
2023-04-23T16:23:18,14.264,118.914,10.0,5.3
2023-04-23T16:24:12,-29.483,-177.149,45.8,5.0
2023-04-23T23:39:29,-59.566,-26.445,76.7,5.4
2023-04-24T00:41:55,-29.957,-177.839,46.8,7.1
2023-04-24T01:05:20,-29.743,-177.6,35.0,5.5
2023-04-24T01:51:50,-29.858,-177.525,35.0,5.2
2023-04-24T02:17:56,-60.461,-26.23,10.0,5.6
2023-04-24T09:26:00,-30.181,-177.568,35.0,5.0
2023-04-24T09:32:10,9.28,125.406,26.3,5.2
2023-04-24T10:58:31,9.362,93.868,10.0,5.0
2023-04-24T16:26:35,-29.997,-177.501,35.0,5.0
2023-04-24T20:00:57,-0.808,98.511,34.0,7.1
2023-04-24T22:19:15,-0.934,98.522,21.4,5.0
2023-04-25T05:36:00,-2.823,-79.837,68.9,5.2
2023-04-25T11:12:24,-41.359,-86.133,10.0,5.6
2023-04-25T22:16:14,-40.26,176.532,21.6,5.4
2023-04-25T22:19:01,-40.315,176.588,20.2,5.3
2023-04-26T00:14:00,-9.077,67.32,10.0,5.7
2023-04-26T15:41:46,45.784,151.598,71.4,5.1
2023-04-26T20:00:34,36.429,26.316,116.5,5.1
2023-04-26T20:43:02,-0.734,98.591,25.6,5.1
2023-04-27T01:55:29,-58.337,-23.702,10.0,5.1
2023-04-27T06:07:13,-35.614,-71.3,85.9,5.0
2023-04-27T07:43:37,26.09,128.556,10.0,5.3
2023-04-27T19:45:53,29.621,81.548,10.0,5.1
2023-04-28T01:07:48,-59.931,-27.899,106.8,5.7
2023-04-28T03:13:44,-25.147,178.506,587.6,6.0
2023-04-28T03:13:48,-25.15,178.427,563.0,6.6
2023-04-28T03:34:10,-25.14,178.372,570.1,5.5
2023-04-28T03:51:06,-25.089,178.44,576.8,5.6
2023-04-28T03:54:38,-16.434,67.203,10.0,5.3
2023-04-28T09:19:52,-4.775,133.895,10.0,5.7
2023-04-28T16:00:29,13.664,120.633,89.4,5.2
2023-04-28T18:12:51,-4.781,133.948,10.0,5.5
2023-04-29T04:55:58,-52.507,140.365,10.0,5.2
2023-04-29T07:03:57,-5.183,153.394,65.7,5.0
2023-04-29T22:37:57,-4.944,133.813,10.0,5.1
2023-04-30T16:29:01,1.343,126.294,19.9,5.2
2023-05-01T00:16:20,-29.802,-177.434,28.1,5.1
2023-05-01T02:21:02,26.02,128.531,16.2,5.1
2023-05-01T02:22:29,26.002,128.52,20.0,5.3
2023-05-01T02:41:26,39.437,15.516,249.7,5.2
2023-05-01T03:22:10,26.016,128.475,9.0,5.9
2023-05-01T04:02:32,26.012,128.512,14.8,5.0
2023-05-01T07:59:37,25.939,128.551,10.0,5.3
2023-05-01T10:55:56,-22.183,-179.396,580.2,5.6
2023-05-01T11:59:58,-29.933,-177.133,10.0,5.1
2023-05-02T14:24:59,-15.588,-172.698,32.4,5.5
2023-05-02T15:07:11,-21.358,173.633,10.0,5.1
2023-05-02T15:27:23,25.401,99.269,10.0,5.3
2023-05-02T20:09:59,-4.095,142.72,119.9,5.5
2023-05-03T01:23:05,3.4,125.929,105.3,5.2
2023-05-03T02:11:11,-16.36,-72.938,65.8,5.0
2023-05-03T02:12:28,9.373,-78.541,79.4,5.0
2023-05-03T09:51:20,36.499,70.731,194.4,5.3
2023-05-03T23:25:46,-53.023,-118.272,10.0,5.4
2023-05-04T00:49:04,17.47,122.346,19.0,5.4
2023-05-04T06:51:10,-33.166,-179.383,24.7,5.0
2023-05-04T22:20:34,-8.402,160.386,10.0,5.1
2023-05-05T05:42:04,37.548,137.299,10.0,6.2
2023-05-05T11:37:09,-37.242,177.243,186.0,5.6
2023-05-05T11:44:06,-7.22,120.172,581.5,5.0
2023-05-05T12:58:03,37.487,137.275,10.0,5.6
2023-05-05T17:47:16,41.51,141.983,59.0,5.9
2023-05-05T21:46:28,22.232,146.615,10.0,5.1
2023-05-06T04:56:24,15.882,-92.404,177.8,5.0
2023-05-06T15:58:32,52.247,159.53,53.5,5.1
2023-05-06T16:59:35,-30.041,-177.851,14.2,5.1
2023-05-07T06:29:01,-25.354,-70.514,45.6,5.2
2023-05-07T11:36:21,17.484,122.307,31.5,5.2
2023-05-08T00:51:55,-2.751,-78.927,90.3,5.2
2023-05-08T06:02:15,-56.034,-121.411,10.0,5.9
2023-05-08T14:14:31,-20.595,-174.851,55.1,5.1
2023-05-09T13:42:18,10.972,92.033,10.0,5.1
2023-05-09T22:31:53,12.159,143.872,19.2,5.0
2023-05-10T04:24:47,-6.568,104.8,19.6,5.1
2023-05-10T16:02:00,-15.628,-174.492,210.0,7.6
2023-05-10T16:32:40,-15.611,-174.395,198.8,5.0
2023-05-10T19:16:42,35.117,140.091,39.5,5.2
2023-05-10T21:53:24,-20.295,169.545,134.4,5.0
2023-05-11T09:52:44,42.331,143.016,61.9,5.2
2023-05-11T12:03:17,55.361,163.041,22.5,5.0
2023-05-11T13:33:13,24.216,125.275,21.6,5.8
2023-05-11T14:36:36,1.203,97.083,27.2,5.0
2023-05-11T23:19:41,40.204,-121.11,5.8,5.5
2023-05-12T00:50:26,-42.92,79.336,10.0,5.0
2023-05-12T08:02:31,12.405,144.171,10.8,5.5
2023-05-12T10:18:41,40.196,-121.1,6.1,5.2
2023-05-12T15:01:51,12.404,144.09,32.1,5.0
2023-05-12T21:46:39,-24.404,-175.811,20.1,5.2
2023-05-13T07:10:27,29.991,129.976,10.0,5.2
2023-05-13T14:37:43,10.127,126.046,45.2,5.0
2023-05-13T20:19:47,53.232,-169.806,112.0,5.4
2023-05-14T06:13:52,-7.233,124.595,556.8,5.2
2023-05-14T08:11:57,33.377,139.371,18.6,5.4
2023-05-14T08:21:41,33.313,139.366,12.8,5.8
2023-05-14T08:44:09,33.325,139.495,9.5,5.0
2023-05-14T09:49:42,11.46,141.611,10.0,5.1
2023-05-14T10:11:35,33.443,139.326,13.3,5.6
2023-05-14T12:44:31,7.466,123.563,27.3,5.0
2023-05-14T13:55:57,33.417,139.391,10.0,5.0
2023-05-14T14:03:30,33.433,139.374,10.0,5.2
2023-05-14T15:32:20,0.488,126.921,122.4,5.0
2023-05-14T16:22:52,33.394,139.2,10.0,5.1
2023-05-14T17:19:29,-44.191,-16.034,10.0,5.0
2023-05-14T22:00:11,45.426,148.508,135.6,5.0
2023-05-15T07:39:39,-22.761,-66.416,237.1,5.3
2023-05-16T03:08:57,70.337,-15.37,10.0,5.3
2023-05-16T18:22:12,23.094,-100.12,10.0,5.0
2023-05-17T23:01:59,15.107,-90.805,252.0,6.4
2023-05-18T11:56:17,-55.73,-27.009,42.4,5.2
2023-05-18T18:58:51,34.992,24.849,10.8,5.1
2023-05-19T02:57:03,-23.206,170.742,18.1,7.7
2023-05-19T03:03:47,-23.231,171.009,34.3,5.5
2023-05-19T03:06:24,-23.207,170.718,33.3,5.9
2023-05-19T03:10:45,-23.184,170.552,33.8,5.5
2023-05-19T03:13:01,-23.177,170.658,10.0,5.4
2023-05-19T03:27:56,-23.281,170.584,32.9,5.3
2023-05-19T03:43:45,-23.186,170.981,10.0,5.0
2023-05-19T04:02:30,-23.307,171.075,36.7,5.3
2023-05-19T04:09:24,-23.243,171.063,39.4,5.2
2023-05-19T04:09:37,-23.25,170.66,10.0,5.2
2023-05-19T04:22:39,-23.202,170.649,36.0,5.3
2023-05-19T04:33:08,-23.22,170.559,35.9,5.1
2023-05-19T04:50:14,-23.118,170.731,34.1,5.1
2023-05-19T04:54:04,-23.251,170.436,29.1,5.6
2023-05-19T05:06:04,-23.266,170.575,10.0,5.2
2023-05-19T05:25:47,-23.236,171.274,10.0,5.2
2023-05-19T05:36:48,-23.057,170.742,10.0,5.2
2023-05-19T06:34:10,-23.08,170.492,10.0,5.0
2023-05-19T07:02:07,-23.202,170.995,10.0,5.0
2023-05-19T07:13:39,-23.166,170.787,10.0,5.4
2023-05-19T08:27:20,-22.89,170.715,10.0,5.3
2023-05-19T10:04:19,-23.227,170.708,18.2,5.0
2023-05-19T10:44:08,-23.155,170.759,8.9,5.1
2023-05-19T10:46:30,-23.32,171.517,12.9,5.2
2023-05-19T15:15:03,12.796,49.205,10.0,5.8
2023-05-19T15:38:54,-18.02,167.637,10.0,5.0
2023-05-19T17:14:52,-23.123,170.945,10.0,5.0
2023-05-19T22:03:59,-23.104,170.726,10.0,5.1
2023-05-20T01:50:59,-23.042,170.56,27.3,7.1
2023-05-20T02:03:52,-23.135,170.453,10.0,5.2
2023-05-20T02:06:32,-23.066,170.49,10.0,5.2
2023-05-20T02:09:54,-22.956,170.552,10.0,6.5
2023-05-20T02:17:44,-23.142,170.697,10.0,5.4
2023-05-20T02:20:19,-23.064,170.513,21.6,5.2
2023-05-20T02:28:44,-23.096,170.296,10.0,5.0
2023-05-20T02:56:23,-22.679,170.827,10.0,5.3
2023-05-20T03:46:54,-23.088,170.7,30.8,5.1
2023-05-20T04:31:24,-22.988,170.385,10.0,5.1
2023-05-20T04:34:13,-22.995,170.402,10.0,5.2
2023-05-20T07:34:12,-56.631,-69.224,10.0,5.0
2023-05-20T11:36:07,-22.994,170.604,10.0,5.3
2023-05-20T13:27:14,-23.028,170.791,10.0,5.1
2023-05-20T13:29:22,-23.024,170.74,10.0,5.2
2023-05-20T18:07:40,-22.712,170.838,10.0,5.0
2023-05-20T22:08:45,-23.464,171.53,13.5,5.1
2023-05-20T23:33:25,-57.982,-25.615,60.4,5.1
2023-05-21T05:23:11,-19.376,-173.348,16.0,5.7
2023-05-21T11:26:03,-19.379,-173.348,10.0,5.2
2023-05-21T14:56:48,-43.399,39.304,28.0,6.8
2023-05-21T15:45:13,-10.272,161.444,82.3,6.1
2023-05-21T17:23:20,-43.874,39.383,10.0,5.1
2023-05-21T18:44:01,40.378,-125.563,10.0,5.6
2023-05-21T18:53:21,-6.084,147.638,95.9,5.0
2023-05-21T21:11:40,-52.155,139.534,10.0,5.4
2023-05-21T22:20:04,29.836,129.111,184.0,5.5
2023-05-22T02:45:35,26.867,97.023,10.0,5.0
2023-05-22T04:45:20,-6.609,129.249,10.0,5.2
2023-05-22T06:52:44,-23.78,171.714,16.6,5.4
2023-05-22T07:42:40,34.446,139.306,10.0,5.1
2023-05-22T13:30:38,-15.738,-173.564,38.7,5.0
2023-05-22T13:36:12,-7.652,158.194,10.0,5.2
2023-05-22T21:45:56,-22.966,170.488,10.0,5.0
2023-05-22T22:54:13,-22.674,169.845,10.0,5.0
2023-05-23T06:22:12,-23.242,170.634,24.0,5.1
2023-05-23T06:41:58,-22.995,170.307,10.0,6.1
2023-05-23T09:26:38,-22.782,170.793,10.0,5.0
2023-05-23T13:00:37,-3.816,151.416,10.0,5.0
2023-05-23T15:04:55,3.078,126.747,48.5,5.1
2023-05-24T00:44:07,5.672,124.27,17.9,5.2
2023-05-24T10:33:19,-56.748,-140.812,10.0,5.5
2023-05-24T13:15:07,-4.719,153.16,62.9,5.0
2023-05-24T15:49:34,-6.948,129.529,158.0,6.2
2023-05-25T03:05:32,8.922,-77.09,13.0,6.5
2023-05-25T03:14:56,8.841,-77.092,10.0,5.0
2023-05-25T10:39:37,-23.248,170.774,10.0,5.5
2023-05-25T13:48:28,21.1,122.017,10.0,5.1
2023-05-25T16:34:04,-59.595,-26.37,111.9,5.0
2023-05-26T02:08:02,-6.172,149.968,68.5,5.2
2023-05-26T10:03:24,35.529,140.528,42.0,6.1
2023-05-26T21:33:47,-43.178,39.176,10.0,5.0
2023-05-26T22:18:25,-39.006,-91.372,10.0,6.0
2023-05-27T00:11:00,-18.484,-175.185,222.0,6.0
2023-05-27T15:21:47,-57.937,-25.602,46.2,5.5
2023-05-28T03:29:54,-10.173,161.219,98.0,5.6
2023-05-28T05:49:56,36.606,71.051,230.4,5.3
2023-05-28T12:52:39,-5.51,149.757,136.6,5.1
2023-05-28T15:45:57,6.696,-73.03,163.8,5.2
2023-05-28T18:05:09,-58.368,-139.906,10.0,5.1
2023-05-29T04:57:33,-7.994,-74.554,154.0,5.1
2023-05-29T10:04:57,-14.955,166.981,35.0,5.2
2023-05-29T21:52:05,-52.879,10.462,10.0,5.5
2023-05-30T00:52:06,24.047,142.997,10.0,5.8
2023-05-30T16:51:35,-20.704,-70.634,24.6,5.5
2023-05-31T00:58:41,-0.875,98.673,21.1,5.1
2023-05-31T02:21:23,-49.609,163.855,14.8,6.3
2023-05-31T04:04:53,39.664,54.932,40.0,5.0
2023-05-31T10:55:17,1.458,-90.69,10.0,5.3
2023-05-31T11:20:14,25.105,96.232,10.0,5.9
2023-05-31T14:01:45,55.321,163.1,10.0,5.5
2023-05-31T21:56:38,-3.626,128.253,117.6,5.2
2023-06-01T00:05:17,-5.764,151.988,35.0,5.1
2023-06-01T22:52:43,-11.693,166.357,70.9,5.4
2023-06-02T04:31:31,-23.782,171.877,10.0,5.1
2023-06-02T05:25:36,12.423,144.732,10.0,5.1
2023-06-02T15:42:36,-60.942,-25.499,10.0,5.3
2023-06-02T17:39:19,-22.779,-176.118,80.5,5.1
2023-06-03T00:11:44,-27.448,-66.532,10.0,5.0
2023-06-03T01:44:28,-18.439,168.127,35.0,5.0
2023-06-03T01:49:15,-15.665,-71.594,10.0,5.4
2023-06-03T02:27:39,-15.86,-71.795,10.0,5.1
2023-06-03T02:48:12,-15.842,-71.991,10.0,5.0
2023-06-03T06:23:27,12.46,48.26,10.0,5.2
2023-06-03T07:17:46,12.643,48.176,10.0,5.8
2023-06-03T10:08:33,-20.695,-68.731,100.1,5.0
2023-06-03T10:15:55,12.462,47.984,10.0,5.6
2023-06-03T10:35:40,41.978,142.574,61.6,5.0
2023-06-03T13:58:03,12.563,48.092,10.0,5.5
2023-06-04T00:25:10,-6.821,130.382,114.9,5.2
2023-06-04T03:16:57,-15.211,-173.18,35.0,5.3
2023-06-04T05:52:04,-3.083,137.318,52.2,5.1
2023-06-04T22:10:32,25.182,128.292,10.0,5.0
2023-06-05T00:37:53,-56.699,147.636,10.0,5.3
2023-06-05T02:45:59,-62.276,155.43,10.0,5.8
2023-06-05T11:55:30,-15.899,-72.04,10.0,5.0
2023-06-05T15:41:40,-5.732,151.99,10.0,5.2
2023-06-06T21:48:02,-23.056,170.226,10.0,5.1
2023-06-06T23:38:10,-23.053,170.473,17.5,5.2
2023-06-07T00:00:25,-60.354,-26.968,35.0,5.1
2023-06-07T17:04:55,-8.852,110.792,18.0,5.6
2023-06-07T17:39:23,6.019,-77.85,10.0,5.1
2023-06-08T04:02:32,-55.44,-1.8,10.0,5.2
2023-06-08T07:32:51,-5.698,151.981,10.0,5.0
2023-06-08T09:19:27,-22.35,170.28,11.0,5.7
2023-06-08T20:31:45,52.16,177.785,7.2,5.7
2023-06-09T11:33:35,7.188,-34.015,10.0,5.3
2023-06-09T20:43:28,-47.319,-12.624,10.0,5.7
2023-06-09T21:21:42,-60.506,160.297,10.0,5.9
2023-06-10T09:12:50,-15.954,-179.052,10.0,5.7
2023-06-11T02:58:01,46.187,153.162,10.0,5.2
2023-06-11T06:51:47,-2.953,136.653,42.8,5.2
2023-06-11T09:54:44,42.527,141.9,121.0,6.2
2023-06-11T11:34:53,-6.236,150.645,10.0,5.2
2023-06-11T13:08:47,-56.917,147.68,10.0,5.8
2023-06-12T01:23:43,24.108,143.015,10.0,5.0
2023-06-13T08:03:40,33.119,75.907,10.0,5.2
2023-06-13T12:30:14,-3.172,147.506,10.0,5.1
2023-06-13T16:16:02,51.509,-178.509,19.2,5.3
2023-06-13T17:00:22,-29.244,-177.072,50.0,5.2
2023-06-13T17:01:39,-29.34,-176.983,43.9,5.4
2023-06-13T17:03:21,-29.199,-177.274,62.4,5.2
2023-06-13T17:38:18,-29.346,-177.133,45.1,5.2
2023-06-13T18:35:54,-29.201,-177.026,35.0,5.3
2023-06-14T16:53:53,-29.187,-176.778,18.2,5.5
2023-06-15T00:01:58,-29.258,-177.145,48.2,5.2
2023-06-15T01:46:28,-29.325,-176.908,10.0,5.3
2023-06-15T02:19:23,13.763,120.72,112.0,6.2
2023-06-15T18:06:28,-22.994,-177.107,179.0,7.2
2023-06-15T19:07:34,-34.525,-71.882,41.8,5.4
2023-06-16T04:46:11,24.734,92.022,10.0,5.0
2023-06-16T08:11:34,-23.52,-175.926,20.0,6.0
2023-06-16T08:41:34,-23.41,-175.956,17.6,5.1
2023-06-16T10:45:25,-23.56,-175.602,20.0,5.8
2023-06-16T17:04:33,-23.458,-175.838,10.0,5.0
2023-06-16T19:10:51,-23.558,-175.621,16.0,6.2
2023-06-16T20:30:44,-23.583,-175.899,14.0,5.5
2023-06-17T00:26:15,41.142,142.733,34.0,5.6
2023-06-17T04:58:16,7.601,-82.322,16.8,5.3
2023-06-17T10:15:20,19.162,121.204,36.3,5.5
2023-06-17T11:26:20,-23.465,-175.472,22.0,6.1
2023-06-17T11:30:21,-23.265,-175.825,10.0,5.0
2023-06-17T11:36:00,47.972,147.37,417.1,5.6
2023-06-17T11:42:40,41.397,142.603,53.2,5.0
2023-06-17T18:44:57,-14.933,-173.269,8.0,5.7
2023-06-17T23:14:02,-23.788,-175.473,10.0,5.1
2023-06-17T23:16:21,-23.887,-175.643,10.0,5.4
2023-06-18T09:10:28,-0.677,-77.58,26.6,5.1
2023-06-18T09:14:31,58.102,-154.603,84.2,5.0
2023-06-18T09:59:28,-15.39,167.508,118.5,5.3
2023-06-18T14:25:39,-23.847,-175.957,10.0,5.1
2023-06-18T14:28:45,-23.916,-175.977,10.0,5.1
2023-06-18T14:29:36,-23.963,-175.851,10.0,5.7
2023-06-18T15:04:50,-23.816,-175.928,10.0,5.9
2023-06-18T15:10:16,-23.747,-175.92,10.0,5.0
2023-06-18T17:16:28,-23.804,-175.802,10.0,5.2
2023-06-18T17:34:00,10.233,126.248,41.7,5.1
2023-06-18T20:30:21,23.167,-108.692,4.0,6.4
2023-06-18T21:59:17,-48.673,31.132,8.0,6.0
2023-06-19T01:40:24,15.255,96.29,13.5,5.6
2023-06-19T04:50:45,42.502,142.824,72.6,5.0
2023-06-19T05:14:08,-27.817,172.177,10.0,5.2
2023-06-19T05:19:11,5.984,-82.353,10.0,5.3
2023-06-19T08:55:08,23.112,-108.517,10.0,5.2
2023-06-19T11:18:11,-4.473,144.834,23.8,6.2
2023-06-19T22:40:09,-4.472,144.866,10.0,5.1
2023-06-20T03:45:38,-23.809,-175.682,10.0,5.1
2023-06-20T08:39:17,-0.971,98.603,20.0,5.5
2023-06-20T15:41:46,-23.85,-175.64,22.1,5.2
2023-06-20T17:02:51,0.915,-28.302,10.0,5.3
2023-06-20T17:07:57,-23.736,-175.859,10.0,5.0
2023-06-20T19:59:16,-17.435,-178.801,553.4,5.7
2023-06-20T23:33:47,33.728,136.071,410.4,5.0
2023-06-21T04:10:53,-12.767,-14.748,10.0,5.5
2023-06-21T15:24:43,-60.449,-27.038,10.0,5.2
2023-06-22T01:24:16,26.35,127.842,37.1,5.0
2023-06-22T07:36:53,-24.536,-175.779,10.0,5.2
2023-06-22T19:33:44,-28.682,-176.454,10.0,5.1
2023-06-23T07:26:28,-27.095,-176.643,23.0,5.1
2023-06-23T13:27:53,44.892,-28.047,10.0,5.2
2023-06-23T15:13:08,44.81,-27.915,10.0,5.3
2023-06-23T17:39:13,45.811,143.12,314.0,5.6
2023-06-23T19:06:16,-15.157,-172.988,35.0,5.4
2023-06-23T19:08:49,44.972,-27.989,10.0,5.4
2023-06-23T21:48:25,44.955,-28.05,10.0,5.6
2023-06-23T23:05:52,-15.35,-177.35,10.0,5.6
2023-06-25T00:58:35,-24.232,-175.499,10.0,5.4
2023-06-25T01:17:22,29.914,139.937,12.5,5.2
2023-06-25T07:16:58,-24.082,-175.576,9.0,6.2
2023-06-25T08:26:32,-24.075,-175.709,10.0,5.4
2023-06-25T15:30:03,-11.536,166.344,49.0,5.0
2023-06-26T10:12:36,2.141,98.479,91.5,5.2
2023-06-26T12:36:07,-23.887,-175.97,35.0,5.2
2023-06-27T14:07:27,0.597,-79.987,35.0,5.0
2023-06-27T23:38:21,42.084,133.994,442.0,5.8
2023-06-28T04:21:28,-16.272,178.502,10.0,5.5
2023-06-28T10:54:13,-19.251,-174.969,117.7,5.4
2023-06-28T22:41:54,-59.008,-26.104,127.4,5.1
2023-06-29T04:57:58,37.207,71.798,129.9,5.0
2023-06-29T11:30:18,10.186,126.903,22.0,5.2
2023-06-30T12:57:42,-8.648,110.023,76.4,5.9
2023-06-30T18:58:56,-16.343,-173.385,55.3,5.0
2023-06-30T23:37:52,-34.058,58.137,10.0,5.0
2023-07-01T07:29:43,-0.152,88.718,31.0,5.9
2023-07-01T09:15:01,49.876,155.026,132.7,5.3
2023-07-01T22:21:29,-17.778,-173.58,46.3,5.0
2023-07-02T01:25:01,-15.984,-73.732,47.8,5.0
2023-07-02T02:41:17,-23.536,-175.502,9.0,5.6
2023-07-02T10:27:43,-17.881,-174.948,229.0,6.9
2023-07-02T18:13:21,-0.103,97.33,19.8,5.1
2023-07-02T19:32:04,-29.158,-177.561,64.1,5.2
2023-07-03T02:51:34,-3.747,140.118,13.8,5.4
2023-07-03T11:26:35,-21.492,169.658,21.0,5.3
2023-07-03T13:03:38,-16.946,-176.819,10.0,5.3
2023-07-03T17:26:27,-23.958,-175.597,15.6,5.1
2023-07-03T20:01:49,41.73,49.285,53.0,5.3
2023-07-03T20:57:45,-13.393,166.478,12.0,5.7
2023-07-04T00:18:08,-23.701,-175.754,10.0,5.3
2023-07-04T12:01:01,-58.129,-12.847,10.0,5.9
2023-07-04T16:05:26,-33.051,-179.408,57.4,5.3
2023-07-05T12:07:12,0.009,97.208,10.0,5.1
2023-07-06T00:31:56,-23.819,-67.793,135.0,5.8
2023-07-06T01:21:37,-18.703,65.254,10.0,5.1
2023-07-06T10:31:08,-60.551,153.718,10.0,5.9
2023-07-06T17:13:19,-7.012,129.432,126.5,5.3
2023-07-06T20:04:01,-9.508,148.913,10.0,5.0
2023-07-07T03:39:23,-54.928,-129.857,10.0,5.0
2023-07-07T13:52:08,-24.578,-175.797,23.3,5.1
2023-07-08T19:47:11,21.927,121.569,4.0,5.6
2023-07-08T21:22:03,21.885,121.609,10.0,5.1
2023-07-09T00:06:23,-7.442,156.082,19.0,5.5
2023-07-09T13:38:36,24.009,143.067,10.0,5.4
2023-07-09T14:09:03,5.508,94.59,37.8,5.2
2023-07-09T17:11:33,-33.21,-70.335,99.0,5.7
2023-07-09T18:43:39,-15.772,166.912,10.0,5.3
2023-07-09T18:49:14,24.008,143.083,10.0,5.1
2023-07-09T22:22:59,64.046,-22.164,5.0,5.2
2023-07-09T23:02:14,-30.193,-177.231,36.1,5.0
2023-07-10T13:01:11,11.368,125.356,70.9,5.0
2023-07-10T20:28:26,20.063,-61.102,14.0,6.6
2023-07-10T21:34:52,-34.951,-107.746,10.0,5.6
2023-07-11T14:08:04,-56.954,-25.237,13.9,5.1
2023-07-11T17:26:27,-34.849,-107.445,10.0,5.0
2023-07-11T19:38:12,-59.599,-29.742,10.0,5.3
2023-07-12T08:39:31,-10.151,118.842,16.8,5.0
2023-07-13T03:29:59,10.027,-104.124,10.0,5.3
2023-07-13T04:43:54,40.067,142.759,35.0,5.0
2023-07-13T13:06:25,75.183,135.819,10.0,5.1
2023-07-13T15:52:08,29.875,138.668,436.2,5.2
2023-07-14T02:01:49,28.651,143.302,10.0,5.3
2023-07-14T02:44:39,-59.376,-25.826,57.1,5.0
2023-07-14T09:29:00,14.9,-93.901,34.0,6.3
2023-07-14T16:33:12,14.873,-94.119,35.0,5.0
2023-07-15T21:11:36,48.26,154.806,35.0,5.0
2023-07-16T06:48:21,54.393,-160.762,25.0,7.2
2023-07-16T06:51:20,54.628,-160.815,35.0,5.8
2023-07-16T13:44:34,18.305,-100.878,62.7,5.1
2023-07-16T16:14:00,-5.712,148.305,140.9,5.2
2023-07-17T03:05:11,-38.186,-70.443,186.0,6.6
2023-07-17T04:42:13,-1.539,126.472,10.0,5.6
2023-07-17T09:46:34,-1.517,126.364,10.0,5.0
2023-07-17T15:35:24,5.777,124.067,9.0,5.4
2023-07-18T10:13:48,17.999,-105.731,10.0,5.6
2023-07-19T00:22:07,12.8,-88.08,70.8,6.5
2023-07-19T02:45:39,-35.015,-107.69,10.0,5.2
2023-07-19T02:46:57,12.842,-88.211,71.5,5.0
2023-07-19T07:26:40,36.519,70.096,215.1,5.1
2023-07-19T10:12:28,-7.971,-74.322,140.9,5.0
2023-07-19T15:18:48,-3.181,139.774,29.4,5.2
2023-07-19T16:15:13,-58.571,-26.394,151.0,5.2
2023-07-20T03:24:57,-28.088,-176.601,10.0,5.0
2023-07-20T03:31:32,-1.569,126.452,10.0,5.2
2023-07-21T19:01:43,-22.701,-175.119,10.0,5.7
2023-07-23T12:33:29,-8.627,111.119,96.6,5.1
2023-07-24T02:49:56,-24.096,178.742,523.0,6.0
2023-07-24T05:01:42,-24.169,178.655,568.4,5.0
2023-07-24T05:02:49,-24.194,178.619,555.2,5.4
2023-07-25T00:25:10,-9.043,123.924,87.5,5.6
2023-07-25T01:36:42,48.078,154.955,10.0,5.1
2023-07-25T05:44:51,37.579,35.948,13.1,5.5
2023-07-25T10:35:18,17.09,145.539,378.9,5.6
2023-07-25T15:35:05,2.252,126.819,55.2,5.1
2023-07-25T19:30:07,-11.077,163.042,47.6,5.0
2023-07-26T10:40:01,-57.96,-24.0,10.0,5.3
2023-07-26T12:44:35,-14.74,167.914,13.0,6.4
2023-07-26T13:02:50,-14.824,168.044,10.0,5.2
2023-07-26T13:59:57,-14.662,168.071,10.0,5.0
2023-07-26T16:20:32,-7.333,121.945,10.0,5.0
2023-07-26T17:47:57,4.775,124.963,11.7,5.1
2023-07-26T23:13:08,-14.549,167.883,11.9,5.1
2023-07-27T00:28:58,-16.299,-172.855,10.0,5.5
2023-07-27T01:25:51,-14.565,167.865,10.0,5.4
2023-07-27T07:03:00,-14.681,168.032,10.0,5.3
2023-07-27T11:06:54,44.24,147.701,77.9,5.3
2023-07-27T11:43:50,-24.81,-179.277,401.1,5.4
2023-07-27T20:13:11,3.279,-31.451,10.0,5.1
2023-07-27T22:10:37,-14.686,167.8,10.0,5.0
2023-07-27T22:13:55,30.35,94.832,10.0,5.0
2023-07-28T07:03:06,-30.44,59.846,10.0,5.5
2023-07-28T07:13:15,-30.512,59.915,10.0,5.4
2023-07-28T07:58:55,-30.497,59.782,10.0,5.9
2023-07-28T17:38:01,-17.965,-178.478,598.8,5.0
2023-07-28T19:11:22,59.004,-153.977,106.6,5.0
2023-07-28T19:23:46,10.537,93.542,88.9,5.9
2023-07-28T19:35:01,-58.765,-25.19,37.3,5.5
2023-07-29T06:57:42,-58.627,-26.176,115.5,5.4
2023-07-29T11:19:09,1.454,128.233,73.1,5.0
2023-07-30T01:10:29,12.806,-90.905,9.0,5.7
2023-07-30T01:10:42,-54.193,-61.653,10.0,5.0
2023-07-30T02:27:04,9.082,-76.63,50.7,5.2
2023-07-30T08:43:58,-55.923,-27.372,52.1,5.2
2023-08-01T08:03:19,19.256,121.261,32.2,5.4
2023-08-01T09:39:38,-10.154,161.186,108.6,5.0
2023-08-01T16:49:49,54.66,168.215,12.4,5.7
2023-08-01T17:15:25,15.221,39.526,7.0,5.6
2023-08-01T20:42:12,-32.684,-178.418,10.0,5.0
2023-08-02T00:10:11,9.346,93.928,10.0,5.3
2023-08-02T01:07:17,9.516,94.07,10.0,5.2
2023-08-02T01:32:34,-21.604,-179.285,619.0,5.8
2023-08-03T01:25:21,5.64,-82.606,7.0,5.9
2023-08-03T19:33:50,54.638,-161.072,35.0,5.6
2023-08-03T22:09:36,3.513,-76.236,161.1,5.1
2023-08-04T00:31:44,-6.126,113.093,575.7,5.5
2023-08-04T11:48:39,-0.208,124.954,40.0,5.6
2023-08-05T03:06:04,34.861,72.846,45.9,5.0
2023-08-05T07:20:06,-28.178,-63.184,575.0,6.2
2023-08-05T14:10:22,52.386,-31.798,10.0,5.3
2023-08-05T16:01:49,36.45,70.723,209.0,5.8
2023-08-05T17:38:40,-19.553,-69.047,100.8,5.1
2023-08-05T18:33:59,37.231,116.391,18.0,5.4
2023-08-05T21:34:43,-33.76,118.247,10.0,5.2
2023-08-06T00:32:49,36.431,70.669,218.0,5.3
2023-08-06T01:44:34,-1.172,120.276,10.0,5.2
2023-08-06T04:04:27,-54.307,-136.606,10.0,5.5
2023-08-06T10:09:22,-1.08,120.281,10.0,5.3
2023-08-06T13:23:14,36.531,70.938,85.2,5.1
2023-08-06T14:17:50,-55.706,-27.106,12.0,5.7
2023-08-06T14:25:08,-55.635,-26.95,21.4,5.2
2023-08-06T18:12:41,30.758,131.402,12.9,5.5
2023-08-06T23:55:12,-55.736,-27.201,15.5,5.4
2023-08-07T07:23:21,9.192,93.712,10.0,5.0
2023-08-07T23:33:10,-15.542,-177.434,408.5,5.0
2023-08-07T23:49:01,-55.749,-27.044,13.0,5.6
2023-08-08T15:31:18,-5.444,34.95,7.0,5.5
2023-08-08T18:38:54,-15.208,-173.188,42.0,6.1
2023-08-09T00:57:18,6.501,126.33,62.0,5.3
2023-08-09T09:20:28,13.399,144.14,439.0,5.7
2023-08-09T09:33:26,16.152,-93.728,103.0,5.8
2023-08-10T02:00:29,-5.761,131.465,86.5,5.2
2023-08-10T06:58:37,-5.639,133.812,10.0,5.1
2023-08-10T09:28:40,-24.277,-176.368,22.5,5.0
2023-08-10T17:48:01,38.266,38.201,10.0,5.2
2023-08-10T23:53:19,-40.21,173.536,181.3,5.1
2023-08-11T00:14:33,41.122,142.83,34.0,5.9
2023-08-12T13:20:17,-0.652,121.213,18.4,5.0
2023-08-13T01:43:10,20.484,121.574,50.1,5.4
2023-08-13T04:09:25,-6.405,148.765,19.8,5.7
2023-08-13T07:49:31,35.28,23.85,10.0,5.1
2023-08-14T10:39:58,-43.504,39.108,10.0,6.0
2023-08-14T13:51:53,13.347,147.53,8.0,6.1
2023-08-14T14:49:48,24.98,92.248,36.6,5.3
2023-08-14T22:13:12,53.714,-164.412,36.5,5.0
2023-08-15T03:54:02,-8.379,121.446,173.0,5.5
2023-08-15T17:07:31,24.819,125.423,39.0,5.0
2023-08-16T01:37:31,40.271,53.143,50.6,5.1
2023-08-16T04:09:04,-12.585,167.08,225.3,5.0
2023-08-16T12:47:39,-13.888,167.225,188.0,6.5
2023-08-16T15:02:40,49.321,156.046,20.6,5.3
2023-08-16T16:00:22,-24.592,-176.008,28.9,5.5
2023-08-17T04:28:48,-7.496,105.547,54.8,5.4
2023-08-17T16:31:40,-23.694,-175.575,19.8,5.1
2023-08-17T16:41:01,-0.329,-19.58,10.0,6.0
2023-08-17T17:04:48,4.346,-73.62,10.0,6.1
2023-08-17T17:17:17,4.258,-73.529,10.0,5.6
2023-08-18T01:15:26,4.363,-73.485,10.0,5.0
2023-08-18T07:57:57,-0.452,-19.727,10.0,5.7
2023-08-18T10:27:55,-16.072,-75.061,23.2,5.4
2023-08-18T20:39:13,-29.605,-112.403,10.0,5.4
2023-08-19T14:46:08,30.352,94.751,10.0,5.0
2023-08-19T23:10:59,14.878,144.395,10.0,5.4
2023-08-20T01:48:54,51.627,-167.324,10.0,5.2
2023-08-20T19:59:48,-56.001,-27.616,79.0,5.7
2023-08-20T21:41:00,34.408,-119.188,4.8,5.1
2023-08-21T05:24:12,-3.199,-79.965,40.4,5.4
2023-08-21T10:01:18,-7.413,120.489,515.4,5.2
2023-08-23T14:02:09,-20.416,-69.117,85.0,5.2
2023-08-23T14:22:43,-26.884,-63.295,554.0,6.2
2023-08-23T17:51:25,-55.897,-27.484,91.4,5.1
2023-08-24T00:23:09,46.386,149.656,10.0,5.0
2023-08-24T20:08:15,-17.906,168.01,35.0,5.0
2023-08-24T22:48:23,39.552,143.303,18.0,5.8
2023-08-25T10:33:37,-56.318,-27.175,61.0,5.0
2023-08-25T17:22:54,-59.414,-26.481,98.8,5.2
2023-08-25T19:13:41,6.244,124.748,13.3,5.0
2023-08-25T19:14:47,-1.839,152.173,10.0,5.1
2023-08-25T20:47:24,-39.563,-16.037,10.0,5.5
2023-08-26T09:40:48,-58.571,148.883,10.0,5.1
2023-08-26T17:17:13,-56.075,-27.246,99.3,5.1
2023-08-27T17:03:49,36.449,142.694,10.0,5.0
2023-08-27T21:45:00,5.339,-76.684,24.0,5.7
2023-08-28T17:59:16,4.367,126.505,28.8,5.3
2023-08-28T19:55:30,-6.789,116.521,500.0,7.1
2023-08-28T20:06:53,-6.816,116.614,514.1,5.5
2023-08-28T20:08:06,-7.027,117.212,482.0,5.7
2023-08-28T23:25:01,-43.802,-73.219,77.4,5.0
2023-08-29T04:34:42,-5.558,129.946,203.0,5.9
2023-08-29T04:59:23,9.937,-78.456,33.9,5.5
2023-08-29T10:15:27,13.189,143.827,144.5,5.2
2023-08-30T02:17:06,-6.102,103.973,48.1,5.0
2023-08-30T07:39:28,-22.503,-12.769,10.0,5.1
2023-08-30T13:54:39,-22.073,170.213,10.0,5.1
2023-08-30T13:55:54,-14.738,168.024,10.0,5.3
2023-08-30T14:17:08,-29.446,-71.346,43.1,5.3
2023-08-30T18:59:24,54.817,-161.212,46.6,5.1
2023-08-30T21:20:20,-10.834,164.459,10.0,5.0
2023-08-31T10:29:28,-9.477,123.903,47.2,5.4
2023-08-31T19:33:42,-9.824,160.211,22.7,5.1
2023-09-01T10:01:32,-58.782,-25.442,29.5,5.0
2023-09-01T19:09:00,-4.416,143.842,118.3,5.3
2023-09-01T20:49:54,50.679,156.313,137.0,6.1
2023-09-02T11:11:01,-8.21,-74.233,150.8,5.3
2023-09-03T03:51:54,-17.165,-172.445,10.0,5.0
2023-09-03T10:28:56,-5.333,153.758,55.1,5.1
2023-09-03T21:29:58,6.818,147.914,10.0,5.5
2023-09-04T09:11:16,2.17,127.241,104.3,5.0
2023-09-04T13:52:16,-47.29,-12.59,10.0,5.0
2023-09-04T14:47:29,-2.369,-12.373,10.0,5.1
2023-09-05T00:55:23,-23.954,175.506,11.0,5.7
2023-09-05T14:58:03,2.566,95.846,23.8,5.1
2023-09-05T15:03:16,-5.308,142.884,49.0,5.8
2023-09-05T15:42:20,-5.435,34.928,10.0,5.1
2023-09-05T17:50:20,-5.028,-11.558,10.0,5.0
2023-09-06T23:48:04,-30.274,-71.482,36.0,6.3
2023-09-07T04:49:25,-55.443,-128.23,10.0,5.3
2023-09-07T05:01:02,-55.368,-127.978,10.0,5.1
2023-09-07T19:20:13,4.405,127.749,130.5,5.1
2023-09-08T09:09:57,-32.8,-179.374,79.0,6.6
2023-09-08T09:28:48,38.914,142.101,40.5,5.2
2023-09-08T10:54:47,19.039,145.828,133.8,5.2
2023-09-08T15:53:18,19.384,-105.088,14.0,5.6
2023-09-08T16:34:49,-19.032,-175.556,216.6,5.2
2023-09-08T16:37:11,19.436,-104.981,13.0,5.8
2023-09-08T17:28:52,29.142,129.597,22.3,5.0
2023-09-08T18:08:14,29.273,129.438,11.4,5.1
2023-09-08T20:32:00,-32.193,-13.809,10.0,5.0
2023-09-08T22:11:01,31.058,-8.385,19.0,6.8
2023-09-09T00:06:14,-6.832,116.559,512.8,5.6
2023-09-09T00:45:43,-18.89,168.923,164.4,5.0
2023-09-09T03:09:49,-4.759,-105.548,10.0,5.8
2023-09-09T14:43:24,0.002,119.766,13.0,6.0
2023-09-10T13:03:56,54.274,-160.924,26.4,5.0
2023-09-10T15:01:59,29.256,129.484,10.0,5.3
2023-09-10T15:03:17,-28.739,-177.259,40.5,5.3
2023-09-11T05:14:06,-55.954,-27.58,90.2,5.0
2023-09-11T09:20:56,0.735,-26.093,10.0,5.9
2023-09-11T12:51:33,1.125,127.489,151.0,6.0
2023-09-11T13:37:08,-27.169,-71.176,21.0,5.5
2023-09-11T17:32:00,24.364,94.851,110.2,5.0
2023-09-11T22:51:06,55.474,166.421,13.6,5.3
2023-09-12T01:18:51,-10.268,161.493,71.1,5.1
2023-09-12T01:38:54,-22.364,169.768,10.0,5.0
2023-09-12T02:40:50,15.147,-93.453,64.4,5.1
2023-09-12T04:58:37,-20.656,-68.518,110.9,5.3
2023-09-12T11:03:17,19.236,121.229,31.1,6.2
2023-09-12T23:17:37,51.493,-176.422,49.5,5.0
2023-09-13T02:33:08,70.648,-14.652,10.0,5.1
2023-09-13T05:34:33,-5.754,110.175,650.7,5.0
2023-09-13T11:36:54,-9.654,159.829,45.1,5.2
2023-09-13T11:49:15,-36.23,-97.931,10.0,6.1
2023-09-13T16:45:03,-23.051,170.037,10.0,5.0
2023-09-13T17:51:07,15.225,39.473,10.0,5.0
2023-09-14T07:01:04,6.791,-73.033,158.8,5.1
2023-09-14T14:25:06,5.252,-76.73,10.0,5.2
2023-09-14T19:58:42,-6.156,149.59,40.0,5.6
2023-09-14T22:51:25,-36.496,-98.088,10.0,5.6
2023-09-14T23:15:31,-6.516,149.505,10.0,5.0
2023-09-14T23:51:26,-57.946,-25.257,45.9,5.1
2023-09-15T02:37:46,-60.769,-23.744,10.0,5.1
2023-09-15T09:30:03,-60.375,-26.102,10.0,5.0
2023-09-15T13:02:25,-30.11,-177.784,36.7,5.1
2023-09-15T18:07:39,-27.305,-71.567,8.0,5.7
2023-09-15T18:16:01,1.131,126.32,12.1,5.0
2023-09-15T23:07:01,-24.226,-175.666,35.0,5.0
2023-09-16T02:01:54,-30.607,-178.108,55.1,5.0
2023-09-16T13:47:56,-13.728,66.232,10.0,5.5
2023-09-16T17:31:13,-57.954,-25.284,47.8,5.0
2023-09-16T21:17:39,-0.486,133.193,10.0,5.0
2023-09-17T04:01:46,-29.434,-71.261,47.9,5.1
2023-09-17T11:28:11,50.813,-130.313,10.0,5.5
2023-09-17T22:54:40,-55.974,-27.053,64.2,5.1
2023-09-18T03:10:14,44.02,11.677,10.0,5.1
2023-09-18T13:21:23,26.531,125.231,176.0,6.3
2023-09-18T16:49:25,-55.369,-128.595,10.0,5.0
2023-09-18T19:33:03,38.523,141.658,51.0,5.5
2023-09-19T06:22:36,30.996,141.99,8.0,5.8
2023-09-19T21:14:49,-43.704,171.12,11.7,5.5
2023-09-19T22:17:47,30.976,142.008,10.0,5.2
2023-09-20T02:38:32,-29.76,-177.661,49.9,5.1
2023-09-20T09:32:30,-14.697,167.995,10.0,5.0
2023-09-20T14:45:27,-4.56,-105.682,10.0,5.2
2023-09-20T14:45:56,-4.587,-105.609,10.0,5.9
2023-09-20T15:03:36,-4.644,-105.882,10.0,5.8
2023-09-20T19:22:32,-44.894,35.202,10.0,5.7
2023-09-21T01:13:58,54.914,-160.367,50.3,5.4
2023-09-21T09:48:23,13.809,144.681,151.9,5.0
2023-09-21T15:20:31,-30.665,-178.24,34.0,5.6
2023-09-21T21:11:48,-14.019,167.247,185.0,6.1
2023-09-21T21:22:12,30.966,141.801,12.8,5.7
2023-09-22T01:11:42,-3.766,151.987,10.0,5.1
2023-09-22T09:04:40,54.899,-160.422,43.2,5.0
2023-09-22T14:59:16,-7.062,129.728,147.0,5.8
2023-09-22T16:19:32,-14.913,166.903,39.2,5.4
2023-09-22T16:33:14,30.913,142.033,10.0,5.0
2023-09-23T15:51:21,-22.267,170.428,10.0,5.3
2023-09-24T01:27:34,1.91,96.927,33.3,5.2
2023-09-24T15:01:37,52.628,-171.773,108.9,5.0
2023-09-26T01:39:43,4.711,127.505,94.0,5.9
2023-09-26T06:21:38,15.088,-104.316,10.0,5.4
2023-09-26T14:05:30,-23.432,-179.808,530.5,5.2
2023-09-27T02:54:44,31.415,141.742,11.8,5.0
2023-09-27T16:15:20,-3.338,128.858,17.6,5.0
2023-09-27T17:37:35,-53.527,-134.774,10.0,5.6
2023-09-27T17:47:21,0.862,93.113,10.0,5.5
2023-09-28T01:43:33,-15.141,-173.458,16.1,5.0
2023-09-28T14:40:25,-15.587,167.741,125.0,6.1
2023-09-28T17:40:06,44.331,148.671,30.0,5.8
2023-09-28T19:21:14,-5.253,152.823,27.0,5.7
2023-09-28T19:43:37,-5.918,149.191,92.4,5.0
2023-09-29T01:19:36,-4.606,153.271,50.9,5.6
2023-09-29T01:53:17,-5.195,152.859,35.0,5.0
2023-09-29T16:51:36,-8.935,152.777,10.0,5.1
2023-09-29T19:05:45,38.481,-30.347,14.1,5.0
2023-09-29T22:36:09,-57.972,-25.437,35.0,5.2
2023-09-30T00:31:59,-52.841,140.192,10.0,5.8
2023-10-01T04:00:24,-6.933,106.779,113.0,5.3
2023-10-02T02:06:10,-57.112,-30.179,10.0,5.2
2023-10-02T02:33:43,28.797,142.604,10.0,5.0
2023-10-02T08:58:37,-4.18,134.005,10.0,5.3
2023-10-02T14:03:39,38.786,71.698,13.5,5.3
2023-10-02T14:17:57,29.814,140.045,10.0,5.0
2023-10-03T01:56:17,-4.543,153.688,86.0,5.7
2023-10-03T08:29:19,29.829,139.976,10.0,5.0
2023-10-03T09:21:03,29.497,81.242,13.0,5.7
2023-10-03T11:38:04,29.918,140.011,10.0,6.0
2023-10-03T13:53:04,4.548,127.595,82.9,5.1
2023-10-03T15:22:35,29.874,140.078,6.0,5.8
2023-10-03T15:27:27,29.764,139.889,10.0,5.0
2023-10-03T19:04:29,-19.882,-173.562,10.0,5.0
2023-10-03T19:16:58,28.37,138.766,518.8,5.3
2023-10-03T20:32:35,29.86,140.011,10.0,5.2
2023-10-04T00:13:45,29.964,140.07,10.0,5.5
2023-10-04T02:19:06,29.972,140.205,10.0,5.6
2023-10-04T03:35:10,19.201,121.236,27.0,5.7
2023-10-04T04:55:47,31.042,141.862,10.0,5.6
2023-10-04T05:57:17,30.802,142.066,8.0,5.5
2023-10-04T11:05:18,29.739,140.058,10.0,5.3
2023-10-04T11:13:20,30.743,141.869,10.0,5.0
2023-10-04T11:21:47,5.317,126.044,113.0,6.4
2023-10-04T16:11:59,64.49,-17.768,10.0,5.0
2023-10-04T17:22:41,29.918,140.141,10.0,5.2
2023-10-04T18:30:16,29.868,140.062,10.0,5.0
2023-10-04T21:01:46,-20.658,169.42,42.9,5.3
2023-10-04T22:22:03,-18.13,-178.306,547.8,5.3
2023-10-04T23:18:09,29.81,140.028,10.0,5.3
2023-10-04T23:19:09,30.184,139.995,10.0,5.1
2023-10-04T23:47:20,31.022,141.795,10.0,5.1
2023-10-05T01:05:10,29.961,140.089,10.0,5.2
2023-10-05T01:42:24,-4.465,153.455,115.9,5.4
2023-10-05T01:59:58,29.847,139.99,10.0,6.1
2023-10-05T02:06:32,29.897,139.98,10.0,5.4
2023-10-05T02:15:14,29.923,139.934,10.0,5.3
2023-10-05T02:53:13,29.944,139.872,10.0,5.7
2023-10-05T04:00:01,30.003,139.859,10.0,5.2
2023-10-05T04:25:45,-4.474,127.084,10.0,5.0
2023-10-05T05:41:14,29.949,140.094,10.0,5.0
2023-10-05T06:22:12,30.088,140.028,10.0,5.7
2023-10-05T06:48:23,30.098,140.002,10.0,5.2
2023-10-05T13:39:54,29.962,139.784,10.0,5.0
2023-10-05T21:56:36,31.173,141.898,10.0,5.2
2023-10-06T01:31:17,30.141,139.968,10.0,6.1
2023-10-06T03:28:05,3.88,-82.562,10.0,5.4
2023-10-06T03:49:09,47.24,153.935,10.0,5.1
2023-10-06T04:35:17,47.23,153.946,10.0,5.0
2023-10-06T04:57:03,31.196,141.908,10.0,5.1
2023-10-06T05:49:22,30.106,139.991,10.0,5.5
2023-10-06T13:15:27,30.198,140.159,10.0,5.0
2023-10-07T05:06:55,17.047,-95.044,108.0,5.9
2023-10-07T06:00:01,29.513,81.206,10.0,5.0
2023-10-07T06:41:03,34.598,61.926,14.0,6.3
2023-10-07T06:49:41,34.517,61.946,10.3,5.4
2023-10-07T07:12:49,34.544,61.889,8.0,6.3
2023-10-07T07:16:04,34.49,61.894,10.0,5.2
2023-10-07T07:40:30,34.626,62.001,12.5,5.9
2023-10-07T08:34:26,-5.573,146.138,55.0,6.7
2023-10-07T08:40:11,-5.475,146.144,52.0,6.9
2023-10-07T09:18:50,-5.498,145.988,71.4,5.5
2023-10-07T10:23:23,31.268,141.913,10.0,5.0
2023-10-07T13:10:39,-5.52,146.037,31.0,5.6
2023-10-07T14:13:36,-5.632,145.924,64.2,5.3
2023-10-07T14:19:31,-5.729,146.152,74.7,5.2
2023-10-07T14:26:28,40.202,142.309,53.5,5.1
2023-10-07T16:20:36,-5.656,145.897,63.9,5.7
2023-10-07T22:39:23,-5.638,145.929,63.0,5.1
2023-10-08T05:36:34,29.794,140.111,10.0,5.2
2023-10-08T18:07:39,-3.158,148.439,7.0,5.9
2023-10-08T21:00:40,29.742,140.05,10.0,5.0
2023-10-08T21:05:32,29.764,139.966,10.0,5.4
2023-10-08T21:13:27,29.798,140.028,10.0,5.0
2023-10-08T21:17:28,29.77,140.074,10.0,5.3
2023-10-09T03:50:48,0.371,122.192,137.4,5.0
2023-10-09T05:09:42,44.712,146.168,182.0,5.3
2023-10-09T13:30:46,34.62,62.053,10.0,5.1
2023-10-09T18:23:09,49.095,21.788,6.5,5.0
2023-10-10T00:13:17,-23.608,-63.69,571.4,5.6
2023-10-10T07:21:30,-15.532,-174.223,10.0,5.5
2023-10-10T10:01:31,-22.915,-66.255,253.0,6.0
2023-10-11T00:41:55,34.536,62.051,8.0,6.3
2023-10-11T00:52:45,34.565,62.136,10.0,5.0
2023-10-11T01:50:17,15.041,147.118,10.0,5.0
2023-10-11T03:54:56,-63.769,172.304,10.0,5.7
2023-10-11T04:37:08,-20.485,-174.06,25.0,5.0
2023-10-11T10:36:56,23.266,121.317,16.0,5.2
2023-10-11T20:04:58,-52.045,139.613,10.0,6.3
2023-10-12T02:41:13,52.879,-171.301,119.5,5.6
2023-10-12T06:18:41,-4.572,133.919,10.0,5.2
2023-10-12T10:34:56,-6.746,155.272,36.9,5.1
2023-10-12T22:33:39,44.241,148.51,40.3,5.1
2023-10-13T00:24:16,13.782,120.835,10.0,5.0
2023-10-13T02:25:28,-56.327,-26.634,41.2,5.4
2023-10-13T03:44:32,-51.795,139.5,7.1,5.9
2023-10-13T08:54:32,-23.513,-179.99,537.2,5.1
2023-10-13T09:59:51,41.074,140.152,168.3,5.1
2023-10-14T06:34:10,-31.307,179.727,401.5,5.7
2023-10-14T08:29:34,7.466,-36.7,10.0,5.5
2023-10-14T22:10:05,-58.982,-25.654,52.4,5.1
2023-10-15T03:36:00,34.653,62.124,9.0,6.3
2023-10-15T03:56:28,34.575,62.097,10.0,5.4
2023-10-15T09:13:25,33.772,141.722,16.3,5.2
2023-10-15T11:15:37,31.06,49.449,10.0,5.3
2023-10-16T06:48:35,53.453,160.206,62.4,5.2
2023-10-16T08:46:09,-15.861,-179.616,10.0,5.2
2023-10-16T10:42:10,25.158,125.557,13.3,5.7
2023-10-16T11:35:30,52.559,-176.924,174.0,6.4
2023-10-16T18:33:19,-24.521,-67.018,172.6,5.0
2023-10-17T04:59:22,27.712,56.133,10.0,5.1
2023-10-17T05:10:03,27.704,56.142,10.0,5.5
2023-10-17T08:22:11,27.69,56.131,10.0,5.0
2023-10-17T13:40:31,-22.158,170.737,10.0,5.6
2023-10-17T16:26:49,27.731,56.118,10.0,5.3
2023-10-17T21:52:16,-29.212,-176.096,10.0,5.2
2023-10-18T08:11:28,13.429,146.284,10.0,5.2
2023-10-18T10:29:29,-55.316,-128.437,10.0,5.5
2023-10-18T22:15:06,30.827,141.369,25.3,5.1
2023-10-19T00:45:33,-29.294,-176.182,10.0,5.3
2023-10-19T03:51:56,25.938,128.483,10.0,5.0
2023-10-19T14:08:24,-7.872,107.258,58.5,5.1
2023-10-19T18:58:51,7.462,126.352,8.5,5.9
2023-10-20T00:04:22,12.414,143.34,16.8,5.7
2023-10-20T19:01:44,30.94,141.365,28.8,5.0
2023-10-20T19:51:56,0.79,125.206,61.2,5.1
2023-10-21T10:45:58,9.476,-83.63,10.0,5.2
2023-10-21T17:10:01,14.194,-93.41,9.8,5.1
2023-10-22T01:54:21,27.888,84.725,25.7,5.2
2023-10-22T03:03:21,-58.756,-25.286,31.6,5.0
2023-10-22T04:45:47,-26.005,69.982,10.0,5.1
2023-10-22T15:14:12,39.316,97.249,10.0,5.0
2023-10-22T19:31:42,-23.694,179.358,532.0,5.5
2023-10-23T10:10:14,-29.933,-177.45,19.0,6.0
2023-10-23T10:31:33,-15.024,-176.083,325.4,5.2
2023-10-23T15:30:22,1.182,127.962,9.9,5.0
2023-10-23T23:02:13,-29.937,-177.489,35.0,5.1
2023-10-23T23:05:24,24.041,122.638,31.0,5.9
2023-10-23T23:24:47,-7.051,146.93,56.2,5.4
2023-10-24T10:10:07,5.763,-82.462,10.0,5.0
2023-10-24T11:32:13,39.285,97.298,10.0,5.4
2023-10-24T22:19:46,64.736,-17.736,10.0,5.2
2023-10-25T03:49:26,-6.425,146.588,99.9,5.2
2023-10-25T13:24:59,1.047,124.779,138.7,5.2
2023-10-25T14:37:17,-9.299,159.249,10.0,5.1
2023-10-25T15:25:05,-56.214,-26.752,53.3,5.2
2023-10-26T02:59:01,-29.937,-177.531,37.4,5.4
2023-10-26T05:44:18,-7.15,129.224,154.0,5.5
2023-10-26T07:21:24,-58.843,149.0,10.0,5.9
2023-10-26T16:05:12,56.087,164.78,10.0,5.9
2023-10-26T19:00:25,-7.297,27.929,9.5,5.2
2023-10-26T19:20:09,-61.127,160.763,10.0,5.6
2023-10-26T20:34:12,32.089,59.72,10.0,5.1
2023-10-26T21:49:34,-28.705,-70.26,101.2,5.4
2023-10-26T23:26:15,-22.992,170.243,10.0,5.2
2023-10-27T03:02:24,-17.555,-173.763,35.0,5.6
2023-10-27T07:49:51,-9.565,120.122,76.2,5.0
2023-10-28T03:01:49,59.018,-136.46,7.2,5.1
2023-10-28T03:44:10,59.003,-136.55,5.9,5.3
2023-10-28T04:33:30,-20.602,-176.362,214.3,5.5
2023-10-28T05:31:58,-10.223,161.332,74.5,5.5
2023-10-28T08:08:13,18.162,145.946,125.1,5.3
2023-10-28T09:55:28,-13.123,167.102,200.0,5.6
2023-10-28T13:04:53,-7.63,125.894,10.0,5.5
2023-10-28T15:01:59,1.747,120.241,24.3,5.4
2023-10-28T19:27:39,34.549,62.114,10.0,5.0
2023-10-29T00:56:05,-4.294,102.025,56.0,5.1
2023-10-29T04:32:07,-19.387,168.803,68.0,6.0
2023-10-29T12:28:18,-30.658,-178.155,38.1,5.0
2023-10-29T13:57:40,43.946,-28.366,10.0,5.1
2023-10-30T08:09:50,-58.813,-25.608,35.0,5.1
2023-10-30T15:57:20,18.19,-76.607,10.0,5.4
2023-10-30T22:44:57,32.671,141.688,10.0,5.0
2023-10-31T00:11:13,-60.483,-26.182,10.0,5.0
2023-10-31T01:11:07,11.282,139.216,10.0,5.1
2023-10-31T09:13:40,31.989,59.756,10.0,5.1
2023-10-31T11:10:56,-17.541,-179.026,560.0,6.5
2023-10-31T12:33:43,-28.743,-71.557,34.0,6.6
2023-10-31T22:04:43,-21.263,171.496,10.0,5.1
2023-11-01T06:51:42,-10.912,166.604,54.0,5.2
2023-11-01T10:15:43,-15.506,-177.565,409.9,5.0
2023-11-01T14:07:47,-8.322,121.55,10.0,5.0
2023-11-01T21:04:48,-10.056,123.754,51.0,6.1
2023-11-01T21:52:16,13.55,-90.77,50.6,5.3
2023-11-01T23:40:07,-57.159,-25.154,21.3,5.1
2023-11-02T06:50:25,11.408,125.875,13.0,5.7
2023-11-02T23:57:20,-59.877,-26.459,43.8,5.1
2023-11-03T06:26:38,38.686,23.558,10.4,5.1
2023-11-03T06:47:30,52.002,-172.343,30.3,5.0
2023-11-03T07:52:38,-62.295,-155.543,10.0,5.7
2023-11-03T11:54:12,-17.816,-178.713,554.9,5.3
2023-11-03T18:02:53,28.858,82.153,12.0,5.7
2023-11-03T18:32:14,50.032,156.375,65.2,5.0
2023-11-05T13:27:27,51.395,178.347,70.4,5.1
2023-11-05T15:29:18,-20.474,169.401,35.0,5.7
2023-11-06T05:44:39,-34.072,57.827,10.0,5.0
2023-11-06T10:46:39,28.856,82.065,10.0,5.3
2023-11-06T12:04:21,-1.217,-24.13,10.0,5.5
2023-11-06T13:51:10,-33.074,-71.958,30.9,5.1
2023-11-06T15:36:44,-7.498,127.779,172.9,5.2
2023-11-06T21:31:01,-7.482,156.124,38.1,5.3
2023-11-07T00:53:42,-4.315,152.966,48.3,5.3
2023-11-07T03:33:46,-0.902,-79.25,25.0,5.0
2023-11-07T07:30:41,-8.299,160.939,10.0,5.4
2023-11-07T07:47:05,-8.275,160.871,10.5,5.5
2023-11-07T18:09:48,40.525,77.711,7.2,5.3
2023-11-07T18:15:34,18.779,145.281,622.7,5.4
2023-11-08T04:52:51,-6.444,129.752,10.0,6.7
2023-11-08T04:53:49,-6.416,129.547,6.0,7.1
2023-11-08T05:42:39,-6.18,129.896,10.0,5.2
2023-11-08T06:06:50,-6.345,129.957,10.0,5.1
2023-11-08T08:16:30,44.978,149.73,77.7,5.6
2023-11-08T10:27:49,31.622,-103.982,7.4,5.2
2023-11-08T13:02:06,-6.131,129.874,10.0,6.7
2023-11-08T13:06:58,-30.64,-178.351,10.0,5.1
2023-11-08T14:47:35,-6.102,129.998,10.0,5.0
2023-11-08T17:25:03,-5.479,130.236,10.0,5.3
2023-11-09T09:14:17,-5.502,130.199,10.0,5.1
2023-11-09T14:12:08,-15.31,167.47,127.4,5.1
2023-11-09T17:50:27,-6.789,-76.677,127.6,5.1
2023-11-09T20:53:44,-5.436,145.882,49.0,5.4
2023-11-10T01:06:11,-5.446,145.885,70.9,5.0
2023-11-10T03:50:35,-6.02,130.219,10.0,5.9
2023-11-10T06:45:44,-15.789,-171.765,10.0,5.2
2023-11-10T10:10:02,45.867,151.109,84.0,5.8
2023-11-10T17:22:30,19.639,-71.635,35.7,5.0
2023-11-10T18:00:55,63.89,-22.408,5.0,5.2
2023-11-10T18:09:00,63.952,-22.346,10.0,5.3
2023-11-10T20:45:11,-6.098,130.061,10.0,6.1
2023-11-10T20:50:30,31.291,130.768,109.2,5.3
2023-11-10T20:53:10,63.971,-22.45,10.0,5.0
2023-11-10T21:05:58,-6.104,129.94,8.6,5.0
2023-11-10T21:13:35,-6.096,130.11,10.0,5.3
2023-11-10T21:20:12,-6.148,130.133,10.0,5.6
2023-11-11T06:41:51,-5.707,130.156,10.0,5.7
2023-11-11T12:35:30,-17.917,168.105,26.0,5.6
2023-11-12T02:06:16,-9.917,123.699,42.7,5.2
2023-11-12T04:51:41,-3.667,151.316,10.0,5.9
2023-11-12T05:54:40,-3.825,151.17,10.0,5.5
2023-11-12T06:12:20,-3.898,151.112,7.8,5.1
2023-11-12T09:48:42,-3.763,151.085,10.0,5.2
2023-11-12T20:38:16,-3.602,140.194,41.4,5.3
2023-11-13T07:43:34,-3.886,151.067,10.0,6.1
2023-11-13T12:16:38,38.522,72.286,25.6,5.3
2023-11-13T14:40:53,-30.672,-179.798,414.0,5.7
2023-11-14T05:53:45,-4.004,151.037,10.0,5.5
2023-11-14T06:22:51,-5.884,130.152,10.0,5.2
2023-11-14T07:00:56,-4.033,87.104,9.0,6.1
2023-11-14T07:46:02,-32.577,-179.458,83.4,5.5
2023-11-14T12:52:22,-5.958,148.16,38.0,5.9
2023-11-14T13:27:12,-3.942,151.017,10.0,5.1
2023-11-14T13:29:38,-3.918,150.971,10.0,5.1
2023-11-14T18:41:56,-4.447,143.165,85.0,5.1
2023-11-15T23:26:14,2.0,124.148,289.0,5.8
2023-11-15T23:55:40,-22.203,179.405,609.8,5.0
2023-11-16T02:21:48,-3.785,138.674,93.3,5.1
2023-11-16T09:21:18,76.336,7.023,10.0,5.0
2023-11-17T01:37:11,21.217,99.33,15.7,5.7
2023-11-17T03:02:18,-2.411,138.802,10.0,5.2
2023-11-17T08:14:10,5.563,125.001,52.0,6.7
2023-11-18T03:01:07,-3.755,151.302,10.0,5.5
2023-11-19T04:01:35,18.798,145.322,585.0,5.9
2023-11-19T17:00:20,0.979,-29.048,10.0,5.3
2023-11-19T20:24:43,25.886,128.451,10.0,5.0
2023-11-19T21:01:30,41.235,142.214,42.0,5.8
2023-11-19T23:15:47,-17.744,-175.151,239.5,5.5
2023-11-20T04:57:44,11.443,125.038,107.5,5.1
2023-11-20T19:28:25,5.677,125.216,84.4,5.0
2023-11-21T05:10:26,0.886,-28.983,10.0,5.5
2023-11-21T07:10:14,-9.567,148.682,6.0,5.5
2023-11-21T07:12:14,-0.548,135.843,17.0,5.2
2023-11-21T15:32:14,-15.778,179.85,12.8,5.2
2023-11-21T21:30:54,-4.907,152.32,55.4,5.0
2023-11-22T02:48:51,1.783,127.189,102.0,6.0
2023-11-22T04:47:31,-14.96,167.972,13.0,6.7
2023-11-22T11:49:58,-6.957,150.779,10.0,5.0
2023-11-23T14:46:09,38.084,38.552,10.0,5.3
2023-11-23T15:37:08,-21.926,-68.425,105.4,5.2
2023-11-23T20:07:34,-15.923,-174.771,276.9,5.0
2023-11-24T09:05:03,20.132,145.52,22.2,6.9
2023-11-24T09:14:24,20.134,145.192,10.0,5.4
2023-11-24T09:16:47,20.096,145.462,10.0,5.1
2023-11-24T09:30:10,20.139,145.291,10.0,5.2
2023-11-24T10:13:04,20.166,145.478,10.0,5.1
2023-11-24T10:30:47,20.036,145.448,10.0,5.1
2023-11-24T10:41:15,20.089,145.445,10.0,5.1
2023-11-24T11:00:30,20.168,145.388,10.0,5.0
2023-11-24T14:05:36,19.99,145.357,10.0,5.1
2023-11-24T16:20:42,20.229,145.572,10.0,5.1
2023-11-24T18:43:16,20.216,145.409,10.0,5.0
2023-11-24T19:26:03,19.867,-109.291,10.0,5.5
2023-11-24T21:01:20,18.452,145.633,230.7,5.3
2023-11-25T00:52:32,20.123,145.276,10.0,5.1
2023-11-25T04:48:00,-4.84,145.315,147.3,5.0
2023-11-25T06:20:42,20.085,145.465,10.0,5.0
2023-11-25T12:59:52,-2.08,-77.281,155.5,5.1
2023-11-25T15:10:53,20.064,145.535,10.0,5.6
2023-11-25T17:18:05,19.945,145.416,10.0,5.6
2023-11-26T08:24:34,13.531,120.847,117.7,5.1
2023-11-26T09:39:48,26.859,126.998,107.0,5.3
2023-11-26T11:42:59,-21.279,174.038,10.0,5.4
2023-11-27T02:34:44,-26.114,70.743,10.0,5.6
2023-11-27T03:31:15,-21.021,173.892,10.0,5.5
2023-11-27T03:56:01,-21.106,174.105,10.0,5.4
2023-11-27T04:17:39,-20.953,174.001,10.0,5.2
2023-11-27T05:13:09,-57.506,-25.93,62.1,5.0
2023-11-27T06:34:52,20.265,145.344,10.0,5.0
2023-11-27T10:04:51,20.158,145.488,10.0,5.0
2023-11-27T21:46:42,-3.56,144.031,10.0,6.5
2023-11-27T21:56:55,-3.488,144.055,10.0,5.1
2023-11-28T02:26:54,7.635,-82.426,10.0,5.0
2023-11-28T03:37:49,44.466,149.178,35.0,5.0
2023-11-28T06:13:20,52.733,-167.069,13.0,5.6
2023-11-28T07:39:35,-21.145,174.05,10.0,5.8
2023-11-28T13:44:30,-22.979,-175.82,10.0,5.1
2023-11-28T15:26:11,12.684,-59.733,31.9,5.1
2023-11-28T16:12:25,-6.25,154.522,10.0,5.0
2023-11-30T07:54:57,-56.293,-27.325,99.0,5.8
2023-11-30T16:33:06,51.477,-176.827,48.4,5.0
2023-11-30T23:20:31,-17.96,-177.992,559.1,5.0
2023-12-01T05:50:26,62.957,-150.435,101.7,5.1
2023-12-01T08:45:08,-19.764,-69.109,118.2,5.0
2023-12-01T14:55:56,39.254,97.292,10.0,5.2
2023-12-01T17:36:34,24.262,98.148,10.0,5.0
2023-12-01T17:58:56,-2.722,129.418,19.4,5.0
2023-12-02T03:35:33,23.148,90.932,45.1,5.5
2023-12-02T03:51:24,-8.436,158.38,159.6,5.0
2023-12-02T05:03:53,-56.143,-27.564,131.7,5.0
2023-12-02T05:37:25,-9.788,112.511,43.5,5.2
2023-12-02T07:55:41,-19.217,-69.169,112.0,5.8
2023-12-02T08:48:24,16.68,-61.221,43.2,5.3
2023-12-02T11:58:17,19.906,145.345,10.0,5.2
2023-12-02T12:01:00,-7.034,129.688,117.2,5.5
2023-12-02T14:02:10,-55.713,147.105,11.0,5.5
2023-12-02T14:37:04,8.527,126.416,40.0,7.6
2023-12-02T14:44:03,8.532,126.505,66.5,5.4
2023-12-02T14:44:36,8.05,126.606,43.3,5.4
2023-12-02T14:48:41,8.399,126.746,62.8,5.3
2023-12-02T15:00:11,8.627,126.89,62.5,5.3
2023-12-02T15:06:46,8.32,127.002,61.7,5.8
2023-12-02T15:08:56,8.334,126.583,61.3,5.4
2023-12-02T15:10:05,8.332,127.168,10.0,5.0
2023-12-02T15:21:07,8.33,126.646,39.4,5.0
2023-12-02T15:22:05,8.339,126.655,60.5,5.4
2023-12-02T15:29:32,8.317,127.041,37.7,5.0
2023-12-02T15:31:29,8.476,126.765,66.8,5.5
2023-12-02T15:42:47,8.507,126.852,16.9,5.3
2023-12-02T15:46:24,8.515,126.891,54.0,5.3
2023-12-02T15:50:41,8.462,126.701,59.7,5.2
2023-12-02T16:03:41,8.438,126.757,35.0,6.4
2023-12-02T16:08:45,8.478,126.479,74.6,5.2
2023-12-02T16:09:04,8.578,126.69,66.3,5.3
2023-12-02T16:13:21,8.422,126.886,45.4,5.2
2023-12-02T16:17:01,8.49,126.74,44.0,5.6
2023-12-02T16:19:46,8.368,126.786,52.8,5.7
2023-12-02T16:23:23,8.229,126.564,61.0,5.2
2023-12-02T16:34:26,8.414,126.736,55.4,5.0
2023-12-02T16:34:59,8.609,126.663,59.0,5.4
2023-12-02T16:53:08,8.4,126.865,46.6,5.7
2023-12-02T16:57:56,8.276,126.631,60.7,5.0
2023-12-02T17:02:01,8.366,126.666,48.6,5.3
2023-12-02T17:31:40,8.683,126.725,57.1,5.0
2023-12-02T17:32:49,8.716,126.749,63.9,5.0
2023-12-02T17:40:15,8.423,126.722,36.1,6.1
2023-12-02T17:42:16,8.426,126.521,79.8,5.6
2023-12-02T17:43:14,8.275,126.828,35.0,5.4
2023-12-02T17:45:05,8.304,126.566,51.5,5.4
2023-12-02T17:49:44,8.333,126.671,87.2,5.0
2023-12-02T17:50:08,8.413,126.69,78.2,5.0
2023-12-02T17:51:16,8.487,126.728,61.1,5.0
2023-12-02T17:55:28,8.664,126.752,64.3,5.6
2023-12-02T18:01:24,8.445,126.836,49.0,5.2
2023-12-02T18:04:43,8.481,126.576,47.0,5.1
2023-12-02T18:06:29,8.421,126.704,57.4,5.1
2023-12-02T18:09:25,8.44,126.939,46.4,6.3
2023-12-02T18:13:24,8.302,126.568,60.9,5.1
2023-12-02T18:20:40,8.594,126.612,48.9,5.4
2023-12-02T18:28:35,-2.842,129.769,15.4,5.0
2023-12-02T19:17:00,8.479,126.87,22.1,5.3
2023-12-02T19:19:21,8.414,126.835,22.2,5.3
2023-12-02T19:37:00,8.47,126.869,40.8,5.3
2023-12-02T19:57:09,8.553,126.563,75.1,5.2
2023-12-02T20:39:30,8.259,126.749,63.6,5.4
2023-12-02T20:52:15,8.448,126.778,9.0,6.0
2023-12-02T21:07:51,8.312,126.627,45.7,5.1
2023-12-02T21:46:41,8.43,126.672,59.3,5.1
2023-12-02T22:35:41,8.369,126.887,26.2,5.5
2023-12-03T02:02:37,8.595,126.837,48.4,5.3
2023-12-03T02:39:55,-2.782,129.365,10.0,5.2
2023-12-03T03:28:17,8.077,126.768,60.4,5.1
2023-12-03T03:36:24,8.352,126.804,65.3,5.2
2023-12-03T04:41:51,8.317,126.768,45.4,5.2
2023-12-03T04:59:15,8.674,126.428,46.6,5.1
2023-12-03T05:43:43,8.642,126.667,63.4,5.4
2023-12-03T09:03:39,8.403,126.848,57.1,5.1
2023-12-03T09:45:36,8.702,126.722,58.0,5.0
2023-12-03T10:35:52,8.488,126.745,19.0,6.6
2023-12-03T10:39:23,8.56,126.617,45.3,5.7
2023-12-03T10:53:05,8.29,127.052,39.4,5.5
2023-12-03T10:54:55,8.562,126.862,36.1,5.6
2023-12-03T10:58:38,8.829,126.83,42.8,5.4
2023-12-03T11:00:29,8.696,126.558,43.1,5.0
2023-12-03T12:39:36,8.674,127.024,28.0,5.4
2023-12-03T12:44:48,8.468,126.805,56.6,5.2
2023-12-03T14:35:56,8.732,126.823,13.0,6.0
2023-12-03T14:38:35,8.693,126.789,54.8,5.1
2023-12-03T14:54:09,8.296,126.689,73.6,5.1
2023-12-03T17:01:50,8.531,126.705,60.0,5.0
2023-12-03T18:11:20,8.867,126.535,59.1,5.1
2023-12-03T19:11:01,-58.781,-25.288,33.8,5.2
2023-12-03T19:49:35,8.97,126.612,20.0,6.9
2023-12-03T20:18:53,8.924,126.626,62.4,5.0
2023-12-03T20:30:19,8.903,126.487,47.4,5.3
2023-12-03T21:43:38,8.74,126.806,24.2,5.4
2023-12-03T22:42:17,8.704,126.936,35.0,5.1
2023-12-03T23:25:12,8.402,126.758,58.8,5.1
2023-12-04T01:07:50,8.455,126.807,66.4,5.5
2023-12-04T02:11:04,8.482,126.774,71.7,5.0
2023-12-04T02:38:18,8.565,126.787,58.8,5.2
2023-12-04T04:17:23,8.832,126.755,46.8,5.3
2023-12-04T04:43:49,8.396,126.892,65.8,5.1
2023-12-04T04:59:01,8.879,126.666,55.5,5.3
2023-12-04T05:08:36,8.835,126.645,27.0,5.7
2023-12-04T05:15:43,8.345,126.775,66.9,5.3
2023-12-04T06:08:29,8.494,126.759,45.7,5.0
2023-12-04T07:42:20,40.437,28.848,10.1,5.1
2023-12-04T12:19:24,27.317,66.363,10.0,5.2
2023-12-05T00:34:29,8.953,126.549,40.4,5.2
2023-12-05T00:58:32,8.712,126.742,35.0,5.1
2023-12-05T03:53:46,19.325,-155.206,2.1,5.1
2023-12-05T05:27:13,8.435,126.964,38.9,5.1
2023-12-05T07:31:33,12.3,47.445,9.0,5.6
2023-12-05T08:23:54,13.909,120.564,75.0,5.7
2023-12-05T09:10:03,9.083,126.678,19.7,5.7
2023-12-05T09:42:52,9.1,126.65,26.0,5.5
2023-12-05T12:36:38,2.563,128.242,63.0,5.1
2023-12-05T12:42:36,8.452,126.675,77.5,5.0
2023-12-05T13:36:36,9.161,126.785,12.0,5.8
2023-12-05T17:16:37,-57.247,-141.096,10.0,5.5
2023-12-05T19:05:05,-56.822,-142.146,10.0,5.4
2023-12-05T20:19:53,12.341,47.489,10.0,5.4
2023-12-06T01:55:58,8.616,126.464,54.9,5.3
2023-12-06T01:58:43,-44.288,-78.35,10.0,5.0
2023-12-06T06:19:12,19.08,121.052,35.6,5.0
2023-12-06T10:41:23,8.627,126.602,58.8,5.1
2023-12-06T11:17:58,-5.611,147.162,161.0,5.1
2023-12-06T15:24:37,8.518,127.058,14.6,5.3
2023-12-06T21:07:47,-14.737,167.959,10.0,5.1
2023-12-07T00:46:30,8.997,126.751,16.4,5.4
2023-12-07T01:17:43,-35.15,-104.493,10.0,5.7
2023-12-07T02:09:20,-1.14,126.847,10.0,5.0
2023-12-07T04:15:39,41.166,49.728,39.3,5.4
2023-12-07T04:45:46,8.704,126.696,49.8,5.1
2023-12-07T06:38:49,8.829,126.789,44.6,5.2
2023-12-07T12:56:30,-20.615,169.309,48.0,7.1
2023-12-07T14:49:02,12.221,47.466,10.0,5.1
2023-12-07T15:01:46,34.84,119.933,10.0,5.0
2023-12-07T19:12:18,-31.294,-178.138,32.9,5.2
2023-12-07T20:03:38,18.27,-98.738,54.0,5.7
2023-12-08T00:41:01,-8.394,157.17,11.0,5.8
2023-12-08T02:44:56,-22.933,-175.94,24.7,5.0
2023-12-08T02:53:41,-20.329,-173.624,10.0,5.4
2023-12-08T03:25:49,9.509,126.494,15.3,5.1
2023-12-08T06:52:43,8.746,127.22,12.7,5.0
2023-12-08T06:59:55,-59.653,-26.213,49.4,5.2
2023-12-08T07:19:56,-20.376,169.444,48.5,5.6
2023-12-08T09:58:54,-20.278,-173.234,10.0,5.1
2023-12-08T10:32:39,8.79,126.861,49.3,5.2
2023-12-08T15:27:27,-6.522,153.254,10.0,5.5
2023-12-08T16:19:29,-20.995,169.164,10.0,5.2
2023-12-08T19:03:34,-20.435,168.842,15.3,5.2
2023-12-09T04:49:44,-45.76,-75.816,10.5,5.2
2023-12-09T08:04:20,56.536,-34.347,10.0,5.0
2023-12-09T09:39:42,56.628,-34.299,10.0,5.2
2023-12-09T10:56:17,56.616,-34.409,10.0,5.2
2023-12-09T12:58:39,56.6,-34.35,10.0,5.2
2023-12-09T14:27:22,18.878,-64.383,7.0,5.7
2023-12-09T17:08:10,56.58,-34.334,10.0,5.0
2023-12-09T18:34:36,56.705,-34.297,10.0,5.1
2023-12-09T19:44:47,1.806,126.378,54.7,5.0
2023-12-09T23:48:15,57.041,-34.354,10.0,5.0
2023-12-10T01:31:23,56.646,-34.29,11.4,5.2
2023-12-10T02:46:55,56.602,-34.484,10.0,5.1
2023-12-10T04:49:49,-3.638,140.634,61.0,5.1
2023-12-10T09:01:55,56.774,-34.394,10.0,5.2
2023-12-10T11:40:34,-14.269,-76.345,18.5,5.1
2023-12-10T11:52:50,-14.323,-76.436,14.0,5.7
2023-12-10T13:29:27,-24.012,-115.398,10.0,5.5
2023-12-10T14:11:37,18.821,146.099,95.0,5.6
2023-12-10T18:22:47,-63.57,-166.784,10.0,5.3
2023-12-10T19:52:10,-4.41,139.458,10.4,5.0
2023-12-10T22:52:56,8.737,127.268,10.0,5.1
2023-12-11T02:28:02,56.698,-34.502,10.0,5.3
2023-12-11T03:50:20,-7.946,127.593,57.1,5.0
2023-12-11T06:33:32,-18.814,-175.654,248.0,6.2
2023-12-11T10:16:39,-0.444,101.359,255.4,5.0
2023-12-11T13:39:42,-60.277,-33.039,10.0,5.7
2023-12-11T17:36:02,-6.924,150.072,10.0,5.0
2023-12-11T18:35:59,-24.085,-66.781,191.8,5.5
2023-12-11T23:43:16,8.506,127.106,10.0,5.0
2023-12-11T23:56:27,-60.396,-28.78,10.0,5.1
2023-12-12T00:37:29,-10.335,116.899,35.0,5.1
2023-12-12T00:39:20,-15.135,-173.254,10.0,5.0
2023-12-12T03:06:39,8.83,126.803,35.0,5.0
2023-12-12T04:00:16,-18.04,-175.304,265.0,5.8
2023-12-12T05:33:10,-15.17,-173.254,10.0,5.5
2023-12-12T07:44:59,-31.551,57.744,10.0,5.3
2023-12-12T12:54:04,-20.015,-173.37,11.0,5.7
2023-12-12T13:11:20,-6.27,150.822,10.0,5.1
2023-12-12T13:58:24,8.584,126.61,42.5,5.1
2023-12-13T03:04:18,-20.627,169.448,35.0,5.1
2023-12-13T03:55:49,-25.628,-116.154,10.0,5.4
2023-12-13T19:30:46,72.556,3.593,10.0,5.3
2023-12-13T20:20:10,72.585,3.586,10.0,5.5
2023-12-14T01:05:49,0.12,124.011,104.3,5.0
2023-12-14T06:52:04,17.193,-46.376,10.0,5.0
2023-12-14T09:29:44,-55.959,-122.819,10.0,5.6
2023-12-14T14:57:30,-24.07,-66.809,189.7,5.2
2023-12-14T16:21:26,14.268,-92.88,42.0,5.0
2023-12-14T16:57:39,-58.781,-25.247,35.3,5.2
2023-12-14T17:55:01,13.988,-91.376,78.2,5.4
2023-12-14T19:45:09,19.947,145.436,21.8,5.0
2023-12-15T22:23:42,-35.966,-17.009,10.0,5.9
2023-12-16T06:10:54,-24.269,179.218,539.2,5.3
2023-12-16T06:45:55,-0.327,98.849,51.2,5.0
2023-12-16T09:50:52,20.245,145.686,10.0,5.7
2023-12-16T10:17:55,20.095,145.589,10.0,5.0
2023-12-16T15:24:18,20.06,145.45,10.0,5.0
2023-12-17T07:37:57,-21.476,169.16,8.0,5.6
2023-12-17T14:27:35,-2.471,140.144,10.0,5.1
2023-12-18T10:18:52,33.184,76.84,10.0,5.1
2023-12-18T14:06:14,-16.252,-172.999,10.0,5.0
2023-12-18T15:59:30,35.739,102.815,12.0,5.9
2023-12-19T01:46:21,39.954,77.849,10.0,5.2
2023-12-19T02:42:29,-22.784,172.4,10.0,5.3
2023-12-19T06:57:01,-6.961,155.332,40.2,5.1
2023-12-19T11:53:51,-22.726,169.842,10.0,5.1
2023-12-19T19:47:40,-6.947,155.376,45.6,5.0
2023-12-19T22:36:03,2.701,128.275,173.8,5.2
2023-12-20T12:09:13,-56.153,-27.734,109.6,5.6
2023-12-20T12:11:21,-15.858,-72.521,93.0,6.2
2023-12-21T11:36:08,-8.502,-74.561,13.9,5.0
2023-12-21T14:04:11,35.243,141.014,10.0,5.2
2023-12-21T14:55:56,51.21,-175.331,20.0,6.1
2023-12-21T16:21:52,-21.9,-70.158,61.7,5.6
2023-12-21T20:45:23,35.204,140.942,13.2,5.0
2023-12-22T11:33:59,2.639,128.198,62.9,5.1
2023-12-22T17:36:32,-52.088,27.952,10.0,6.1
2023-12-22T18:30:13,19.539,-68.822,10.0,5.2
2023-12-22T22:57:26,-15.058,-173.566,39.1,5.4
2023-12-23T14:22:26,8.194,126.742,41.8,5.1
2023-12-23T15:31:02,53.92,168.832,23.5,5.0
2023-12-23T16:38:34,8.862,126.823,35.0,5.2
2023-12-23T17:48:05,51.953,158.955,41.9,5.8
2023-12-23T20:43:45,-20.391,168.954,10.0,5.2
2023-12-23T23:44:49,-20.41,-173.852,10.0,5.6
2023-12-24T01:59:39,-20.507,168.964,10.0,5.9
2023-12-24T02:00:32,-20.452,169.06,10.0,5.8
2023-12-24T02:20:44,8.293,127.04,57.0,5.3
2023-12-24T02:22:17,-22.702,-175.783,46.3,5.5
2023-12-24T03:02:06,8.535,126.523,51.1,5.1
2023-12-24T03:23:43,-38.075,-73.892,16.0,5.8
2023-12-24T03:32:48,-38.108,-73.976,10.0,5.1
2023-12-24T14:52:56,-20.822,-173.815,10.0,5.4
2023-12-24T17:32:47,-20.425,168.757,10.0,5.0
2023-12-24T18:42:43,52.85,160.889,25.7,5.0
2023-12-24T22:34:00,-55.818,-25.267,10.0,5.0
2023-12-25T04:49:01,33.149,137.785,336.2,5.0
2023-12-26T07:24:25,19.626,-68.8,9.0,5.3
2023-12-26T13:11:43,-5.271,145.306,87.2,5.1
2023-12-26T14:12:55,-56.386,-27.211,125.6,5.0
2023-12-27T05:09:19,57.004,108.721,10.0,5.3
2023-12-27T15:36:07,-53.128,-117.791,10.0,5.4
2023-12-27T15:40:37,56.434,-34.013,10.0,5.0
2023-12-27T18:52:44,-9.949,123.704,40.0,5.0
2023-12-27T21:33:18,-53.09,-118.113,10.0,5.8
2023-12-27T22:43:56,-7.777,107.953,72.2,5.1
2023-12-27T23:33:38,56.393,-34.163,10.0,5.1
2023-12-28T01:35:11,6.121,125.479,35.0,5.2
2023-12-28T09:12:59,-65.436,-179.688,10.0,5.8
2023-12-28T09:15:16,44.596,149.039,31.0,6.5
2023-12-28T09:37:26,44.463,149.071,42.2,5.0
2023-12-28T10:08:35,-61.09,-53.913,10.0,5.2
2023-12-28T15:48:33,8.559,126.5,51.9,5.0
2023-12-28T22:37:37,-12.919,66.452,10.0,5.3
2023-12-29T00:38:04,-7.188,68.021,10.0,5.1
2023-12-29T01:18:50,-7.113,67.98,9.9,5.7
2023-12-29T02:38:10,-7.101,67.943,10.0,5.2
2023-12-29T03:37:19,-7.011,155.012,10.0,5.2
2023-12-29T08:42:05,-7.231,68.064,10.0,5.0
2023-12-29T16:31:16,25.091,96.524,10.0,5.0
2023-12-29T19:03:54,-18.012,173.021,20.3,5.1
2023-12-30T02:42:25,-49.327,-116.175,10.0,5.8
2023-12-30T05:19:28,2.495,92.994,19.0,5.7
2023-12-30T06:16:37,-54.576,-23.271,10.0,5.3
2023-12-30T15:00:11,-11.52,166.415,155.6,5.0
2023-12-30T15:03:01,-6.413,154.958,73.5,5.3
2023-12-30T16:05:45,-14.753,-173.971,10.0,5.2
2023-12-30T17:16:23,-2.993,139.372,33.0,6.3
2023-12-31T03:45:56,-57.258,-25.469,35.9,5.1
2023-12-31T15:16:50,-52.234,13.484,10.0,5.3
